<Menus>
	<Defaults>
		<DynamicAnimations>
			<DynamicAnimation target="MenuRoot" from="MenuRootInPosition" to="MenuRootLeftPosition" forward="KingdomOnDisappearToLeft" backward="KingdomOnAppearFromLeft" duration="0.3" />
			<DynamicAnimation target="MenuRoot" from="MenuRootInPosition" to="MenuRootRightPosition" forward="KingdomOnDisappearToRight" backward="KingdomOnAppearFromRight" duration="0.3" />
		</DynamicAnimations>
	</Defaults>

  <Menu name="ProfileCard" sceneFilename="kingdom-views/scenes/profile_card_menu.xml" layoutFilename="kingdom-views/scenes/profile_card_menu_layout.xml">
    <TopBarSettings>
      <ShowLogo value="true"/>
      <LeftButton mode="gameLogo"/>
      <ShowBottomLine value="true"/>
    </TopBarSettings>
    <Components>
        <Scrollable sceneObject="Scrollable">
            <ScrollArea sceneObject="ScrollViewport" />
            <Threshold value="5" />
        </Scrollable>
    </Components>
  </Menu>
	
	<Menu name="StrongSettings" sceneFilename="kingdom-views/scenes/basic_settings.xml" layoutFilename="kingdom-views/scenes/basic_settings_layout.xml">
		<TopBarSettings>
			<ShowLogo value="true"/>
			<LeftButton mode="gameLogo"/>
			<ShowBottomLine value="false"/>
		</TopBarSettings>
		<Components>
			<Button sceneObject="ButtonEditProfile" />
			<Button sceneObject="ButtonAccountSettings" />
			<Button sceneObject="ButtonLogout" />
			<Button sceneObject="ButtonLogOutForSure" />
			<Button sceneObject="ButtonStayLoggedIn" />
			<AvatarBar sceneObject="AvatarBarContainer" />
			<Scrollable sceneObject="Scrollable">
				<ScrollArea sceneObject="ScrollViewport" />
				<Threshold value="5" />
			</Scrollable>
			<ScrollBar sceneObject="ScrollBarContainer">
				<Dragger sceneObject="ScrollBarDragger" />
			</ScrollBar>
		</Components>
	</Menu>
	
	<Menu name="JoinFlow" sceneFilename="kingdom-views/scenes/meta_graph_join.xml" layoutFilename="kingdom-views/scenes/meta_graph_join_layout.xml">
		<TopBarSettings>
			<ShowLogo value="true"/>
			<LeftButton mode="back"/>
		</TopBarSettings>
		<Components>
			<Button sceneObject="ButtonFacebook" />
			<Button sceneObject="ButtonEmail" />
			<Button sceneObject="WGoogleButtonFacebook" />
			<Button sceneObject="WGoogleButtonGoogle" />			
			<Button sceneObject="WGoogleButtonEmail" /> 
			<Button sceneObject="ButtonSignIn" />
			<Button sceneObject="ButtonViewTerms" />
			<Button sceneObject="OnboardingCarouselContainer" />
			<Scrollable sceneObject="Scrollable">
				<ScrollArea sceneObject="ScrollViewport" />
				<Threshold value="5" />
			</Scrollable>
			<ScrollBar sceneObject="ScrollBarContainer">
				<Dragger sceneObject="ScrollBarDragger" />
			</ScrollBar>
		</Components>
	</Menu>	
	
	<Menu name="EnterFlow" sceneFilename="kingdom-views/scenes/meta_graph_enter.xml" layoutFilename="kingdom-views/scenes/meta_graph_enter_layout.xml">
		<TopBarSettings>
			<ShowLogo value="true"/>
			<LeftButton mode="back"/>
		</TopBarSettings>
		<Components>
			<Button sceneObject="ButtonFacebook" />
			<Button sceneObject="WGoogleButtonGoogle" />			
			<Button sceneObject="ButtonEmail" />
			<Button sceneObject="ButtonSignUp" />
			<Button sceneObject="ButtonViewTerms" />
			<Scrollable sceneObject="Scrollable">
				<ScrollArea sceneObject="ScrollViewport" />
				<Threshold value="5" />
			</Scrollable>
			<ScrollBar sceneObject="ScrollBarContainer">
				<Dragger sceneObject="ScrollBarDragger" />
			</ScrollBar>
		</Components>
	</Menu>		
	
	<Menu name="SignUpFlow" sceneFilename="kingdom-views/scenes/dummy.xml" layoutFilename="kingdom-views/scenes/dummy_layout.xml">
		<TopBarSettings>
			<ShowLogo value="true"/>
			<LeftButton mode="back"/>
		</TopBarSettings>
		<Components>
			<Button sceneObject="ButtonContinue" />
		</Components>
	</Menu>			
	
	<Menu name="EditProfile" sceneFilename="kingdom-views/scenes/basic_edit_profile.xml" layoutFilename="kingdom-views/scenes/basic_edit_profile_layout.xml">
		<TopBarSettings>
			<ShowLogo value="true"/>
			<LeftButton mode="back"/>
		</TopBarSettings>
		<Components>
			<AvatarCarousel sceneObject="AvatarListContainer" />
			<Button sceneObject="ButtonSave" />
			<TextField sceneObject="UserInputContainer">
				<Placeholder key="kingdom_placeholder_choose_name" />
				<KeepFocus value="false" />
				<InputValidator type="socialUserNameValidator" max="32" />
				<AutoCapitalization type="word" />
				<MaxLength value="32" />
			</TextField>
			<Scrollable sceneObject="Scrollable">
				<ScrollArea sceneObject="ScrollViewport" />
				<Threshold value="5" />
			</Scrollable>
			<ScrollBar sceneObject="ScrollBarContainer">
				<Dragger sceneObject="ScrollBarDragger" />
			</ScrollBar>
		</Components>
		<DynamicAnimations>
			<DynamicAnimation target="Content" from="ContentPosition" to="ActivePosition" forward="KingdomOnShowKeyboard" backward="KingdomOnHideKeyboard" duration="0.3" />
		</DynamicAnimations>
	</Menu>

	<Menu name="MetaGraphEditProfile" sceneFilename="kingdom-views/scenes/meta_graph_edit_profile.xml" layoutFilename="kingdom-views/scenes/meta_graph_edit_profile_layout.xml">
		<TopBarSettings>
			<ShowLogo value="true"/>
			<LeftButton mode="back"/>
		</TopBarSettings>
		<Components>
			<AvatarCarousel sceneObject="AvatarListContainer"/>
			<Button sceneObject="ButtonSave"/>
			<TextField sceneObject="UserFirstNameInputContainer">
				<Placeholder key="kingdom_enter_first_name"/>
				<KeepFocus value="false"/>
				<InputValidator type="socialUserNameValidator" max="32" />
				<AutoCapitalization type="word"/>
				<MaxLength value="32"/>
			</TextField>
			<TextField sceneObject="UserLastNameInputContainer">
				<Placeholder key="kingdom_enter_last_name"/>
				<KeepFocus value="false"/>
				<InputValidator type="socialUserNameValidator" max="32" />
				<AutoCapitalization type="word"/>
				<MaxLength value="32"/>
			</TextField>
			<Scrollable sceneObject="Scrollable">
				<ScrollArea sceneObject="ScrollViewport"/>
				<Threshold value="5"/>
			</Scrollable>
			<ScrollBar sceneObject="ScrollBarContainer">
				<Dragger sceneObject="ScrollBarDragger"/>
			</ScrollBar>
		</Components>
		<DynamicAnimations>
			<DynamicAnimation target="Content" from="ContentPosition" to="ActivePosition" forward="KingdomOnShowKeyboard" backward="KingdomOnHideKeyboard" duration="0.3"/>
		</DynamicAnimations>
	</Menu>

	<Menu name="EditAccount" sceneFilename="kingdom-views/scenes/edit_account.xml" layoutFilename="kingdom-views/scenes/edit_account_layout.xml">
		<TopBarSettings>
			<ShowLogo value="false"/>
			<TitleKey key="kingdom_settings"/>
			<LeftButton mode="back"/>
		</TopBarSettings>
		<Components>
			<Button sceneObject="ButtonSaveEmail"/>
			<Button sceneObject="ButtonSavePassword"/>
			<TextField sceneObject="EmailInput">
				<Placeholder key="kingdom_placeholder_enter_email" />
				<KeepFocus value="false" />
				<InputValidator type="emailValidator" />
				<AutoCapitalization type="none" />
				<MaxLength value="128" />
				<KeyboardType type="emailAddress" />
			</TextField>
			<TextField sceneObject="PasswordInput">
				<Placeholder key="kingdom_placeholder_enter_password" />
				<KeepFocus value="false" />
				<InputValidator type="passwordValidator" />
				<AutoCapitalization type="none" />
				<DeleteTextOnFocus value="true" />
			</TextField>
			<Scrollable sceneObject="Scrollable">
				<ScrollArea sceneObject="ScrollViewport" />
				<Threshold value="5" />
			</Scrollable>
			<ScrollBar sceneObject="ScrollBarContainer">
				<Dragger sceneObject="ScrollBarDragger" />
			</ScrollBar>
		</Components>
		<DynamicAnimations>
			<DynamicAnimation target="ChangeEmailContent" from="ChangeEmailContentPosition" to="ActivePosition" forward="KingdomMoveUpEmail" backward="KingdomMoveDownEmail" duration="0.3" />
			<DynamicAnimation target="ChangePasswordContent" from="ChangePasswordContentPosition" to="ActivePosition" forward="KingdomMoveUpPassword" backward="KingdomMoveDownPassword" duration="0.3" />
		</DynamicAnimations>
	</Menu>
	
	<Menu name="PasswordPrompt" sceneFilename="kingdom-views/scenes/password_prompt.xml" layoutFilename="kingdom-views/scenes/password_prompt_layout.xml">
		<TopBarSettings>
			<ShowLogo value="false"/>
			<TitleKey key="kingdom_settings"/>
			<LeftButton mode="back"/>
		</TopBarSettings>
		<Components>
			<Button sceneObject="ButtonSignIn" />
			<Button sceneObject="ButtonForgotPassword" />
			<TextField sceneObject="PasswordInput">
				<Placeholder key="kingdom_placeholder_enter_password" />
				<KeepFocus value="false" />
				<AutoCapitalization type="none" />
				<InputValidator type="passwordValidator" />
				<DeleteTextOnFocus value="true"/>
			</TextField>
			<Scrollable sceneObject="Scrollable">
				<ScrollArea sceneObject="ScrollViewport" />
				<Threshold value="5" />
			</Scrollable>
			<ScrollBar sceneObject="ScrollBarContainer">
				<Dragger sceneObject="ScrollBarDragger" />
			</ScrollBar>
		</Components>
		<DynamicAnimations>
			<DynamicAnimation target="PasswordPromptMenu" from="PasswordPromptMenuNormalPosition" to="PasswordPromptMenuActivePosition" forward="KingdomOnShowKeyboard" backward="KingdomOnHideKeyboard" duration="0.3" />
		</DynamicAnimations>
	</Menu>

	<!-- Used to register strong account. -->
	<Menu name="ChoosePassword" sceneFilename="kingdom-views/scenes/basic_choose_password.xml" layoutFilename="kingdom-views/scenes/basic_choose_password_layout.xml">
		<TopBarSettings>
			<ShowLogo value="true"/>
			<LeftButton mode="back"/>
		</TopBarSettings>
		<Components>
			<Button sceneObject="ButtonFinish" />
			<Button sceneObject="ButtonViewTerms" />
			<TextField sceneObject="PasswordInput">
				<Placeholder key="kingdom_choose_password_placeholder" />
				<KeepFocus value="false" />
				<AutoCapitalization type="none" />
				<InputValidator type="passwordValidator" />
			</TextField>
			<Scrollable sceneObject="Scrollable">
				<ScrollArea sceneObject="ScrollViewport" />
				<Threshold value="5" />
			</Scrollable>
			<ScrollBar sceneObject="ScrollBarContainer">
				<Dragger sceneObject="ScrollBarDragger" />
			</ScrollBar>
		</Components>
		<DynamicAnimations>
			<DynamicAnimation target="InputMover" from="MoverOrgPosition" to="MoverChoosePasswordPosition" forward="KingdomOnEnterPassword" backward="KingdomOnStopEnterPassword" duration="0.3" />
		</DynamicAnimations>
	</Menu>

	<Menu name="JoinKingdom" sceneFilename="kingdom-views/scenes/basic_join.xml" layoutFilename="kingdom-views/scenes/basic_join_layout.xml">
		<TopBarSettings>
			<ShowLogo value="true"/>
			<LeftButton mode="cancel"/>
		</TopBarSettings>
		<Components>
			<AvatarCarousel sceneObject="AvatarList" />
			<Button sceneObject="ButtonSave" />
			<Button sceneObject="ButtonLogin" />
			<TextField sceneObject="UsernameInput">
				<Placeholder key="kingdom_placeholder_choose_nickname" />
				<InputValidator type="socialUserNameValidator" max="32" />
				<AutoCapitalization type="word" />
				<MaxLength value="32"/>
			</TextField>
			<Scrollable sceneObject="Scrollable">
				<ScrollArea sceneObject="ScrollViewport" />
				<Threshold value="5" />
			</Scrollable>
			<ScrollBar sceneObject="ScrollBarContainer">
				<Dragger sceneObject="ScrollBarDragger" />
			</ScrollBar>
		</Components>
		<DynamicAnimations>
			<DynamicAnimation target="Scrollable" from="KeyboardAnimBottom" to="KeyboardAnimTop" forward="KingdomOnShowKeyboard" backward="KingdomOnHideKeyboard" duration="0.3" />
		</DynamicAnimations>
	</Menu>

	<Menu name="Welcome" sceneFilename="kingdom-views/scenes/basic_welcome.xml" layoutFilename="kingdom-views/scenes/basic_welcome_layout.xml">
		<TopBarSettings>
			<ShowBottomLine value="false"/>
			<ShowLogo value="true"/>
		</TopBarSettings>
		<Components>
			<AvatarBar sceneObject="AvatarBarContainer">
				<WelcomeMode value="true" />
			</AvatarBar>
			<Button sceneObject="ButtonSave" />
			<TextField sceneObject="EmailInput">
				<Placeholder key="kingdom_placeholder_enter_email" />
				<InputValidator type="emailValidator" />
				<AutoCapitalization type="none" />
				<MaxLength value="128"/>
				<KeyboardType type="emailAddress" />
			</TextField>
			<Button sceneObject="SkipButton"/>
			<Scrollable sceneObject="Scrollable">
				<ScrollArea sceneObject="ScrollViewport"/>
				<Threshold value="5" />
			</Scrollable>
			<ScrollBar sceneObject="ScrollBarContainer">
				<Dragger sceneObject="ScrollBarDragger"/>
			</ScrollBar>
		</Components>
		<DynamicAnimations>
			<DynamicAnimation target="Scrollable" from="AvatarBarContainerBottom" to="AvatarBarContainerTop" forward="KingdomOnShowKeyboard" backward="KingdomOnHideKeyboard" duration="0.3" />
		</DynamicAnimations>
	</Menu>
	
	<Menu name="AllDone" sceneFilename="kingdom-views/scenes/basic_all_done.xml" layoutFilename="kingdom-views/scenes/basic_all_done_layout.xml">
		<TopBarSettings>
			<ShowBottomLine value="false"/>
			<ShowLogo value="true"/>
			<LeftButton mode="hide"/>
		</TopBarSettings>
		<Components>
			<AvatarBar sceneObject="AvatarBarContainer" />
			<Button sceneObject="ButtonBackToGame" />
			<Scrollable sceneObject="Scrollable">
				<ScrollArea sceneObject="ScrollViewport" />
				<Threshold value="5" />
			</Scrollable>
			<ScrollBar sceneObject="ScrollBarContainer">
				<Dragger sceneObject="ScrollBarDragger" />
			</ScrollBar>
		</Components>
	</Menu>

	<Menu name="MetaGraphSignupComplete" sceneFilename="kingdom-views/scenes/meta_graph_signup_complete.xml" layoutFilename="kingdom-views/scenes/meta_graph_signup_complete_layout.xml">
		<TopBarSettings>
			<ShowBottomLine value="false"/>
			<ShowLogo value="true"/>
			<LeftButton mode="hide"/>
		</TopBarSettings>
		<Components>
 			<Button sceneObject="ButtonBackToGame" />
 			<Button sceneObject="FbFindFriends" />
			<Scrollable sceneObject="Scrollable">
				<ScrollArea sceneObject="ScrollViewport" />
				<Threshold value="5" />
			</Scrollable>
			<ScrollBar sceneObject="ScrollBarContainer">
				<Dragger sceneObject="ScrollBarDragger" />
			</ScrollBar>
		</Components>
	</Menu>

	<Menu name="WeakAccount" sceneFilename="kingdom-views/scenes/basic_weak_account.xml" layoutFilename="kingdom-views/scenes/basic_weak_account_layout.xml">
		<TopBarSettings>
			<ShowBottomLine value="false"/>
			<ShowLogo value="true"/>
			<LeftButton mode="hide"/>
		</TopBarSettings>
		<Components>
			<Button sceneObject="ButtonContinue" />
			<Button sceneObject="ButtonEditProfile" />
			<ScrollBar sceneObject="ScrollBarContainer">
				<Dragger sceneObject="ScrollBarDragger" />
			</ScrollBar>
			<Scrollable sceneObject="Scrollable">
				<ScrollArea sceneObject="ScrollViewport" />
				<Threshold value="5" />
			</Scrollable>
			<AvatarBar sceneObject="AvatarBarContainer">
				<OverrideEmail key="kingdom_no_email_entered" />
			</AvatarBar>
			<TextField sceneObject="EmailInput">
				<Placeholder key="kingdom_placeholder_enter_email" />
				<InputValidator type="emailValidator" />
				<AutoCapitalization type="none" />
				<MaxLength value="128"/>
				<KeyboardType type="emailAddress" />
			</TextField>
		</Components>
		<DynamicAnimations>
			<DynamicAnimation target="Scrollable" from="WeakKeyboardAnimBottom" to="WeakKeyboardAnimTop" forward="KingdomOnShowKeyboard" backward="KingdomOnHideKeyboard" duration="0.3" />
		</DynamicAnimations>
	</Menu>
	
	<Menu name="ExistingEmail" sceneFilename="kingdom-views/scenes/basic_existing_email.xml" layoutFilename="kingdom-views/scenes/basic_existing_email_layout.xml">
		<TopBarSettings>
			<ShowBottomLine value="true"/>
			<ShowLogo value="true"/>
			<LeftButton mode="back"/>
		</TopBarSettings>
		<Components>
			<Button sceneObject="ButtonSignIn" />
			<Button sceneObject="ButtonForgotPassword" />
			<UserInfo sceneObject="UserInfoContainer" />
			<TextField sceneObject="PasswordInput">
				<InputValidator type="passwordValidator" />
				<DeleteTextOnFocus value="true" />
				<Placeholder key="kingdom_placeholder_enter_password" />
			</TextField>
			<Scrollable sceneObject="Scrollable">
				<ScrollArea sceneObject="ScrollViewport" />
				<Threshold value="5" />
			</Scrollable>
			<ScrollBar sceneObject="ScrollBarContainer">
				<Dragger sceneObject="ScrollBarDragger" />
			</ScrollBar>
		</Components>
		<DynamicAnimations>
			<DynamicAnimation target="Mover" from="MoverNormalPosition" to="MoverEnteringPasswordPosition" forward="KingdomOnEnterPassword" backward="KingdomOnStopEnterPassword" duration="0.3" />
		</DynamicAnimations>
	</Menu>
	
	<Menu name="LoginPromptEmail" sceneFilename="kingdom-views/scenes/basic_login_prompt_email.xml" layoutFilename="kingdom-views/scenes/basic_login_prompt_email_layout.xml">
		<TopBarSettings>
			<ShowLogo value="true"/>
			<LeftButton mode="back"/>
		</TopBarSettings>
		<Components>
			<Button sceneObject="ButtonContinue" />
			<TextField sceneObject="EmailInput">
				<Placeholder key="kingdom_placeholder_enter_email" />
				<KeepFocus value="false" />
				<AutoCapitalization type="none" />
				<InputValidator type="emailValidator" />
				<MaxLength value="128"/>
				<KeyboardType type="emailAddress" />
			</TextField>
			<Scrollable sceneObject="Scrollable">
				<ScrollArea sceneObject="ScrollViewport" />
				<Threshold value="5" />
			</Scrollable>
			<ScrollBar sceneObject="ScrollBarContainer">
				<Dragger sceneObject="ScrollBarDragger" />
			</ScrollBar>
		</Components>
		<DynamicAnimations>
			<DynamicAnimation target="LoginMenuPromptEmail" from="LoginMenuNormalPosition" to="LoginMenuActivePosition" forward="KingdomOnLoginEmailSlideUp" backward="KingdomOnLoginEmailSlideDown" duration="0.3" />
		</DynamicAnimations>
	</Menu>

	<Menu name="MetaGraphSignIn" sceneFilename="kingdom-views/scenes/meta_graph_signin.xml" layoutFilename="kingdom-views/scenes/meta_graph_signin_layout.xml">
		<TopBarSettings>
			<ShowLogo value="true"/>
			<LeftButton mode="back"/>
		</TopBarSettings>
		<Components>
			<Button sceneObject="ButtonSignIn" />
			<Button sceneObject="ButtonFacebook" />
			<Button sceneObject="WGoogleButtonGoogle" />
			<Button sceneObject="ButtonForgotPassword"/>
			<TextField sceneObject="EmailInput">
				<Placeholder key="kingdom_placeholder_enter_email" />
				<KeepFocus value="false" />
				<AutoCapitalization type="none" />
				<InputValidator type="emailValidator" />
				<MaxLength value="128"/>
				<KeyboardType type="emailAddress" />
			</TextField>
			<TextField sceneObject="PasswordInput">
				<Placeholder key="kingdom_placeholder_enter_password" />
				<KeepFocus value="false" />
				<AutoCapitalization type="none" />
				<InputValidator type="passwordValidator" />
				<DeleteTextOnFocus value="true" />
			</TextField>
			<Scrollable sceneObject="Scrollable">
				<ScrollArea sceneObject="ScrollViewport" />
				<Threshold value="5" />
			</Scrollable>
			<ScrollBar sceneObject="ScrollBarContainer">
				<Dragger sceneObject="ScrollBarDragger" />
			</ScrollBar>
		</Components>
		<DynamicAnimations>
			<DynamicAnimation target="Content" from="ContentPosition" to="ActivePosition" forward="KingdomOnShowKeyboard" backward="KingdomOnHideKeyboard" duration="0.3"/>
		</DynamicAnimations>
	</Menu>
	
	<Menu name="LoginPromptPassword" sceneFilename="kingdom-views/scenes/basic_login_prompt_password.xml" layoutFilename="kingdom-views/scenes/basic_login_prompt_password_layout.xml">
		<TopBarSettings>
			<ShowLogo value="true"/>
			<LeftButton mode="back"/>
		</TopBarSettings>
		<Components>
			<UserInfo sceneObject="UserInfoContainer" />
			<Button sceneObject="ButtonLogin" />
			<Button sceneObject="ButtonForgotPassword"/>
			<TextField sceneObject="PasswordInput">
				<Placeholder key="kingdom_placeholder_enter_password" />
				<KeepFocus value="false" />
				<AutoCapitalization type="none" />
				<InputValidator type="passwordValidator" />
				<DeleteTextOnFocus value="true" />
			</TextField>
			<Scrollable sceneObject="Scrollable">
				<ScrollArea sceneObject="ScrollViewport" />
				<Threshold value="5" />
			</Scrollable>
			<ScrollBar sceneObject="ScrollBarContainer">
				<Dragger sceneObject="ScrollBarDragger" />
			</ScrollBar>
		</Components>
		<DynamicAnimations>
			<DynamicAnimation target="LoginMenuPromptPassword" from="LoginMenuPromptPasswordNormalPosition" to="LoginMenuPromptPasswordActivePosition" forward="KingdomOnLoginPasswordSlideUp" backward="KingdomOnLoginPasswordSlideDown" duration="0.3" />
		</DynamicAnimations>
	</Menu>
	
	<Menu name="LoginAllDone" sceneFilename="kingdom-views/scenes/basic_login_all_done.xml" layoutFilename="kingdom-views/scenes/basic_login_all_done_layout.xml">
		<TopBarSettings>
			<ShowBottomLine value="false"/>
			<ShowLogo value="true"/>
			<LeftButton mode="hide"/>
		</TopBarSettings>
		<Components>
			<AvatarBar sceneObject="AvatarBarContainer" />
			<Button sceneObject="ButtonBackToGame" />
			<Scrollable sceneObject="Scrollable">
				<ScrollArea sceneObject="ScrollViewport" />
				<Threshold value="5" />
			</Scrollable>
			<ScrollBar sceneObject="ScrollBarContainer">
				<Dragger sceneObject="ScrollBarDragger" />
			</ScrollBar>
		</Components>
	</Menu>
	
	<Menu name="MailCall" sceneFilename="kingdom-views/scenes/basic_mail_call.xml" layoutFilename="kingdom-views/scenes/basic_mail_call_layout.xml">
		<TopBarSettings>
			<ShowBottomLine value="true"/>
			<ShowLogo value="true"/>
			<LeftButton mode="back"/>
		</TopBarSettings>
		<Components>
			<Button sceneObject="ButtonBack" />
			<Scrollable sceneObject="Scrollable">
				<ScrollArea sceneObject="ScrollViewport" />
				<Threshold value="5" />
			</Scrollable>
			<ScrollBar sceneObject="ScrollBarContainer">
				<Dragger sceneObject="ScrollBarDragger" />
			</ScrollBar>
		</Components>
	</Menu>

	<Menu name="MergePasswordPrompt" sceneFilename="kingdom-views/scenes/basic_merge_password.xml" layoutFilename="kingdom-views/scenes/basic_merge_password_layout.xml">
		<TopBarSettings>
			<ShowBottomLine value="true"/>
			<ShowLogo value="true"/>
			<LeftButton mode="cancel"/>
		</TopBarSettings>
		<Components>
			<TextField sceneObject="PasswordInput">
				<Placeholder key="kingdom_placeholder_enter_password" />
				<KeepFocus value="false" />
				<InputValidator type="passwordValidator" />
				<AutoCapitalization type="none" />
				<DeleteTextOnFocus value="true" />
			</TextField>
			<Button sceneObject="ButtonMerge"/>
			<Button sceneObject="ButtonForgotPassword"/>
			<Scrollable sceneObject="Scrollable">
				<ScrollArea sceneObject="ScrollViewport" />
				<Threshold value="5" />
			</Scrollable>
			<ScrollBar sceneObject="ScrollBarContainer">
				<Dragger sceneObject="ScrollBarDragger" />
			</ScrollBar>
		</Components>
	</Menu>

	<Menu name="MetaGraphSignUp" sceneFilename="kingdom-views/scenes/meta_graph_signup.xml" layoutFilename="kingdom-views/scenes/meta_graph_signup_layout.xml">
		<TopBarSettings>
			<ShowBottomLine value="true"/>
			<ShowLogo value="true"/>
			<LeftButton mode="cancel"/>
		</TopBarSettings>
		<Components>
			<TextField sceneObject="EmailInput">
				<Placeholder key="kingdom_placeholder_enter_email" />
				<KeepFocus value="false" />
				<InputValidator type="emailValidator" />
				<AutoCapitalization type="none" />
				<MaxLength value="128" />
				<KeyboardType type="emailAddress" />
				<ValidSceneObject name="CheckIcon"/>
				<InvalidSceneObject name="RedXIcon"/>
			</TextField>
			<TextField sceneObject="PasswordInput">
				<Placeholder key="kingdom_choose_password_placeholder" />
				<KeepFocus value="false" />
				<InputValidator type="passwordValidator" />
				<AutoCapitalization type="none" />
				<DeleteTextOnFocus value="true" />
				<ValidSceneObject name="CheckIcon"/>
				<InvalidSceneObject name="RedXIcon"/>
			</TextField>
			<TextField sceneObject="FirstNameInput">
				<Placeholder key="kingdom_enter_first_name" />
				<InputValidator type="socialUserNameValidator" max="32" />
				<AutoCapitalization type="word" />
				<MaxLength value="32"/>
				<ValidSceneObject name="CheckIcon"/>
				<InvalidSceneObject name="RedXIcon"/>
			</TextField>
			<TextField sceneObject="LastNameInput">
				<Placeholder key="kingdom_enter_last_name" />
				<InputValidator type="socialUserNameValidator" max="32" />
				<AutoCapitalization type="word" />
				<MaxLength value="32"/>
				<ValidSceneObject name="CheckIcon"/>
				<InvalidSceneObject name="RedXIcon"/>
			</TextField>
			<Button sceneObject="ButtonContinue"/>
			<Scrollable sceneObject="Scrollable">
				<ScrollArea sceneObject="ScrollViewport" />
				<Threshold value="5" />
			</Scrollable>
			<ScrollBar sceneObject="ScrollBarContainer">
				<Dragger sceneObject="ScrollBarDragger" />
			</ScrollBar>
		</Components>
		<!--Do all the dynamic animation in code (CMetaGraphSignUpFlow)-->
	</Menu>

	<Menu name="ForgotPassword" sceneFilename="kingdom-views/scenes/meta_graph_forgot_password.xml" layoutFilename="kingdom-views/scenes/meta_graph_forgot_password_layout.xml">
		<TopBarSettings>
			<ShowBottomLine value="true"/>
			<ShowLogo value="true"/>
			<LeftButton mode="back"/>
		</TopBarSettings>
		<Components>
			<TextField sceneObject="EmailInput">
				<Placeholder key="kingdom_placeholder_enter_email" />
				<KeepFocus value="false" />
				<InputValidator type="emailValidator" />
				<AutoCapitalization type="none" />
				<MaxLength value="128" />
				<KeyboardType type="emailAddress" />
			</TextField>
			<Button sceneObject="ButtonEmail" />
			<Scrollable sceneObject="Scrollable">
				<ScrollArea sceneObject="ScrollViewport" />
				<Threshold value="5" />
			</Scrollable>
			<ScrollBar sceneObject="ScrollBarContainer">
				<Dragger sceneObject="ScrollBarDragger" />
			</ScrollBar>
		</Components>
		<DynamicAnimations>
			<DynamicAnimation target="Content" from="ContentPosition" to="ActivePosition" forward="KingdomOnShowKeyboard" backward="KingdomOnHideKeyboard" duration="0.3" />
		</DynamicAnimations>
	</Menu>

</Menus>

