<Transitions>
	<Transition oldAnim="KingdomOnDisappearToLeft" newAnim="KingdomOnAppearFromRight">
		<MenuPair oldMenu="StrongSettings" newMenu="EditProfile"/>
		<MenuPair oldMenu="StrongSettings" newMenu="PasswordPrompt"/>
		<MenuPair oldMenu="StrongSettings" newMenu="LoginPromptPassword"/>
		<MenuPair oldMenu="StrongSettings" newMenu="MetaGraphEditProfile"/>
		<MenuPair oldMenu="PasswordPrompt" newMenu="EditAccount"/>
		<MenuPair oldMenu="PasswordPrompt" newMenu="MailCall"/>
		<MenuPair oldMenu="PasswordPrompt" newMenu="ForgotPassword"/>
		<MenuPair oldMenu="JoinKingdom" newMenu="Welcome"/>
		<MenuPair oldMenu="JoinKingdom" newMenu="LoginPromptPassword" />
		<MenuPair oldMenu="WeakAccount" newMenu="EditProfile"/>
		<MenuPair oldMenu="WeakAccount" newMenu="ChoosePassword"/>
		<MenuPair oldMenu="Welcome" newMenu="ChoosePassword"/>
		<MenuPair oldMenu="ChoosePassword" newMenu="AllDone"/>
		<MenuPair oldMenu="ChoosePassword" newMenu="ExistingEmail"/>
		<MenuPair oldMenu="JoinKingdom" newMenu="LoginPromptEmail"/>
		<MenuPair oldMenu="LoginPromptEmail" newMenu="LoginPromptPassword"/>
		<MenuPair oldMenu="WeakAccount" newMenu="ExistingEmail"/>
		<MenuPair oldMenu="Welcome" newMenu="ExistingEmail"/>
		<MenuPair oldMenu="ExistingEmail" newMenu="MergePasswordPrompt"/>
		<MenuPair oldMenu="ExistingEmail" newMenu="LoginPromptPassword"/>
		<MenuPair oldMenu="ExistingEmail" newMenu="MailCall"/>
		<MenuPair oldMenu="ExistingEmail" newMenu="LoginAllDone"/>
		<MenuPair oldMenu="MergePasswordPrompt" newMenu="MergeDone"/>
		<MenuPair oldMenu="MergePasswordPrompt" newMenu="MailCall"/>
		<MenuPair oldMenu="LoginPromptPassword" newMenu="LoginAllDone"/>
		<MenuPair oldMenu="LoginPromptPassword" newMenu="MailCall"/>
		<MenuPair oldMenu="LoginAllDone" newMenu="StrongSettings"/> <!-- when user closes during login before it's finished -->
		<MenuPair oldMenu="JoinFlow" newMenu="SignUpFlow"/>
		<MenuPair oldMenu="JoinFlow" newMenu="MetaGraphSignUp"/>
		<MenuPair oldMenu="SignUpFlow" newMenu="MetaGraphSignIn"/>
		<MenuPair oldMenu="MetaGraphSignUp" newMenu="AllDone"/>
		<MenuPair oldMenu="JoinFlow" newMenu="EnterFlow"/>
		<MenuPair oldMenu="JoinFlow" newMenu="MetaGraphSignIn"/>
		<MenuPair oldMenu="EnterFlow" newMenu="SignUpFlow"/>
		<MenuPair oldMenu="EnterFlow" newMenu="MetaGraphSignIn"/>
		<MenuPair oldMenu="SignUpFlow" newMenu="MetaGraphSignIn"/>
		<MenuPair oldMenu="MetaGraphSignIn" newMenu="MetaGraphSignupComplete"/>
		<MenuPair oldMenu="MetaGraphSignIn" newMenu="ForgotPassword"/>
		<MenuPair oldMenu="EnterFlow" newMenu="MetaGraphSignUp"/>
  </Transition>
	<Transition oldAnim="KingdomOnDisappearToRight" newAnim="KingdomOnAppearFromLeft">
		<MenuPair oldMenu="MetaGraphEditProfile" newMenu="StrongSettings"/>
		<MenuPair oldMenu="MetaGraphSignUp" newMenu="JoinFlow"/>
		<MenuPair oldMenu="EditProfile" newMenu="StrongSettings"/>
		<MenuPair oldMenu="PasswordPrompt" newMenu="StrongSettings"/>
		<MenuPair oldMenu="EditAccount" newMenu="PasswordPrompt"/>
		<MenuPair oldMenu="EditAccount" newMenu="StrongSettings"/>
		<MenuPair oldMenu="EditProfile" newMenu="WeakAccount"/>
		<MenuPair oldMenu="ChoosePassword" newMenu="WeakAccount"/>
		<MenuPair oldMenu="ChoosePassword" newMenu="Welcome"/>
		<MenuPair oldMenu="ExistingEmail" newMenu="ChoosePassword"/>
		<MenuPair oldMenu="ExistingEmail" newMenu="WeakAccount"/>
		<MenuPair oldMenu="ExistingEmail" newMenu="Welcome"/>
		<MenuPair oldMenu="MailCall" newMenu="PasswordPrompt"/>
		<MenuPair oldMenu="MergePasswordPrompt" newMenu="ExistingEmail"/>
		<MenuPair oldMenu="MergeDone" newMenu="ExistingEmail"/>
		<MenuPair oldMenu="MailCall" newMenu="LoginPromptEmail"/>
		<MenuPair oldMenu="MailCall" newMenu="MergePasswordPrompt"/>
		<MenuPair oldMenu="MailCall" newMenu="ExistingEmail"/>
		<MenuPair oldMenu="MailCall" newMenu="LoginPromptPassword"/>
		<MenuPair oldMenu="LoginPromptEmail" newMenu="JoinKingdom"/>
		<MenuPair oldMenu="LoginPromptPassword" newMenu="LoginPromptEmail"/>
		<MenuPair oldMenu="LoginPromptPassword" newMenu="WeakAccount"/>
		<MenuPair oldMenu="LoginPromptPassword" newMenu="ExistingEmail"/>
		<MenuPair oldMenu="LoginPromptPassword" newMenu="JoinKingdom"/>
		<MenuPair oldMenu="LoginPromptPassword" newMenu="StrongSettings"/>		
		<MenuPair oldMenu="StrongSettings" newMenu="JoinKingdom"/>
		<MenuPair oldMenu="StrongSettings" newMenu="EnterFlow"/>
		<MenuPair oldMenu="StrongSettings" newMenu="JoinFlow"/>
		<MenuPair oldMenu="SignUpFlow" newMenu="EnterFlow"/>
		<MenuPair oldMenu="EnterFlow" newMenu="JoinFlow"/>
		<MenuPair oldMenu="MetaGraphSignUp" newMenu="EnterFlow"/>
		<MenuPair oldMenu="MetaGraphSignUp" newMenu="MetaGraphSignupComplete"/>
		<MenuPair oldMenu="MetaGraphSignIn" newMenu="SignUpFlow"/>
		<MenuPair oldMenu="MetaGraphSignIn" newMenu="JoinFlow"/>
		<MenuPair oldMenu="MetaGraphSignIn" newMenu="EnterFlow"/>
		<MenuPair oldMenu="ForgotPassword" newMenu="MetaGraphSignIn"/>
		<MenuPair oldMenu="ForgotPassword" newMenu="PasswordPrompt"/>
	</Transition>
  <Transition oldAnim="" newAnim="">
    <MenuPair oldMenu="AllDone" newMenu="ProfileCard"/>
    <MenuPair oldMenu="ChoosePassword" newMenu="ProfileCard"/>
    <MenuPair oldMenu="EditAccount" newMenu="ProfileCard"/>
    <MenuPair oldMenu="EditProfile" newMenu="ProfileCard"/>
    <MenuPair oldMenu="ExistingEmail" newMenu="ProfileCard"/>
    <MenuPair oldMenu="JoinKingdom" newMenu="ProfileCard"/>
    <MenuPair oldMenu="LoginAllDone" newMenu="ProfileCard"/>
    <MenuPair oldMenu="LoginPromptEmail" newMenu="ProfileCard"/>
    <MenuPair oldMenu="LoginPromptPassword" newMenu="ProfileCard"/>
    <MenuPair oldMenu="MailCall" newMenu="ProfileCard"/>
    <MenuPair oldMenu="MergePasswordPrompt" newMenu="ProfileCard"/>
    <MenuPair oldMenu="PasswordPrompt" newMenu="ProfileCard"/>
    <MenuPair oldMenu="ProfileCard" newMenu="ProfileCard"/>
    <MenuPair oldMenu="StrongSettings" newMenu="ProfileCard"/>
    <MenuPair oldMenu="WeakAccount" newMenu="ProfileCard"/>
    <MenuPair oldMenu="Welcome" newMenu="ProfileCard"/>
	<MenuPair oldMenu="JoinFlow" newMenu="ProfileCard"/>
    
	<MenuPair oldMenu="ProfileCard" newMenu="JoinFlow"/>	
	<MenuPair oldMenu="ProfileCard" newMenu="AllDone" />
    <MenuPair oldMenu="ProfileCard" newMenu="ChoosePassword" />
    <MenuPair oldMenu="ProfileCard" newMenu="EditAccount" />
    <MenuPair oldMenu="ProfileCard" newMenu="EditProfile" />
    <MenuPair oldMenu="ProfileCard" newMenu="ExistingEmail" />
    <MenuPair oldMenu="ProfileCard" newMenu="JoinKingdom" />
    <MenuPair oldMenu="ProfileCard" newMenu="LoginAllDone" />
    <MenuPair oldMenu="ProfileCard" newMenu="LoginPromptEmail" />
    <MenuPair oldMenu="ProfileCard" newMenu="LoginPromptPassword"/>
    <MenuPair oldMenu="ProfileCard" newMenu="MailCall" />
    <MenuPair oldMenu="ProfileCard" newMenu="MergePasswordPrompt"/>
    <MenuPair oldMenu="ProfileCard" newMenu="PasswordPrompt" />
    <MenuPair oldMenu="ProfileCard" newMenu="ProfileCard" />
    <MenuPair oldMenu="ProfileCard" newMenu="StrongSettings" />
    <MenuPair oldMenu="ProfileCard" newMenu="WeakAccount" />
    <MenuPair oldMenu="ProfileCard" newMenu="Welcome" />
  </Transition>
</Transitions>

