
<Scene>
	<SceneObject name="InGameMenu">
		<Translation z="306"/>
		<SceneObject>
			<SceneObject name="MenuButtonGroup">
				<SceneObject class="Button" name="MainButton">
					<Animation animationData="Idle" layer="1" name="Idle" speed="1"/>
					<Animation animationData="OnPressOptionsMenuButton" loopCount="0" name="OnPress"/>
					<Animation animationData="OnReleaseOptionsMenuButton" loopCount="0" name="OnRelease"/>
					<Animation animationData="OnAppearGrow" loopCount="0" name="OnAppear" startDelay="0.2"/>
					<Animation animationData="OnDisappearScale" loopCount="0" name="OnDisappear"/>
					<SceneObject name="MainButtonOn">
						<Sprite filename="shared/diorama/common/tex/gui_elements/btn_green.png" vertexColors="true">
							<Pivot anchor="center"/>
						</Sprite>
						<SceneObject name="MainButtonOnIcon">
							<Sprite filename="shared/diorama/common/tex/gui_elements/icon_settings_active.png" vertexColors="true">
								<Pivot anchor="center" x="1" y="2"/>
							</Sprite>
						</SceneObject>
					</SceneObject>
					<SceneObject name="MainButtonOff">
						<Sprite filename="shared/diorama/common/tex/gui_elements/btn_blue.png" vertexColors="true">
							<Pivot anchor="center"/>
						</Sprite>
						<SceneObject name="MainButtonOffIcon">
							<Sprite filename="shared/diorama/common/tex/gui_elements/icon_settings_inactive.png" vertexColors="true">
								<Pivot anchor="center" x="1" y="2"/>
							</Sprite>
						</SceneObject>
					</SceneObject>
				</SceneObject>
				<SceneObject name="Background">
					<Translation z="-1"/>
					<Animation animationData="GameMenuOpen" loopCount="0" name="OnOpen"/>
					<Animation animationData="GameMenuClose" loopCount="0" name="OnClose" startTime="0.075"/>
					<SceneObject name="BackgroundLong">
						<Panel filename="shared/diorama/common/tex/gui_elements/settings_box.png" vertexColors="true">
							<Insets bottom="76" left="66" right="66" top="60"/>
							<Pivot x="68" y="65"/>
							<Size height="136" width="458"/>
						</Panel>
					</SceneObject>
					<SceneObject name="Music">
						<Translation x="122"/>
						<SceneObject __editorVisibility="true" __visibility="0" class="Button" name="MusicButton">
							<Translation x="-2.11295" y="0.45993"/>
							<Sprite filename="shared/diorama/common/tex/gui_elements/btn_blue.png" vertexColors="true">
								<Pivot anchor="center"/>
							</Sprite>
							<Animation animationData="Idle" layer="1" name="Idle"/>
							<Animation animationData="OnPress" loopCount="0" name="OnPress"/>
							<Animation animationData="OnRelease" loopCount="0" name="OnRelease"/>
							<Animation animationData="OnAppearGrow" loopCount="0" name="OnOpen" startTime="0.35"/>
							<Animation animationData="OnDisappearScale" loopCount="0" name="OnClose" startTime="0"/>
							<SceneObject name="MusicButtonOn">
								<Sprite filename="shared/diorama/common/tex/gui_elements/icon_music_active.png" vertexColors="true">
									<Pivot anchor="center" x="0.5" y="2.5"/>
								</Sprite>
							</SceneObject>
							<SceneObject name="MusicButtonOff">
								<Sprite filename="shared/diorama/common/tex/gui_elements/icon_music_inactive.png" vertexColors="true">
									<Pivot anchor="center" x="0.5" y="2.5"/>
								</Sprite>
							</SceneObject>
						</SceneObject>
					</SceneObject>
					<SceneObject name="Sound">
						<Translation x="215"/>
						<SceneObject class="Button" name="SoundButton">
							<Translation x="3.30603"/>
							<Sprite filename="shared/diorama/common/tex/gui_elements/btn_blue.png" vertexColors="true">
								<Pivot anchor="center"/>
							</Sprite>
							<Animation animationData="Idle" layer="1" name="Idle"/>
							<Animation animationData="OnPress" loopCount="0" name="OnPress"/>
							<Animation animationData="OnRelease" loopCount="0" name="OnRelease"/>
							<Animation animationData="OnAppearGrow" loopCount="0" name="OnOpen" startTime="0.4"/>
							<Animation animationData="OnDisappearScale" loopCount="0" name="OnClose" startTime="0"/>
							<SceneObject name="SoundButtonOn">
								<Sprite filename="shared/diorama/common/tex/gui_elements/icon_sound_active.png" vertexColors="true">
									<Pivot anchor="center" x="0.5" y="2.5"/>
								</Sprite>
							</SceneObject>
							<SceneObject name="SoundButtonOff">
								<Sprite filename="shared/diorama/common/tex/gui_elements/icon_sound_inactive.png" vertexColors="true">
									<Pivot anchor="center" x="0.5" y="2.5"/>
								</Sprite>
							</SceneObject>
						</SceneObject>
					</SceneObject>
					<SceneObject name="Exit">
						<Translation x="318.463" y="0" z="0"/>
						<Animation animationData="Idle" layer="1" name="Idle"/>
						<Animation animationData="OnPress" loopCount="0" name="OnPress"/>
						<Animation animationData="OnRelease" loopCount="0" name="OnRelease"/>
						<Animation animationData="OnAppearGrow" loopCount="0" name="OnOpen" startTime="0.25"/>
						<Animation animationData="OnDisappearScale" loopCount="0" name="OnClose" startTime="0"/>
						<SceneObject class="Button" name="ExitButton">
							<Translation x="-59" y="-150"/>
							<Scale x="0.5" y="0.5"/>
							<Import filename="shared/castle/scenes/back_btn.xml"/>
						</SceneObject>
					</SceneObject>
				</SceneObject>
			</SceneObject>
		</SceneObject>
	</SceneObject>
</Scene>
