<Layout>
    <Object sceneObject="ConfirmExitModal">
        <Default>
            <Size>
                <Width percentage="100"/>
                <Height percentage="70"/>
                <OriginalSize width="640" height="550"/>
            </Size>
            <Translation>
                <X percentage="50"/>
                <Y percentage="50"/>
            </Translation>
        </Default>
    </Object>
    <Object sceneObject="ExitButtonText"/>
    <Object sceneObject="GameMessage"/>
    <Object sceneObject="LevelMessage"/>
    <Object sceneObject="Message"/>
</Layout>

