
<Scene>
	<SceneObject name="FbConnectMenuRoot">
		<Translation z="880"/>
		<Panel filename="shared/diorama/common/tex/gui_elements/swipe_border_bg.png">
			<Insets bottom="49" left="49" right="49" top="49"/>
			<Pivot anchor="center"/>
			<Size height="550" width="640"/>
		</Panel>
		<Animation animationData="SlideInFromTop" loopCount="0" name="OnAppearPortrait" startTime="0"/>
		<Animation animationData="SlideOutToTop" loopCount="0" name="OnDisappearPortrait"/>
		<Animation animationData="SlideInFromTop" loopCount="0" name="OnAppear" startTime="0"/>
		<Animation animationData="SlideOutToTop" loopCount="0" name="OnDisappear"/>
		<SceneObject name="TitleBackground">
			<Translation x="0" y="-232" z="10"/>
			<Panel filename="shared/diorama/common/tex/gui_elements/swipe_top_bg.png" rotate="false">
				<Insets bottom="0" left="80" right="80" top="0"/>
				<Pivot anchor="bottom"/>
				<Size height="112" width="450"/>
			</Panel>
		</SceneObject>
		<SceneObject name="Connecting">
			<SceneObject name="TitleText">
				<Translation x="0" y="-262" z="10"/><!-- common.connecting -->
				<Text canBreakWords="false" alignment="center" font="Banana" key="common.connecting" maxHeight="40" maxWidth="300" overflowBehaviour="fit">
					<Color b="229" g="154" r="10"/>
					<Shadow enabled="true">
						<Color a="150" b="255" g="255" r="255"/>
					</Shadow>
					<Size x="30" y="30"/>
				</Text>
			</SceneObject>
			<SceneObject name="PopupConnectionSpinnerGroup">
				<Translation y="-90"/>
				<SceneObject name="PopupConnectionSpinnerBg">
					<Translation y="-6"/>
					<Animation animationData="Rotate360" loopCount="-1" name="IdleRotate" play="true"/>
					<Sprite filename="shared/diorama/common/tex/gui_elements/spinner_back.png">
						<Pivot anchor="center"/>
					</Sprite>
				</SceneObject>
				<SceneObject name="PopupConnectionSpinnerFg">
					<Sprite filename="shared/diorama/common/tex/gui_elements/spinner_front.png">
						<Pivot anchor="center"/>
					</Sprite>
				</SceneObject>
			</SceneObject>
			<SceneObject name="InfoBox">
				<Translation x="0" y="65" z="10"/>
				<Panel filename="shared/diorama/common/tex/gui_elements/white_box.png">
					<Insets bottom="15" left="15" right="15" top="15"/>
					<Pivot anchor="center"/>
					<Size height="100" width="570"/>
				</Panel>
				<SceneObject name="FacebookLogo">
					<Translation x="-234" y="0"/>
					<Sprite filename="shared/diorama/common/tex/gui_elements/fb_logo_border.png">
						<Pivot anchor="center"/>
					</Sprite>
				</SceneObject>
				<SceneObject name="ConnectingDescriptionText">
					<Translation x="40" y="10"/>
					<Text canBreakWords="false" alignment="center" font="Typewriter" key="common.connecting.to.facebook" maxWidth="480" verticalAlignment="center">
						<Color a="255" b="199" g="107" r="68"/>
						<Size x="22" y="22"/>
					</Text>
				</SceneObject>
			</SceneObject>
		</SceneObject>
		<SceneObject name="Connected">
			<SceneObject name="TitleText">
				<Translation x="0" y="-262" z="10"/>
				<Text canBreakWords="false" alignment="center" font="Banana" key="common.connected" maxWidth="480">
					<Color a="255" b="229" g="154" r="10"/>
					<Shadow enabled="true">
						<Color a="150" b="255" g="255" r="255"/>
					</Shadow>
					<Size x="30" y="30"/>
				</Text>
			</SceneObject>
			<SceneObject name="FbLogo">
				<Translation x="-120" y="-90"/>
				<Scale x="1.3" y="1.3" z="1.3"/>
				<Sprite filename="shared/diorama/common/tex/gui_elements/fb_logo_border.png">
					<Pivot anchor="center"/>
				</Sprite>
			</SceneObject>
			<SceneObject name="SadPhone">
				<Translation x="120" y="-90"/>
				<Sprite filename="client/tex/phone_sad.png">
					<Pivot anchor="center"/>
				</Sprite>
			</SceneObject>
			<SceneObject name="HappyPhone">
				<Translation x="122" y="-105.5"/>
				<Sprite filename="client/tex/phone_happy.png">
					<Pivot anchor="center"/>
				</Sprite>
			</SceneObject>
			<SceneObject name="Arrows">
				<Translation x="0" y="-90"/>
				<Sprite filename="client/tex/transfer_arrows.png">
					<Pivot anchor="center"/>
				</Sprite>
			</SceneObject>
			<SceneObject name="InfoBox">
				<Translation x="0" y="65" z="10"/>
				<Panel filename="shared/diorama/common/tex/gui_elements/white_box.png">
					<Insets bottom="15" left="15" right="15" top="15"/>
					<Pivot anchor="center"/>
					<Size height="100" width="570"/>
				</Panel>
				<SceneObject name="IconYes">
					<Translation x="-234" y="0"/>
					<Scale x="0.75" y="0.75" z="0.75"/>
					<Sprite filename="client/tex/icon_yes.png">
						<Pivot anchor="center"/>
					</Sprite>
				</SceneObject>
				<SceneObject name="ConnectingDescriptionText">
					<Translation x="40" y="10"/>
					<Text canBreakWords="false" alignment="center" font="Typewriter" key="common.connected.to.facebook" maxWidth="480" verticalAlignment="center">
						<Color a="255" b="55" g="139" r="16"/>
						<Size x="22" y="22"/>
					</Text>
				</SceneObject>
			</SceneObject>
			<SceneObject name="Buttons">
				<SceneObject class="Button" name="OkButton">
					<Translation y="185"/>
					<Animation animationData="Idle" layer="1" name="Idle" play="true"/>
					<Animation animationData="OnPress" loopCount="0" name="OnPress"/>
					<Animation animationData="OnRelease" loopCount="0" name="OnRelease"/>
					<Panel filename="shared/diorama/common/tex/gui_elements/btn_green.png">
						<Insets bottom="0" left="128" right="128" top="0"/>
						<Pivot anchor="center"/>
						<Size height="127" width="280"/>
					</Panel>
					<SceneObject>
						<Translation x="0" y="5"/>
						<Text canBreakWords="false" alignment="center" font="Banana" key="button.ok">
							<Color a="225" b="255" g="255" r="255"/>
							<Shadow enabled="true">
								<Color a="25" b="0" g="0" r="0"/>
								<Offset x="0" y="9"/>
							</Shadow>
							<Size x="30" y="30"/>
						</Text>
					</SceneObject>
				</SceneObject>
			</SceneObject>
		</SceneObject>
		<SceneObject name="Disconnected">
			<SceneObject name="DisconnectHeader">
				<Translation x="0" y="-262" z="10"/>
				<Text canBreakWords="false" alignment="center" font="Banana" key="common.disconnected" maxWidth="310" overflowBehaviour="fit" maxHeight="40">
					<Color a="255" b="229" g="154" r="10"/>
					<Shadow enabled="true">
						<Color a="150" b="255" g="255" r="255"/>
					</Shadow>
					<Size x="30" y="30"/>
				</Text>
			</SceneObject>
			<SceneObject name="FailedHeader">
				<Translation x="0" y="-282" z="10"/>
				<Text canBreakWords="false" alignment="center" font="Banana" key="common.failed.to.connect" maxHeight="40" maxWidth="310" overflowBehaviour="fit" verticalAlignment="visualCenter">
					<Color a="255" b="229" g="154" r="10"/>
					<Shadow enabled="true">
						<Color a="150" b="255" g="255" r="255"/>
					</Shadow>
					<Size x="30" y="30"/>
				</Text>
			</SceneObject>
			<SceneObject name="NoInternetHeader">
				<Translation x="0" y="-282" z="10"/>
				<Text canBreakWords="false" alignment="center" font="Banana" key="common.failed.to.connect" maxHeight="40" maxWidth="310" overflowBehaviour="fit" verticalAlignment="visualCenter">
					<Color a="255" b="229" g="154" r="10"/>
					<Shadow enabled="true">
						<Color a="150" b="255" g="255" r="255"/>
					</Shadow>
					<Size x="30" y="30"/>
				</Text>
			</SceneObject>
			<SceneObject name="FbLogo">
				<Translation x="-120" y="-90"/>
				<Scale x="1.3" y="1.3" z="1.3"/>
				<Sprite filename="shared/diorama/common/tex/gui_elements/fb_logo_border.png">
					<Pivot anchor="center"/>
				</Sprite>
			</SceneObject>
			<SceneObject name="SadPhone">
				<Translation x="120" y="-90"/>
				<Sprite filename="client/tex/phone_sad.png">
					<Pivot anchor="center"/>
				</Sprite>
			</SceneObject>
			<SceneObject name="Arrows">
				<Translation x="0" y="-90"/>
				<Sprite filename="client/tex/transfer_arrows.png">
					<Pivot anchor="center"/>
				</Sprite>
			</SceneObject>
			<SceneObject name="InfoBox">
				<Translation x="0" y="65" z="10"/>
				<Panel filename="shared/diorama/common/tex/gui_elements/white_box.png">
					<Insets bottom="15" left="15" right="15" top="15"/>
					<Pivot anchor="center"/>
					<Size height="100" width="570"/>
				</Panel>
				<SceneObject name="IconNo">
					<Translation x="-234" y="0"/>
					<Scale x="0.75" y="0.75" z="0.75"/>
					<Sprite filename="client/tex/icon_no.png">
						<Pivot anchor="center"/>
					</Sprite>
				</SceneObject>
				<SceneObject name="DisconnectText">
					<Translation x="40" y="10"/>
					<Text canBreakWords="false" alignment="center" font="Typewriter" key="common.disconnected.from.facebook" maxHeight="90" maxWidth="460" overflowBehaviour="fit" verticalAlignment="center">
						<Color a="255" b="123" g="37" r="229"/>
						<Size x="22" y="22"/>
					</Text>
				</SceneObject>
				<SceneObject name="FailedText">
					<Translation x="40" y="10"/>
					<Text canBreakWords="false" alignment="center" font="Typewriter" key="common.failed.to.connect.facebook" maxHeight="90" maxWidth="460" overflowBehaviour="fit" verticalAlignment="center">
						<Color a="255" b="123" g="37" r="229"/>
						<Size x="22" y="22"/>
					</Text>
				</SceneObject>
				<SceneObject name="NoInternetText">
					<Translation x="40" y="10"/>
					<Text canBreakWords="false" alignment="center" font="Typewriter" key="common.no.internet.available" maxHeight="90" maxWidth="460" overflowBehaviour="fit" verticalAlignment="center">
						<Color a="255" b="123" g="37" r="229"/>
						<Size x="22" y="22"/>
					</Text>
				</SceneObject>
			</SceneObject>
			<SceneObject name="Buttons">
				<SceneObject class="Button" name="OkButton">
					<Translation y="185"/>
					<Animation animationData="Idle" layer="1" name="Idle" play="true"/>
					<Animation animationData="OnPress" loopCount="0" name="OnPress"/>
					<Animation animationData="OnRelease" loopCount="0" name="OnRelease"/>
					<Panel filename="shared/diorama/common/tex/gui_elements/btn_green.png">
						<Insets bottom="0" left="128" right="128" top="0"/>
						<Pivot anchor="center"/>
						<Size height="127" width="280"/>
					</Panel>
					<SceneObject>
						<Translation x="0" y="5"/>
						<Text canBreakWords="false" alignment="center" font="Banana" key="button.ok">
							<Color a="225" b="255" g="255" r="255"/>
							<Shadow enabled="true">
								<Color a="25" b="0" g="0" r="0"/>
								<Offset x="0" y="9"/>
							</Shadow>
							<Size x="30" y="30"/>
						</Text>
					</SceneObject>
				</SceneObject>
			</SceneObject>
		</SceneObject>
		<LayoutConfiguration name="Default">
			<Size>
				<Width percentage="100"/>
				<Height percentage="70"/>
				<OriginalSize width="640" height="550"/>
			</Size>
			<Translation>
				<X percentage="50"/>
				<Y percentage="50"/>
			</Translation>
		</LayoutConfiguration>
	</SceneObject>
</Scene>
