<!DOCTYPE Scene SYSTEM "../../../../../../tools/dtd/scene.dtd">
<!-- <G>> Live Debug Popup -->
<Scene>
    <SceneObject name="ServiceLayerPopup">
		<Animation name="OnAppear"		animationData="servicelayer-views.SlideInFromTop"	loopCount="0"/>
		<Animation name="OnDisappear"	animationData="servicelayer-views.SlideOutToTop"	loopCount="0"/>
        <SceneObject name="Background">
			<SceneObject name="OrangeField">
				<Sprite filename="servicelayer-views/tex/menu/orange_field.png">
					<Pivot anchor="center"/>
					<Size width="620" height="35"/>
				</Sprite>
				<Translation y="-365.0"/>
			</SceneObject>
			<SceneObject name="FillTheGapColor">
				<Sprite filename="servicelayer-views/tex/menu/bg_color.png">
					<Pivot anchor="center"/>
					<Size width="615" height="815"/>
				</Sprite>
				<Translation y="60.0"/>
			</SceneObject>
			<SceneObject name="BackgroundPanel">
				<Translation x="0" y="0" z="0"/>
				<Panel filename="servicelayer-views/tex/menu/tablets_border.png">
					<RemoveQuads center="true"/>
					<Pivot anchor="center"/>
					<Insets left="24" top="124" right="24" bottom="24"/>
					<Size width="640" height="960"/>
				</Panel>
			</SceneObject>
        </SceneObject>

		<!-- STATUS BACKGROUND -->
		<SceneObject name="StatusBackground">
			<Panel filename="servicelayer-views/tex/menu/multilink_frame.png">
				<RemoveQuads center="false"/>
				<Pivot anchor="center"/>
				<Insets left="20" top="20" right="20" bottom="20"/>
				<Size width="610" height="35"/>
			</Panel>
			<Translation x="0.0" y="-450.0" z="1"/>
		</SceneObject>
		
		<!-- STATUS TEXT -->
		<SceneObject name="RequestStatusText">
			<Text style="sl.StatusText" maxWidth="370" maxHeight="90">
				<Pivot anchor="topLeft"/>
			</Text>
			<Translation x="-297" y="-445.0" z="1"/>
		</SceneObject>

		<!-- WHITELISTED -->
		<SceneObject name="WhitelistedSprite" >
			<Sprite filename="servicelayer-views/tex/menu/whitelisted.png">
				<Pivot anchor="center"/>
				<Scale x="0.8" y="0.8"/>
			</Sprite>
			<Translation x="225" y="-450.0" z="2"/>
		</SceneObject>
		
		
		<!-- REQUEST BUTTON -->
		<SceneObject name="RequestButton" class="Button">
			<Sprite filename="servicelayer-views/tex/menu/bg_color.png">
				<Pivot anchor="center"/>
				<Size width="120" height="60"/>
				<Translation z="1"/>
			</Sprite>
			<SceneObject name="RequestButtonText" >
				<Text style="sl.GreenText" maxHeight="60" alignment="center">
					<TextString>Request</TextString>
				</Text>
				<Translation x="0" y="10" z="1"/>
			</SceneObject>
			<Translation x="-240" y="-390.0" z="-1"/>
		</SceneObject>   
		
		<!-- ACTIONS BUTTON -->
		<SceneObject name="ActionsButton" class="Button">
			<Sprite filename="servicelayer-views/tex/menu/bg_color.png">
				<Pivot anchor="center"/>
				<Size width="120" height="60"/>
				<Translation z="1"/>
			</Sprite>
			<SceneObject name="ActionsButtonText" >
				<Text style="sl.GreenText" maxHeight="60" alignment="center">
					<TextString>Actions</TextString>
				</Text>
				<Translation x="0" y="10" z="1"/>
			</SceneObject>
			<Translation x="-70" y="-390.0" z="-1"/>
		</SceneObject>   
		
		<!-- PANELS BUTTON -->
		<SceneObject name="PanelsButton" class="Button">
			<Sprite filename="servicelayer-views/tex/menu/bg_color.png">
				<Pivot anchor="center"/>
				<Size width="90" height="60"/>
				<Translation z="1"/>
			</Sprite>
			<SceneObject name="PanelsButtonText" >
				<Text style="sl.GreenText" maxHeight="60" alignment="center">
					<TextString>Panels</TextString>
				</Text>
				<Translation x="0" y="10" z="1"/>
			</SceneObject>
			<Translation x="90.0" y="-390.0" z="-1"/>
		</SceneObject>   

		<!--CLOSE BUTTON-->
		<SceneObject name="CloseButton" class="Button">
			<Sprite filename="servicelayer-views/tex/menu/bg_color.png">
				<Pivot anchor="center"/>
				<Size width="90" height="60"/>
				<Translation z="1"/>
			</Sprite>
			<SceneObject>
				<Text style="sl.GreenText" maxHeight="60" alignment="center">
					<TextString>Close</TextString>
				</Text>
				<Translation x="0" y="10" z="1"/>
			</SceneObject>
			<Translation x="258" y="-390.0" z="-1"/>
		</SceneObject>

		
		<!-- ACTIONS DROPDOWN POPUP -->
		<SceneObject name="DropDownPopup_Actions">
			<Translation x="-22" y="-272.0" z="3"/>
			<SceneObject name="Frame_Actions">
				<Translation x="0" y="0" z="-1"/>
				<Panel filename="servicelayer-views/tex/menu/orange_field.png">
					<RemoveQuads center="true"/>
					<Pivot anchor="center"/>
					<Insets left="3" top="3" right="3" bottom="3"/>
					<Size width="226" height="186"/>
				</Panel>
				<SceneObject name="BackgroundDropDown_Actions">
					<Translation x="0" y="0" z="0"/>
					<Sprite filename="servicelayer-views/tex/menu/bg_color.png">
						<Pivot anchor="center"/>
						<Size width="220" height="180"/>
					</Sprite>
					
					<!-- REQUEST  OPTION -->
					<SceneObject name="SubMenu_RequestButton" class="Button">
						<Translation x="0" y="-60" z="0"/>
						<Sprite filename="servicelayer-views/tex/menu/bg_menu.png">
							<Pivot anchor="center"/>
							<Size width="220" height="60"/>
							<Translation z="2"/>
						</Sprite>
						<SceneObject name="Request_Title" >
							<Text style="sl.GreenText" maxHeight="60" alignment="left">
								<TextString>Request</TextString>
							</Text>
							<Translation x="-100" y="10" z="1"/>
						</SceneObject>
					</SceneObject>   			

					<!-- RESET  OPTION -->
					<SceneObject name="SubMenu_ResetButton" class="Button">
						<Translation x="0" y="0" z="0"/>
						<Sprite filename="servicelayer-views/tex/menu/bg_menu.png">
							<Pivot anchor="center"/>
							<Size width="220" height="60"/>
							<Translation z="2"/>
						</Sprite>
						<SceneObject name="Reset_Title" >
							<Text style="sl.GreenText" maxHeight="60" alignment="left">
								<TextString>Reset</TextString>
							</Text>
							<Translation x="-100" y="10" z="1"/>
						</SceneObject>
					</SceneObject>   			

					<!-- SYNC AB  OPTION -->
					<SceneObject name="SubMenu_SyncABButton" class="Button">
						<Translation x="0" y="60" z="0"/>
						<Sprite filename="servicelayer-views/tex/menu/bg_menu.png">
							<Pivot anchor="center"/>
							<Size width="220" height="60"/>
							<Translation z="2"/>
						</Sprite>
						<SceneObject name="SyncAB_Title" >
							<Text style="sl.GreenText" maxHeight="60" alignment="left">
								<TextString>SyncAB</TextString>
							</Text>
							<Translation x="-100" y="10" z="1"/>
						</SceneObject>
					</SceneObject>   			
				</SceneObject>
			</SceneObject>
		</SceneObject>

		<!-- PANELS DROPDOWN POPUP -->
		<SceneObject name="DropDownPopup_Panels">
			<Translation x="145" y="-272.0" z="3"/>
			<SceneObject name="Frame_Actions">
				<Translation x="0" y="0" z="-1"/>
				<Panel filename="servicelayer-views/tex/menu/orange_field.png">
					<RemoveQuads center="true"/>
					<Pivot anchor="center"/>
					<Insets left="3" top="3" right="3" bottom="3"/>
					<Size width="226" height="186"/>
				</Panel>
				<SceneObject name="BackgroundDropDown_Panels">
					<Translation x="0" y="0" z="0"/>
					<Sprite filename="servicelayer-views/tex/menu/bg_color.png">
						<Pivot anchor="center"/>
						<Size width="220" height="180"/>
					</Sprite>
					
					<!-- MESSAGES  OPTION -->
					<SceneObject name="SubMenu_MessagesButton" class="Button">
						<Translation x="0" y="-60" z="0"/>
						<Sprite filename="servicelayer-views/tex/menu/bg_menu.png">
							<Pivot anchor="center"/>
							<Size width="220" height="60"/>
							<Translation z="2"/>
						</Sprite>
						<SceneObject name="Messages_Title" >
							<Text style="sl.GreenText" maxHeight="60" alignment="left">
								<TextString>Messages</TextString>
							</Text>
							<Translation x="-100" y="10" z="1"/>
						</SceneObject>
					</SceneObject>   			

					<!-- PROPERTIES  OPTION -->
					<SceneObject name="SubMenu_PropertiesButton" class="Button">
						<Translation x="0" y="0" z="0"/>
						<Sprite filename="servicelayer-views/tex/menu/bg_menu.png">
							<Pivot anchor="center"/>
							<Size width="220" height="60"/>
							<Translation z="2"/>
						</Sprite>
						<SceneObject name="Properties_Title" >
							<Text style="sl.GreenText" maxHeight="60" alignment="left">
								<TextString>Properties</TextString>
							</Text>
							<Translation x="-100" y="10" z="1"/>
						</SceneObject>
					</SceneObject>   			

					<!-- CONFIG  OPTION -->
					<SceneObject name="SubMenu_ConfigButton" class="Button">
						<Translation x="0" y="60" z="0"/>
						<Sprite filename="servicelayer-views/tex/menu/bg_menu.png">
							<Pivot anchor="center"/>
							<Size width="220" height="60"/>
							<Translation z="2"/>
						</Sprite>
						<SceneObject name="Config_Title" >
							<Text style="sl.GreenText" maxHeight="60" alignment="left">
								<TextString>Config</TextString>
							</Text>
							<Translation x="-100" y="10" z="1"/>
						</SceneObject>
					</SceneObject>   			
				</SceneObject>
			</SceneObject>
		</SceneObject>
		
		<!-- MESSAGE INFO POPUP -->
		<SceneObject name="MessageInfoPopup">
			<Translation x="0" y="0" z="3"/>
			<SceneObject name="MessageInfo_Frame">
				<Panel filename="servicelayer-views/tex/menu/orange_field.png">
					<RemoveQuads center="true"/>
					<Pivot anchor="center"/>
					<Insets left="4" top="4" right="4" bottom="4"/>
					<Size width="548" height="328"/>
				</Panel>
				<SceneObject name="BackgroundMessageInfoPopup">
					<Translation x="0" y="0" z="0"/>
					<Sprite filename="servicelayer-views/tex/menu/bg_menu.png">
						<Pivot anchor="center"/>
						<Size width="540" height="320"/>
					</Sprite>
					<SceneObject name="InfoHeaders">
						<SceneObject name="InfoIdHeader">
							<Translation x="-240" y="-110.0" z="1"/>
							<Text style="sl.RowHeader" maxHeight="60">
								<TextString>id:</TextString>
								<Pivot anchor="topRight"/>
							</Text>
						</SceneObject>

						<SceneObject name="InfoStatusHeader">
							<Translation x="-240" y="-55.0" z="1"/>
							<Text style="sl.RowHeader" maxHeight="60">
								<TextString>Status:</TextString>
								<Pivot anchor="topRight"/>
							</Text>
						</SceneObject>

						<SceneObject name="InfoReasonHeader">
							<Translation x="-240" y="-15.0" z="1"/>
							<Text style="sl.RowHeader" maxHeight="60">
								<TextString>Reason:</TextString>
								<Pivot anchor="topRight"/>
							</Text>
						</SceneObject>
					</SceneObject>

					<SceneObject name="InfoValues">
						<SceneObject name="InfoIdValue">
							<Translation x="-150" y="-110.0" z="1"/>
							<Text style="sl.DebugInfoPopup" maxHeight="60">
								<TextString>60606</TextString>
								<Pivot anchor="topLeft"/>
							</Text>
						</SceneObject>

						<SceneObject name="InfoStatusValue">
							<Translation x="-150" y="-55.0" z="1"/>
							<Text style="sl.DebugInfoPopup" maxHeight="60">
								<TextString>Ready</TextString>
								<Pivot anchor="topLeft"/>
							</Text>
						</SceneObject>

						<SceneObject name="InfoReasonValue">
							<Translation x="-150" y="-15.0" z="1"/>
							<Text style="sl.DebugInfoPopup" maxHeight="180">
								<TextString>No Message Text present</TextString>
								<Pivot anchor="topLeft"/>
							</Text>
						</SceneObject>
					</SceneObject>
				</SceneObject>
			</SceneObject>
		</SceneObject>

		
		<!-- MESSAGES SCROLL PANEL -->
		<SceneObject name="Messages_ScrollView">
			<SceneObject name="Messages_ScrollFullView">
				<SceneObject name="Messages_ScrollStart">
					<Sprite filename="servicelayer-views/tex/menu/bg_white.png">
						<Size width="610" height="2"/>
					</Sprite>
					<Translation x="-305.0" y="-360.0" z="1.0"/>
				</SceneObject>
				<SceneObject name="IdHeader">
					<Text style="sl.DebugHeader" maxHeight="60">
						<TextString>#</TextString>
						<Pivot anchor="topLeft"/>
					</Text>
					<Translation x="-290" y="-320.0" z="1"/>
				</SceneObject>
				<SceneObject name="StatusHeader">
					<Text style="sl.DebugHeader" maxHeight="60">
						<TextString>Status</TextString>
						<Pivot anchor="topLeft"/>
					</Text>
					<Translation x="-160" y="-320.0" z="1"/>
				</SceneObject>
				<SceneObject name="ReasonHeader">
					<Text style="sl.DebugHeader" maxHeight="60">
						<TextString>Reason</TextString>
						<Pivot anchor="topLeft"/>
					</Text>
					<Translation x="-40" y="-320.0" z="1"/>
				</SceneObject>
				<SceneObject name="IdRows">
					<Text style="sl.DebugRow" maxWidth="125" maxHeight="250">
						<Pivot anchor="topLeft"/>
					</Text>
					<Translation x="-290" y="-290.0" z="1"/>
				</SceneObject>
				<SceneObject name="StatusRows">
					<Text style="sl.DebugRow" maxWidth="115" maxHeight="250">
						<Pivot anchor="topLeft"/>
					</Text>
					<Translation x="-160" y="-290.0" z="1"/>
				</SceneObject>
				<SceneObject name="ReasonRows">
					<Text style="sl.DebugRow" maxWidth="330" maxHeight="250">
						<Pivot anchor="topLeft"/>
					</Text>
					<Translation x="-40" y="-290.0" z="1"/>
				</SceneObject>
			</SceneObject>
			<Scissor>
				<!-- Bounds of the scrollView 615,815 y_translated 60 -->
				<Bound minX="-305" minY="-347" maxX="305" maxY="467" />
			</Scissor>
			<SceneObject name="Messages_ScrollWindowSize">
				<Sprite filename="servicelayer-views/tex/menu/bg_color.png">
					<Pivot anchor="center"/>
					<Size width="610" height="815"/>
				</Sprite>
				<Translation y="60.0"/>
			</SceneObject>			
        </SceneObject>

		<!-- PROPERTIES SCROLL PANEL -->
		<SceneObject name="Properties_ScrollView">
			<SceneObject name="Properties_ScrollFullView">
				<SceneObject name="Properties_ScrollStart">
					<Sprite filename="servicelayer-views/tex/menu/bg_white.png">
						<!--Pivot anchor="center"/ -->
						<Size width="610" height="2"/>
					</Sprite>
					<Translation x="-305.0" y="-360.0" z="1.0"/>
				</SceneObject>
				<SceneObject name="KeyHeader">
					<Text style="sl.DebugHeader" maxHeight="60">
						<TextString>Key</TextString>
						<Pivot anchor="topLeft"/>
					</Text>
					<Translation x="-290" y="-320.0" z="1"/>
				</SceneObject>
				<SceneObject name="ValueHeader">
					<Text style="sl.DebugHeader" maxHeight="60">
						<TextString>Value</TextString>
						<Pivot anchor="topLeft"/>
					</Text>
					<Translation x="-80" y="-320.0" z="1"/>
				</SceneObject>
				<SceneObject name="KeyRows">
					<Text style="sl.DebugRow" maxWidth="200" maxHeight="240">
						<Pivot anchor="topLeft"/>
					</Text>
					<Translation x="-290" y="-290.0" z="1"/>
				</SceneObject>
				<SceneObject name="ValueRows">
					<Text style="sl.DebugRow" maxWidth="370" maxHeight="240">
						<Pivot anchor="topLeft"/>
					</Text>
					<Translation x="-80" y="-290.0" z="1"/>
				</SceneObject>
			</SceneObject>
			<Scissor>
				<!-- Bounds of the scrollView 615,815 y_translated 60 -->
				<Bound minX="-305" minY="-347" maxX="305" maxY="467" />
			</Scissor>
			<SceneObject name="Properties_ScrollWindowSize">
				<Sprite filename="servicelayer-views/tex/menu/bg_color.png">
					<Pivot anchor="center"/>
					<Size width="610" height="815"/>
				</Sprite>
				<Translation y="60.0"/>
			</SceneObject>			
        </SceneObject>
		
		<!-- CONFIG SCROLL PANEL -->
		<SceneObject name="Config_ScrollView">
			<SceneObject name="Config_ScrollFullView">
				<SceneObject name="Config_ScrollStart">
					<Sprite filename="servicelayer-views/tex/menu/bg_white.png">
						<!--Pivot anchor="center"/ -->
						<Size width="610" height="2"/>
					</Sprite>
					<Translation x="-305.0" y="-347.0" z="1.0"/>
				</SceneObject>
			
				<SceneObject>
					<SceneObject name="ServerTitle">
						<Text style="sl.RowHeader">
							<TextString>Server:</TextString>
						</Text>
						<Translation x="-270.0" y="-270.0" z="1.0"/>
					</SceneObject>
					<SceneObject name="Server">
						<Text style="sl.RowValue" />
						<Translation x="-120.0" y="-270.0" z="1.0"/>
					</SceneObject>
					<SceneObject name="FFVersionTitle">
						<Text style="sl.RowHeader">
							<TextString>GP version:</TextString>
						</Text>
						<Translation x="-270.0" y="-235.0" z="1.0"/>
					</SceneObject>
					<SceneObject name="FFVersion">
						<Text style="sl.RowValue" />
						<Translation x="-120.0" y="-235.0" z="1.0"/>
					</SceneObject>
				</SceneObject>
				
				<SceneObject>
					<Translation y="25.0"/>			
					<SceneObject name="AppIdTitle" >
						<Text style="sl.RowHeader">
							<TextString>App Id:</TextString>
						</Text>
						<Translation x="-270.0" y="-170.0" z="1.0"/>
					</SceneObject>
					<SceneObject name="AppId" >
						<Text style="sl.RowValue" />
						<Translation x="-120.0" y="-170.0" z="1.0"/>
					</SceneObject>

					<SceneObject name="VersionTitle" >
						<Text style="sl.RowHeader">
							<TextString>Version:</TextString>
						</Text>
						<Translation x="-270.0" y="-135.0" z="1.0"/>
					</SceneObject>
					<SceneObject name="Version" >
						<Text style="sl.RowValue" />
						<Translation x="-120.0" y="-135.0" z="1.0"/>
					</SceneObject>

					<SceneObject name="SignInSourceTitle" >
						<Text style="sl.RowHeader">
							<TextString>SignIn:</TextString>
						</Text>
						<Translation x="-270.0" y="-100.0" z="1.0"/>
					</SceneObject>
					<SceneObject name="SignInSource" >
						<Text style="sl.RowValue" />
						<Translation x="-120.0" y="-100.0" z="1.0"/>
					</SceneObject>

					<SceneObject name="CoreUserIdTitle" >
						<Text style="sl.RowHeader">
							<TextString>User Id:</TextString>
						</Text>
						<Translation x="-270.0" y="-65.0" z="1.0"/>
					</SceneObject>
					<SceneObject name="CoreUserId" >
						<Text style="sl.RowValue" />
						<Translation x="-120.0" y="-65.0" z="1.0"/>
					</SceneObject>

					<SceneObject name="InstallIdTitle" >
						<Text style="sl.RowHeader">
							<TextString>Install Id:</TextString>
						</Text>
						<Translation x="-270.0" y="-30.0" z="1.0"/>
					</SceneObject>
					<SceneObject name="InstallId" >
						<Text style="sl.RowValue" />
						<Translation x="-120.0" y="-30.0" z="1.0"/>
					</SceneObject>

					<SceneObject name="StoreCountryTitle" >
						<Text style="sl.RowHeader">
							<TextString>Store:</TextString>
						</Text>
						<Translation x="-270.0" y="5.0" z="1.0"/>
					</SceneObject>
					<SceneObject name="StoreCountry" >
						<Text style="sl.RowValue" />
						<Translation x="-120.0" y="5.0" z="1.0"/>
					</SceneObject>
					<SceneObject name="SimCountryTitle" >
						<Text style="sl.RowHeader">
							<TextString>Sim:</TextString>
						</Text>
						<Translation x="-270.0" y="40.0" z="1.0"/>
					</SceneObject>
					<SceneObject name="SimCountry" >
						<Text style="sl.RowValue" />
						<Translation x="-120.0" y="40.0" z="1.0"/>
					</SceneObject>
					<SceneObject name="LocaleCountryTitle" >
						<Text style="sl.RowHeader">
							<TextString>Country:</TextString>
						</Text>
						<Translation x="-270.0" y="75.0" z="1.0"/>
					</SceneObject>
					<SceneObject name="LocaleCountry" >
						<Text style="sl.RowValue" />
						<Translation x="-120.0" y="75.0" z="1.0"/>
					</SceneObject>
					<SceneObject name="LanguageTitle" >
						<Text style="sl.RowHeader">
							<TextString>Language:</TextString>
						</Text>
						<Translation x="-270.0" y="110.0" z="1.0"/>
					</SceneObject>
					<SceneObject name="Language" >
						<Text style="sl.RowValue" />
						<Translation x="-120.0" y="110.0" z="1.0"/>
					</SceneObject>
				</SceneObject>
				<SceneObject>
					<Translation y="60.0"/>			
					<SceneObject name="ConnectionTypeTitle">
						<Text style="sl.RowHeader">
							<TextString>Connection:</TextString>
						</Text>
						<Translation x="-270.0" y="175.0" z="1.0"/>
					</SceneObject>
					<SceneObject name="ConnectionType">
						<Text style="sl.RowValue" />
						<Translation x="-120.0" y="175.0" z="1.0"/>
					</SceneObject>

					<SceneObject name="TimestampTitle">
						<Text style="sl.RowHeader">
							<TextString>Timestamp:</TextString>
						</Text>
						<Translation x="-270.0" y="210.0" z="1.0"/>
					</SceneObject>
					<SceneObject name="Timestamp">
						<Text style="sl.RowValue" />
						<Translation x="-120.0" y="210.0" z="1.0"/>
					</SceneObject>
					
					<SceneObject name="TimeZoneTitle">
						<Text style="sl.RowHeader">
							<TextString>Time zone:</TextString>
						</Text>
						<Translation x="-270.0" y="245.0" z="1.0"/>
					</SceneObject>
					<SceneObject name="TimeZone">
						<Text style="sl.RowValue" />
						<Translation x="-120.0" y="245.0" z="1.0"/>
					</SceneObject>				
				</SceneObject>
				
				<SceneObject>
					<Translation y="120.0"/>			
					<SceneObject name="ScreenSizeTitle">
						<Text style="sl.RowHeader">
							<TextString>Screen size:</TextString>
						</Text>
						<Translation x="-270.0" y="275.0" z="1.0"/>
					</SceneObject>
					<SceneObject name="ScreenSize">
						<Text style="sl.RowValue" />
						<Translation x="-120.0" y="275.0" z="1.0"/>
					</SceneObject>
				</SceneObject>
			</SceneObject>
			
			<Scissor>
				<!-- Bounds of the scrollView 615,815 y_translated 60 -->
				<Bound minX="-305" minY="-347" maxX="305" maxY="467" />
			</Scissor>
			<SceneObject name="Config_ScrollWindowSize">
				<Sprite filename="servicelayer-views/tex/menu/bg_color.png">
					<Pivot anchor="center"/>
					<Size width="610" height="815"/>
				</Sprite>
				<Translation y="60.0"/>
			</SceneObject>			
		</SceneObject>
		
		
	</SceneObject>
	
</Scene>

