<!DOCTYPE Scene SYSTEM "../../../../../../tools/dtd/scene.dtd">
<Scene>
    <SceneObject name="ServiceLayerPopup">
		<Animation name="OnAppear"			animationData="servicelayer-views.SlideInFromTop"	loopCount="0"/>
		<Animation name="OnDisappear"		animationData="servicelayer-views.SlideOutToTop"	loopCount="0"/>
 		<Animation name="OnDisappearDown"	animationData="servicelayer-views.SlideOutToBottom"	loopCount="0"/>
        <SceneObject name="Background">
			<SceneObject name="OrangeField">
				<Sprite filename="servicelayer-views/tex/menu/orange_field.png">
					<Pivot anchor="center"/>
					<Size width="620" height="35"/>
				</Sprite>
				<Translation y="-365.0"/>
			</SceneObject>
			<SceneObject name="FillTheGapColor">
				<Sprite filename="servicelayer-views/tex/menu/bg_color.png">
					<Pivot anchor="center"/>
					<Size width="620" height="830"/>
				</Sprite>
				<Translation y="60.0"/>
			</SceneObject>
			<SceneObject name="BackgroundPanel">
				<Panel filename="servicelayer-views/tex/menu/tablets_border.png">
					<RemoveQuads center="true"/>
					<Pivot anchor="center"/>
					<Insets left="24" top="124" right="24" bottom="24"/>
					<Size width="640" height="960"/>
				</Panel>
			</SceneObject>
			<SceneObject name="KingLogo">
				<Sprite filename="servicelayer-views/tex/menu/king_logo.png">
					<Pivot anchor="center"/>
					<Scale x="0.5" y="0.5"/>
				</Sprite>
				<Translation y="-425.0"/>
			</SceneObject>
        </SceneObject>
        <SceneObject name="Content">
            <SceneObject name="CloseButton" class="Button">
                <Sprite filename="servicelayer-views/tex/menu/bg_color.png">
                    <Pivot anchor="center"/>
                    <Size width="110" height="60"/>
                    <Translation z="1"/>
                </Sprite>
                <SceneObject name="CloseButtonText">
                    <Text style="sl.skin.GreenText" maxHeight="60" key="Close" alignment="right"/>
                    <Translation y="10" x="50" z="1"/>
                </SceneObject>
                <Translation y="-415.0" x="250" z="-1"/>
            </SceneObject>
            <SceneObject name="ImageHolder">
                <Translation y="-100.0"/>
            </SceneObject>
            <SceneObject name="MessageTitle">
                <Text style="sl.skin.OrangeHeader" maxHeight="60"/>
                <Translation y="190.0" z="1"/>
            </SceneObject>
            <SceneObject name="Message">
                <Text style="sl.skin.Main" maxHeight="130"/>
                <Translation y="295.0" z="1"/>
            </SceneObject>
            <SceneObject name="LinkButton" class="Button">
                <Panel filename="servicelayer-views/tex/menu/green_button.png">
                    <Pivot anchor="center"/>
                    <Insets left="15" top="12" right="16" bottom="26"/>
                    <Size width="460" height="96"/>
                    <Translation y="110.0" z="1"/>
                </Panel>
                <Translation y="410"/>
                <SceneObject name="LinkButtonText">
                    <Text style="sl.skin.Button" maxHeight="60">
						<Pivot y="3" />
					</Text>
                </SceneObject>
            </SceneObject>
        </SceneObject>
	</SceneObject>
</Scene>

