<!DOCTYPE Scene SYSTEM "../../../../../../tools/dtd/scene.dtd">
<Scene>
    <SceneObject name="ServiceLayerPopup">
		<Animation name="OnAppear"		animationData="servicelayer-views.SlideInFromTop"	loopCount="0"/>
		<Animation name="OnDisappear"	animationData="servicelayer-views.SlideOutToTop"	loopCount="0"/>
        <SceneObject name="Background">
			<SceneObject name="OrangeField">
				<Sprite filename="servicelayer-views/tex/menu/orange_field.png">
					<Pivot anchor="center"/>
					<Size width="620" height="35"/>
				</Sprite>
				<Translation y="-220.0"/>
			</SceneObject>
			<SceneObject name="FillTheGapColor">
				<Sprite filename="servicelayer-views/tex/menu/bg_color.png">
					<Pivot anchor="center"/>
					<Size width="620" height="570"/>
				</Sprite>
				<Translation y="60.0"/>
			</SceneObject>
			<SceneObject name="BackgroundPanel">
				<Panel filename="servicelayer-views/tex/menu/tablets_border.png">
					<RemoveQuads center="true"/>
					<Pivot anchor="center"/>
					<Insets left="24" top="124" right="24" bottom="24"/>
					<Size width="640" height="700"/>
				</Panel>
			</SceneObject>
			<SceneObject name="KingLogo">
				<Sprite filename="servicelayer-views/tex/menu/king_logo.png">
					<Pivot anchor="center"/>
					<Scale x="0.5" y="0.5"/>
				</Sprite>
				<Translation y="-295.0"/>
			</SceneObject>
        </SceneObject>
        <SceneObject name="Content">
            <SceneObject name="CloseButton" class="Button">
                <Sprite filename="servicelayer-views/tex/menu/bg_color.png">
                    <Pivot anchor="center"/>
                    <Size width="110" height="60"/>
                    <Translation z="1"/>
                </Sprite>
                <SceneObject name="CloseButtonText">
                    <Text style="sl.GreenText" maxHeight="60" key="Close" alignment="right"/>
                    <Translation y="10" x="50" z="1"/>
                </SceneObject>
                <Translation y="-285.0" x="250" z="-1"/>
            </SceneObject>
            <SceneObject name="Question">
                <Text style="sl.OrangeHeader" maxHeight="90">
					<TextString>Are you aware that boosters recharge over time?</TextString>
				</Text>
                <Translation y="-140.0" z="1"/>
            </SceneObject>
			<SceneObject name="AnswersPanel">
				<Sprite filename="servicelayer-views/tex/menu/bg_white.png">
					<Pivot anchor="center"/>
					<Size width="550" height="260"/>
				</Sprite>
				<Translation y="45.0"/>			
			    <SceneObject name="Background1" class="Button">
					<Sprite filename="servicelayer-views/tex/menu/bg_white.png">
						<Pivot anchor="left"/>
						<Size width="450" height="56"/>
					</Sprite>
					<Translation x="-200" y="-75.0" z="1"/>
				</SceneObject>
			    <SceneObject name="Answer1" class="Button">
					<Text style="sl.MicroSurvey" />
					<Translation x="-200" y="-75.0" z="1"/>
				</SceneObject>
				<SceneObject name="Separator1">
					<Sprite filename="servicelayer-views/tex/menu/bg_light_grey.png">
						<Pivot anchor="center"/>
						<Size width="480" height="2"/>
					</Sprite>
					<Translation y="-40.0"/>
				</SceneObject>
			    <SceneObject name="Background2" class="Button">
					<Sprite filename="servicelayer-views/tex/menu/bg_white.png">
						<Pivot anchor="left"/>
						<Size width="450" height="56"/>
					</Sprite>
					<Translation x="-200" y="10.0" z="1"/>
				</SceneObject>
				<SceneObject name="Answer2" class="Button">
					<Text style="sl.MicroSurvey" />
					<Translation x="-200" y="10.0" z="1"/>
				</SceneObject>
				<SceneObject name="Separator2">
					<Sprite filename="servicelayer-views/tex/menu/bg_light_grey.png">
						<Pivot anchor="center"/>
						<Size width="480" height="2"/>
					</Sprite>
					<Translation y="45.0"/>
				</SceneObject>
			    <SceneObject name="Background3" class="Button">
					<Sprite filename="servicelayer-views/tex/menu/bg_white.png">
						<Pivot anchor="left"/>
						<Size width="450" height="56"/>
					</Sprite>
					<Translation x="-200" y="95.0" z="1"/>
				</SceneObject>
				<SceneObject name="Answer3" class="Button">
					<Text style="sl.MicroSurvey" />
					<Translation x="-200" y="95.0" z="1"/>
				</SceneObject>
				<SceneObject name="Check">
					<Sprite filename="servicelayer-views/tex/menu/check.png">
						<Pivot anchor="center"/>
						<Size width="36" height="32"/>
					</Sprite>
					<Translation x="-235" y="-75.0"/>
				</SceneObject>
			</SceneObject>
           <SceneObject name="LinkButton" class="Button">
                <Panel filename="servicelayer-views/tex/menu/green_button.png">
                    <Pivot anchor="center"/>
                    <Insets left="15" top="12" right="16" bottom="26"/>
                    <Size width="460" height="96"/>
                    <Translation y="110.0" z="1"/>
                </Panel>
                <Translation y="265"/>
                <SceneObject name="LinkButtonText">
                    <Text style="sl.Button" maxHeight="60">
						<Pivot y="3" />
					</Text>
                </SceneObject>
            </SceneObject>
        </SceneObject>
	</SceneObject>
</Scene>

