<!DOCTYPE Scene SYSTEM "../../../../../../tools/dtd/scene.dtd">
<Scene>
    <SceneObject name="ServiceLayerPopup">
		<Animation name="OnAppear"		animationData="servicelayer-views.SlideInFromTop"	loopCount="0"/>
		<Animation name="OnDisappear"	animationData="servicelayer-views.SlideOutToTop"	loopCount="0"/>
        <SceneObject name="Background">
			<SceneObject name="FillTheGapColor">
				<Sprite filename="servicelayer-views/tex/menu/bg_color.png">
					<Pivot anchor="center"/>
					<Size width="610" height="930"/>
				</Sprite>
				<Translation y="0.0"/>
			</SceneObject>
			<SceneObject name="BackgroundPanel">
				<Panel filename="servicelayer-views/tex/menu/multilink_frame.png">
					<RemoveQuads center="true"/>
					<Pivot anchor="center"/>
					<Insets left="30" top="30" right="30" bottom="30"/>
					<Size width="640" height="960"/>
				</Panel>
			</SceneObject>
			<SceneObject name="KingLogo">
				<Sprite filename="servicelayer-views/tex/menu/king_logo.png">
					<Pivot anchor="center"/>
					<Scale x="0.5" y="0.5"/>
				</Sprite>
				<Translation y="-425.0"/>
			</SceneObject>
        </SceneObject>
        <SceneObject name="Content">
            <SceneObject name="CloseButton" class="Button">
                <Sprite filename="servicelayer-views/tex/menu/bg_color.png">
                    <Pivot anchor="center"/>
                    <Size width="110" height="60"/>
                    <Translation z="1"/>
                </Sprite>
                <SceneObject>
                    <Text style="sl.GreenText" maxHeight="60" key="Close" alignment="right"/>
                    <Translation y="10" x="50" z="1"/>
                </SceneObject>
                <Translation y="-415.0" x="250" z="-1"/>
            </SceneObject>
            <SceneObject name="ImageHolder_0" class="Button">
                <Translation y="-175.0"/>
                <Size width="640" height="410"/>
            </SceneObject>
            <SceneObject name="ImageHolder_1" class="Button">
                <Translation y="145.0"/>
                <Size width="640" height="210"/>
            </SceneObject>
            <SceneObject name="ImageHolder_2" class="Button">
                <Translation y="365.0"/>
                <Size width="640" height="210"/>
            </SceneObject>
            <SceneObject name="LinkButton_0" class="Button">
                <Panel filename="servicelayer-views/tex/menu/green_button.png">
                    <Pivot anchor="center"/>
                    <Insets left="15" top="12" right="16" bottom="12"/>
                    <Size width="200" height="60"/>
                    <Translation y="110.0" z="1"/>
                </Panel>
                <Translation y="-5"/>
                <SceneObject name="LinkButtonText_0">
                    <Text font="sl.MultilinkButtonText" style="sl.MultilinkButton">
						<Pivot y="3" />
					</Text>
                </SceneObject>
            </SceneObject>
            <SceneObject name="LinkButton_1" class="Button">
                <Panel filename="servicelayer-views/tex/menu/green_button.png">
                    <Pivot anchor="center"/>
                    <Insets left="15" top="12" right="16" bottom="12"/>
                    <Size width="200" height="60"/>
                    <Translation y="110.0" z="1"/>
                </Panel>
                <Translation y="213"/>
                <SceneObject name="LinkButtonText_1">
                    <Text font="sl.MultilinkButtonText" style="sl.MultilinkButton">
						<Pivot y="3" />
					</Text>
                </SceneObject>
            </SceneObject>
           <SceneObject name="LinkButton_2" class="Button">
                <Panel filename="servicelayer-views/tex/menu/green_button.png">
                    <Pivot anchor="center"/>
                    <Insets left="15" top="12" right="16" bottom="12"/>
                    <Size width="200" height="60"/>
                    <Translation y="110.0" z="1"/>
                </Panel>
                <Translation y="431"/>
                <SceneObject name="LinkButtonText_2">
                    <Text font="sl.MultilinkButtonText" style="sl.MultilinkButton">
						<Pivot y="3" />
					</Text>
                </SceneObject>
            </SceneObject>
        </SceneObject>
	</SceneObject>
</Scene>

