<!DOCTYPE Scene SYSTEM "../../../../../../tools/dtd/scene.dtd">
<Scene>
    <SceneObject name="ServiceLayerPopup">
		<Animation name="OnAppear"		animationData="servicelayer-views.SlideInFromTop"	loopCount="0"/>
		<Animation name="OnDisappear"	animationData="servicelayer-views.SlideOutToTop"	loopCount="0"/>
        <SceneObject name="Background">
			<SceneObject name="FillTheGapColor">
				<Sprite filename="servicelayer-views/tex/menu/bg_color.png">
					<Pivot anchor="center"/>
					<Size width="696" height="948"/>
				</Sprite>
				<Translation y="0.0"/>
			</SceneObject>
			<SceneObject name="BackgroundPanel">
				<Panel filename="servicelayer-views/tex/menu/multilink5_border.png">
					<RemoveQuads center="true"/>
					<Pivot anchor="center"/>
					<Insets left="24" top="124" right="24" bottom="24"/>
					<Size width="706" height="958"/>
				</Panel>
			</SceneObject>

			<SceneObject name="KingLogo">
				<Sprite filename="servicelayer-views/tex/menu/Kingdom_icon.png">
					<Pivot anchor="center"/>
					<Size width="62" height="62"/>
				</Sprite>
				<Translation y="-432.0"/>
			</SceneObject>
        </SceneObject>
        <SceneObject name="Content">
           <SceneObject name="CloseButton" class="Button">
                 <Panel filename="servicelayer-views/tex/menu/bg_transparent.png">
                    <Pivot anchor="center"/>
                    <Size width="150" height="100"/>
                    <Insets left="1" top="1" right="1" bottom="1"/>
                </Panel>
                <Translation y="-432" x="309"/>
           </SceneObject>
           <SceneObject name="close_x">
                <Sprite filename="servicelayer-views/tex/menu/white_x.png">
                    <Pivot anchor="center"/>
                    <Size width="34" height="34"/>
                </Sprite>
                <Translation y="-432" x="309"/>
            </SceneObject>
			<SceneObject name="orange_separator">
                <Sprite filename="servicelayer-views/tex/menu/orange_separator.png">
                    <Pivot anchor="center"/>
                    <Size width="2" height="88"/>
                </Sprite>
                <Translation y="-436" x="265"/>
            </SceneObject>
			<SceneObject name="ImageHolder_0" class="Button">
				<Translation y="-241.0"/>
			</SceneObject>
            <SceneObject name="ImageHolder_0_Shadow">
                <Sprite filename="servicelayer-views/tex/menu/border_shadow.png">
                    <Size forceUniform="false" width="696" height="10"/>
                </Sprite>
                <Translation y="-381.0" x="-348"/>
            </SceneObject>
			<SceneObject name="LinkButton_0" class="Button">
                <Panel filename="servicelayer-views/tex/menu/orange_button.png">
                    <Pivot anchor="center"/>
                    <Insets left="15" top="12" right="16" bottom="12"/>
                    <Size width="443" height="95"/>
                    <Translation y="110.0" z="1"/>
                </Panel>
                <Translation x="0" y="-94"/>
                <SceneObject name="LinkButtonText_0">
                    <Text font="sl.MultilinkButtonText" style="sl.Multilink5ButtonBig">
						<TextString>Button 0</TextString>
						<Pivot y="8" />
					</Text>
                </SceneObject>
            </SceneObject>
 			<SceneObject name="ImageHolder_1" class="Button">
				<Translation x="-177" y="72"/>
			</SceneObject>
            <SceneObject name="ImageHolder_1_Shadow">
                <Sprite filename="servicelayer-views/tex/menu/border_shadow.png">
                    <Size forceUniform="false" width="342" height="5"/>
                </Sprite>
                <Translation x="-348" y="-21"/>
            </SceneObject>
            <SceneObject name="LinkButton_1" class="Button">
                <Panel filename="servicelayer-views/tex/menu/green_button.png">
                    <Pivot anchor="center"/>
                    <Insets left="15" top="12" right="16" bottom="12"/>
                    <Size width="336" height="85"/>
                    <Translation y="110.0" z="1"/>
                </Panel>
                <Translation x="-177" y="173"/>
                <SceneObject name="LinkButtonText_1">
                    <Text font="sl.MultilinkButtonText" style="sl.Multilink5Button">
						<TextString>Button 1</TextString>
						<Pivot y="8" />
					</Text>
                </SceneObject>
            </SceneObject>
  			<SceneObject name="ImageHolder_2" class="Button">
 				<Translation x="177" y="72"/>
			</SceneObject>
            <SceneObject name="ImageHolder_2_Shadow">
                <Sprite filename="servicelayer-views/tex/menu/border_shadow.png">
                    <Size forceUniform="false" width="342" height="5"/>
                </Sprite>
                <Translation x="6" y="-21"/>
            </SceneObject>
            <SceneObject name="LinkButton_2" class="Button">
                <Panel filename="servicelayer-views/tex/menu/green_button.png">
                    <Pivot anchor="center"/>
                    <Insets left="15" top="12" right="16" bottom="12"/>
                    <Size width="336" height="85"/>
                    <Translation y="110.0" z="1"/>
                </Panel>
                <Translation x="177" y="173"/>
                <SceneObject name="LinkButtonText_2">
                    <Text font="sl.MultilinkButtonText" style="sl.Multilink5Button">
						<TextString>Button 2</TextString>
						<Pivot y="8" />
					</Text>
                </SceneObject>
            </SceneObject>
 			<SceneObject name="ImageHolder_3" class="Button">
 				<Translation x="-177" y="327"/>
			</SceneObject>
            <SceneObject name="ImageHolder_3_Shadow">
                <Sprite filename="servicelayer-views/tex/menu/border_shadow.png">
                    <Size forceUniform="false" width="342" height="5"/>
                </Sprite>
                <Translation x="-348" y="234"/>
            </SceneObject>
            <SceneObject name="LinkButton_3" class="Button">
                <Panel filename="servicelayer-views/tex/menu/green_button.png">
                    <Pivot anchor="center"/>
                    <Insets left="15" top="12" right="16" bottom="12"/>
                    <Size width="336" height="85"/>
                    <Translation y="110.0" z="1"/>
                </Panel>
                <Translation x="-177" y="428"/>
                <SceneObject name="LinkButtonText_3">
                    <Text font="sl.MultilinkButtonText" style="sl.Multilink5Button">
						<TextString>Button 3</TextString>
						<Pivot y="8" />
					</Text>
                </SceneObject>
            </SceneObject>
 			<SceneObject name="ImageHolder_4" class="Button">
 				<Translation x="177" y="327"/>
			</SceneObject>
            <SceneObject name="ImageHolder_4_Shadow">
                <Sprite filename="servicelayer-views/tex/menu/border_shadow.png">
                    <Size forceUniform="false" width="342" height="5"/>
                </Sprite>
                <Translation x="6" y="234"/>
            </SceneObject>
            <SceneObject name="LinkButton_4" class="Button">
                <Panel filename="servicelayer-views/tex/menu/green_button.png">
                    <Pivot anchor="center"/>
                    <Insets left="15" top="12" right="16" bottom="12"/>
                    <Size width="336" height="85"/>
                    <Translation y="110.0" z="1"/>
                </Panel>
                <Translation x="177" y="428"/>
                <SceneObject name="LinkButtonText_4">
                    <Text font="sl.MultilinkButtonText" style="sl.Multilink5Button">
						<TextString>Button 4</TextString>
						<Pivot y="8" />
					</Text>
                </SceneObject>
            </SceneObject>
        </SceneObject>
	</SceneObject>
</Scene>

