<?xml version="1.0" encoding="UTF-8"?>
<!DOCTYPE Scene SYSTEM "../../../../../../tools/dtd/scene.dtd">
		
<Scene>
	<SceneObject name="SLMediatorAnimPopup">		
		<Animation name="Idle" animationData="servicelayer-views.Bounce" play="true" />
		<!--<Animation name="OnAppear" animationData="servicelayer-views.SlideInFromTop" loopCount="0" /> -->
		<Animation name="OnDisappear" animationData="servicelayer-views.SlideOutToTop" startDelay="0.5" loopCount="0"/>
		
		<Panel filename="servicelayer-views/tex/menu/bg_white.png" wrap="repeat" vertexColors="true">
			<VertexColor r="255" g="0" b="4" a="255" />
			<Insets bottom="0" left="0" right="0" top="0" />
		</Panel>
		<SceneObject name="AnimObject">
			<Model filename="servicelayer-views/models/waiting/waiting.ffm" skinNormals="false">
				<Animation name="OnAppear" filename="servicelayer-views/models/waiting/waitingAppear.ffa" play="true" loopCount="0" />
				<Animation name="OnDisappear" filename="servicelayer-views/models/waiting/waitingOpen.ffa" play="true" loopCount="0" />
			</Model>
			<Material>
				<Texture filename="servicelayer-views/tex/waiting.png" />
				<Blend enabled="true" />
				<Depth enabled="true" />
			</Material>
		</SceneObject>
	</SceneObject>
</Scene>

