<?xml version="1.0" encoding="UTF-8"?>
<!DOCTYPE Layout SYSTEM "../../../../../../tools/dtd/layout.dtd">
<Layout>
	<Object sceneObject="AnimObject">
		<DefaultLayout>
			<Size>
				<OriginalSize width="640" height="960" />
				<Width percentage="100" />
				<Height percentage="-100" />
			</Size>
		</DefaultLayout>
	</Object>
	<Object sceneObject="SLMediatorAnimPopup">
		<DefaultLayout>
			<Size forceUniform="true">
				<Width percentage="96" />
				<Height percentage="96" />
				<OriginalSize width="640" height="960" />
			</Size>
			<Translation>
				<X percentage="50" />
				<Y percentage="50" />
			</Translation>
		</DefaultLayout>
	</Object>
</Layout>

