<!DOCTYPE Animations SYSTEM "../../../../tools/dtd/animation.dtd">
<Animations>
  <Animation name="KingdomRotateZ" speed="15">
    <Rotation time="0" z="0"/>
    <Rotation time="0.999" z="0"/>
    <Rotation time="1" z="30"/>
    <Rotation time="1.999" z="30"/>
    <Rotation time="2" z="60"/>
    <Rotation time="2.999" z="60"/>
    <Rotation time="3" z="90"/>
    <Rotation time="3.999" z="90"/>
    <Rotation time="4" z="120"/>
    <Rotation time="4.999" z="120"/>
    <Rotation time="5" z="150"/>
    <Rotation time="5.999" z="150"/>
    <Rotation time="6" z="180"/>
    <Rotation time="6.999" z="180"/>
    <Rotation time="7" z="210"/>
    <Rotation time="7.999" z="210"/>
    <Rotation time="8" z="240"/>
    <Rotation time="8.999" z="240"/>
    <Rotation time="9" z="270"/>
    <Rotation time="9.999" z="270"/>
    <Rotation time="10" z="300"/>
    <Rotation time="10.999" z="300"/>
    <Rotation time="11" z="330"/>
    <Rotation time="11.999" z="330"/>
    <Rotation time="12" z="360"/>
  </Animation>
  <Animation name="KingdomShakeTextField" speed="5">
    <Translation time="0.00" x="-5.000" y="0.000" z="0.000"/>
    <Translation time="0.05" x="-15.000" y="0.000" z="0.000"/>
    <Translation time="0.10" x="-30.000" y="0.000" z="0.000"/>
    <Translation time="0.15" x="-45.000" y="0.000" z="0.000"/>
    <Translation time="0.20" x="-60.000" y="0.000" z="0.000"/>
    <Translation time="0.25" x="-45.000" y="0.000" z="0.000"/>
    <Translation time="0.30" x="-30.000" y="0.000" z="0.000"/>
    <Translation time="0.35" x="-15.000" y="0.000" z="0.000"/>
    <Translation time="0.40" x="-5.000" y="0.000" z="0.000"/>
    <Translation time="0.45" x="0.000" y="0.000" z="0.000"/>
    <Translation time="0.50" x="5.000" y="0.000" z="0.000"/>
    <Translation time="0.55" x="15.000" y="0.000" z="0.000"/>
    <Translation time="0.60" x="30.000" y="0.000" z="0.000"/>
    <Translation time="0.65" x="45.000" y="0.000" z="0.000"/>
    <Translation time="0.70" x="60.000" y="0.000" z="0.000"/>
    <Translation time="0.75" x="45.000" y="0.000" z="0.000"/>
    <Translation time="0.80" x="30.000" y="0.000" z="0.000"/>
    <Translation time="0.85" x="15.000" y="0.000" z="0.000"/>
    <Translation time="0.90" x="5.000" y="0.000" z="0.000"/>
    <Translation time="0.95" x="0.000" y="0.000" z="0.000"/>
  </Animation>
  <Animation name="KingdomFadeIn" speed="10" colorBlendMode="multiply">
    <Color time="0.0" a="0"/>
	<Color time="1.5" a="255"/>
  </Animation>
  <Animation name="KingdomFadeOut" speed="10" colorBlendMode="multiply">
    <Color time="0.0" a="255"/>
	<Color time="1.5" a="0"/>
  </Animation>
  <Animation name="KingdomFadeInAllKinds" speed="10" colorBlendMode="multiply" recursiveForVertexColors="true" recursiveForMaterialColors="true" alphaOnlyForVertexColors="true" alphaOnlyForMaterialColors="true">
    <Color time="0.0" a="0"/>
	<Color time="1.5" a="255"/>
    <VertexColor time="0.0" a="0"/>
	<VertexColor time="1.5" a="255"/>
  </Animation>
  <Animation name="KingdomFadeOutAllKinds" speed="10" colorBlendMode="multiply" recursiveForVertexColors="true" recursiveForMaterialColors="true" alphaOnlyForVertexColors="true" alphaOnlyForMaterialColors="true">
    <Color time="0.0" a="255"/>
	<Color time="1.5" a="0"/>
    <VertexColor time="0.0" a="255"/>
	<VertexColor time="1.5" a="0"/>
  </Animation>
  <Animation name="KingdomFadeOutWithReset" speed="10" colorBlendMode="multiply">
    <Color time="0.0" a="255"/>
	<Color time="1.5" a="0"/>
	<Color time="1.6" a="255"/>
  </Animation>
  <Animation name="KingdomBlink" speed="10" colorBlendMode="multiply">
    <Color time="0.0" a="0"/>
    <Color time="1.0" a="255"/>
	<Color time="2.0" a="0"/>
  </Animation>
    <Animation name="KingdomScaleToZero" speed="10">
    <Scale time="0.0" x="1.000" y="1.000" tween="quad" easeMode="easeIn"/>
	<Scale time="1.0" x="0.611" y="0.611"/>
	<Scale time="2.0" x="0.000" y="0.000"/>
  </Animation>
  <Animation name="KingdomScaleToOne" speed="10">
    <Scale time="0.0" x="0.000" y="0.000" tween="quad" easeMode="easeIn"/>
	<Scale time="1.0" x="0.611" y="0.611"/>
	<Scale time="2.0" x="1.000" y="1.000"/>
  </Animation>
  <Animation  name="KingdomOverlayFadeIn" 
              speed="10"
              colorBlendMode="multiply"
              alphaOnlyForVertexColors="true"
              recursiveForVertexColors="true">
    <VertexColor time="0.0" a="0"/>
	  <VertexColor time="3.45" a="255"/>
  </Animation>
  <Animation  name="KingdomOverlayFadeOut" 
              speed="10"
              colorBlendMode="multiply"
              alphaOnlyForVertexColors="true"
              recursiveForVertexColors="true">
	  <VertexColor time="0.0" a="255"/>
    <VertexColor time="3.45" a="0"/>
  </Animation>
  <Animation  name="KingdomOverlayBackgroundFadeIn" 
              speed="10"
              colorBlendMode="multiply"
              alphaOnlyForMaterialColors="true">
    <Color time="0.0" a="0"/>
	  <Color time="3.45" a="240"/>
  </Animation>
  <Animation  name="KingdomOverlayBackgroundFadeOut" 
              speed="10"
              colorBlendMode="multiply"
              alphaOnlyForMaterialColors="true">
	  <Color time="0.0" a="240"/>
    <Color time="3.45" a="0"/>
  </Animation>
  <Animation name="KingdomEntryHide" speed="60">
	<Translation time="0.0" x="0.000" y="0.000" tween="back" easeMode="easeIn"/>
	<Translation time="15" x="0.000" y="55.000"/>
  </Animation>
  <Animation name="KingdomEntryShow" speed="60">
   <Translation time="0.0" x="0.000" y="55.000" tween="back" easeMode="easeOut"/>
	<Translation time="15" x="0.000" y="0.000"/>
  </Animation>
	<Animation name="KingdomShowToast" speed="60">
		<Translation time="0" x="0" y="130" tween="back" easeMode="easeOut"/>
		<Translation time="30" x="0" y="0"/>
	</Animation>
	<Animation name="KingdomShowToastShadow" speed="60" colorBlendMode="multiply" alphaOnlyForMaterialColors="true" recursiveForMaterialColors="true">
		<Scale time="0" x="2" y="2" tween="back" easeMode="easeOut"/>
		<Scale time="30" x="1" y="1"/>

		<Color time="0" a="0"/>
		<Color time="30" a="200"/>
	</Animation>
	<Animation name="KingdomHideToast" speed="60" colorBlendMode="multiply" alphaOnlyForMaterialColors="true" recursiveForMaterialColors="true">
		<Translation time="0" x="0" y="0" tween="back" easeMode="easeIn"/>
		<Translation time="25" x="0" y="130"/>

		<Color time="0" a="255"/>
		<Color time="10" a="255"/>
		<Color time="25" a="155"/>
	</Animation>
	<Animation name="KingdomHideToastShadow" speed="60" colorBlendMode="multiply" alphaOnlyForMaterialColors="true" recursiveForMaterialColors="true">
		<Color time="10" a="200"/>
		<Color time="25" a="0"/>
	</Animation>
	<Animation name="KingdomCloseToastMessage" speed="60" colorBlendMode="multiply" alphaOnlyForMaterialColors="true" recursiveForMaterialColors="true">
		<Translation time="0" x="0" y="0" tween="quad" easeMode="easeIn"/>
		<Translation time="35" x="0" y="160"/>

		<Color time="20" a="255"/>
		<Color time="35" a="100"/>
		<Color time="36" a="0"/>

		<Rotation time="3" z="0" tween="quad" easeMode="easeIn"/>
		<Rotation time="35" z="-8"/>
	</Animation>

	<Animation name="KingdomOpenToastMessage" speed="60" colorBlendMode="multiply" alphaOnlyForMaterialColors="true" recursiveForMaterialColors="true">
		<Translation time="0" x="0" y="0"/>

		<Color time="0" a="0"/>
		<Color time="20" a="255"/>
	</Animation>
</Animations>

