<Languages>
	<Language languageCode="en"		localizationFileEnding=""			bitmapFont="true"/>
	<Language languageCode="zh_TW"	localizationFileEnding=""			bitmapFont="true"/>
	<Language languageCode="zh-Hant" localizationFileEnding=""			bitmapFont="true"/>
	<Language languageCode="zh-HK"  localizationFileEnding=""			bitmapFont="true"/>
	<Language languageCode="zh-TW"  localizationFileEnding=""			bitmapFont="true"/>
	<Language languageCode="sv"		localizationFileEnding="_sv"		bitmapFont="true"/>
	<Language languageCode="nl"		localizationFileEnding="_nl"		bitmapFont="true"/>
	<Language languageCode="da"		localizationFileEnding="_da"		bitmapFont="true"/>
	<Language languageCode="de"		localizationFileEnding="_de"		bitmapFont="true"/>
	<Language languageCode="es"		localizationFileEnding="_es"		bitmapFont="true"/>
	<Language languageCode="fi"		localizationFileEnding="_fi"		bitmapFont="true"/>
	<Language languageCode="fr"		localizationFileEnding="_fr"		bitmapFont="true"/>
	<Language languageCode="it"		localizationFileEnding="_it"		bitmapFont="true"/>
	
	<!-- all three 'no', 'nb', 'nn' can stand for different kinds of norsk on different platforms -->
	<Language languageCode="no"		localizationFileEnding="_no"		bitmapFont="true"/>
	<Language languageCode="nb"		localizationFileEnding="_no"		bitmapFont="true"/>
	<Language languageCode="nn"		localizationFileEnding="_no"		bitmapFont="true"/>

	<Language languageCode="pt-BR"	localizationFileEnding="_pt_BR"		bitmapFont="true"/>
	<Language languageCode="pt"		localizationFileEnding="_pt_BR"		bitmapFont="true"/>
	<Language languageCode="pt-PT"	localizationFileEnding="_pt_BR"		bitmapFont="true"/>

	<Language languageCode="tr"		localizationFileEnding="_tr"		bitmapFont="true"/>
	<Language languageCode="ja"		localizationFileEnding="_ja"		bitmapFont="false"/>
	<Language languageCode="ko"		localizationFileEnding="_ko"		bitmapFont="true"/>
	<Language languageCode="zh"		localizationFileEnding="_zh_CN"		bitmapFont="true"/>
	<Language languageCode="zh_CN"	localizationFileEnding="_zh_CN"		bitmapFont="true"/>
	<Language languageCode="zh-Hans" localizationFileEnding="_zh_CN"		bitmapFont="true"/>
</Languages>

