<Shaders>
	<Shader name="KingdomTextureColor" vertexShader="kingdom-views/shaders/texturecolor.vert" fragmentShader="kingdom-views/shaders/texturecolor.frag">	<!-- Default -->
		<Attribute name="a_position" input="Positions"><DefaultValue size="3" x="1" y="1" z="1"/></Attribute>
		<Attribute name="a_texCoord" input="UVs"><DefaultValue size="2" x="1" y="1"/></Attribute>
		<Attribute name="a_color" input="Colors"><DefaultValue size="4" x="1" y="1" z="1" w="1"/></Attribute>
	</Shader>
	<Shader name="KingdomGreyScale" vertexShader="kingdom-views/shaders/texturecolor.vert" fragmentShader="kingdom-views/shaders/greyscale.frag">	<!-- Gray scale -->
		<Attribute name="a_position" input="Positions"><DefaultValue size="3" x="1" y="1" z="1"/></Attribute>
		<Attribute name="a_texCoord" input="UVs"><DefaultValue size="2" x="1" y="1"/></Attribute>
		<Attribute name="a_color" input="Colors"><DefaultValue size="4" x="1" y="1" z="1" w="1"/></Attribute>
	</Shader>
	<Shader name="KingdomAlphaTextureColor" vertexShader="kingdom-views/shaders/alphatexturecolor.vert" fragmentShader="kingdom-views/shaders/alphatexturecolor.frag">		<!-- Unicode font -->
		<Attribute name="a_position" input="Positions"><DefaultValue size="3" x="1" y="1" z="1"/></Attribute>
		<Attribute name="a_texCoord" input="UVs"><DefaultValue size="2" x="1" y="1"/></Attribute>
		<Attribute name="a_color" input="Colors"><DefaultValue size="4" x="1" y="1" z="1" w="1"/></Attribute>
	</Shader>
</Shaders>

