<!DOCTYPE TextStyles SYSTEM "../../../tools/dtd/textstyles.dtd">
<TextStyles>
	<!--
		NOTE: we have four sizes for now:

			Large = 62x62
			Big = 44x44
			Medium = 36x36
			Small = 30x30
	-->

	<!-- button styles -->
	<TextStyle name="KingdomButton" font="KingSuperGroteskOffcProMedium" alignment="center">
		<Size x="44" y="44" />
	</TextStyle>
	<TextStyle name="KingdomButtonLeft" font="KingSuperGroteskOffcProMedium" alignment="left" verticalAlignment="center">
		<Size x="28" y="28"/>
	</TextStyle>
	<TextStyle name="KingdomButtonRight" font="KingSuperGroteskOffcProMedium" alignment="right" verticalAlignment="center">
		<Size x="28" y="28"/>
	</TextStyle>
	<TextStyle name="KingdomGreenButtonBold" font="KingSuperGroteskOffcProMedium" alignment="left" verticalAlignment="center">
		<Size x="32" y="32"/>
		<Color r="0" g="182" b="125" />
	</TextStyle>

	<!-- avatar bar styles -->
	<TextStyle name="KingdomAvatarBarEmailPortrait" font="KingSuperGroteskOffcProRegularUnicode" alignment="center" verticalAlignment="center">
		<Size x="36" y="36"/>
	</TextStyle>
	<TextStyle name="KingdomAvatarBarNamePortrait" font="KingSuperGroteskOffcProMediumUnicode" alignment="center" verticalAlignment="center">
		<Size x="62" y="62"/>
	</TextStyle>
	<TextStyle name="KingdomAvatarBarSubtitlePortrait" font="KingSuperGroteskOffcProMedium" alignment="center" verticalAlignment="center">
		<Size x="42" y="42"/>
	</TextStyle>
	<TextStyle name="KingdomAvatarBarParagraphPortrait" font="KingSuperGroteskOffcProRegular" alignment="center" verticalAlignment="center">
		<Size x="36" y="36"/>
	</TextStyle>
	<TextStyle name="KingdomAvatarBarEmailLandscape" font="KingSuperGroteskOffcProRegularUnicode" alignment="left" verticalAlignment="center">
		<Size x="36" y="36"/>
	</TextStyle>
	<TextStyle name="KingdomAvatarBarNameLandscape" font="KingSuperGroteskOffcProMediumUnicode" alignment="left" verticalAlignment="center">
		<Size x="62" y="62"/>
	</TextStyle>
	<TextStyle name="KingdomAvatarBarSubtitleLandscape" font="KingSuperGroteskOffcProMedium" alignment="left" verticalAlignment="center">
		<Size x="42" y="42"/>
	</TextStyle>
	<TextStyle name="KingdomAvatarBarParagraphLandscape" font="KingSuperGroteskOffcProRegular" alignment="left" verticalAlignment="center">
		<Size x="36" y="36"/>
	</TextStyle>

	<!-- menu styles -->
	<TextStyle name="KingdomOrangeHeader" font="KingSuperGroteskOffcProMedium" alignment="center" verticalAlignment="center">
		<Size x="62" y="62" />
		<Color r="255" g="153" b="0" />
	</TextStyle>
	<TextStyle name="KingdomGreyHeader" font="KingSuperGroteskOffcProMedium" alignment="center" verticalAlignment="center">
		<Size x="44" y="44" />
		<Color r="73" g="73" b="73" />
	</TextStyle>
	<TextStyle name="KingdomGrey" font="KingSuperGroteskOffcProRegular" alignment="center" verticalAlignment="center">
		<Size x="36" y="36" />
		<Color r="73" g="73" b="73" />
	</TextStyle>
	<TextStyle name="KingdomGreyLink" font="KingSuperGroteskOffcProRegular" alignment="center" verticalAlignment="center">
		<Size x="26" y="26" />
		<Color r="73" g="73" b="73" />
	</TextStyle>
	<TextStyle name="KingdomGreenLink" font="KingSuperGroteskOffcProMedium" alignment="center" verticalAlignment="center">
		<Size x="34" y="34" />
		<Color r="0" g="182" b="125" />
	</TextStyle>
	<TextStyle name="KingdomResultMessage" font="KingSuperGroteskOffcProRegular" alignment="left" verticalAlignment="center">
		<Size x="30" y="30" />
		<Color r="73" g="73" b="73" />
	</TextStyle>
	<TextStyle name="KingdomHeaderTitle" font="KingSuperGroteskOffcProRegular" alignment="center" verticalAlignment="center">
		<Size x="35" y="35" />
	</TextStyle>
	<TextStyle name="KingdomUserInfoUserName" font="KingSuperGroteskOffcProMedium" alignment="left" verticalAlignment="center">
		<Size x="44" y="44" />
		<Color r="73" g="73" b="73" />
	</TextStyle>
	<TextStyle name="KingdomUserInfoEmail" font="KingSuperGroteskOffcProRegular" alignment="left" verticalAlignment="center">
		<Size x="36" y="36" />
		<Color r="73" g="73" b="73" />
	</TextStyle>
	<TextStyle name="KingdomSmallUnselected" font="KingSuperGroteskOffcProRegular" alignment="center" verticalAlignment="center">
		<Size x="30" y="30" />
		<Color r="100" g="100" b="100" />
	</TextStyle>
	<TextStyle name="KingdomSmallSelected" font="KingSuperGroteskOffcProRegular" alignment="center" verticalAlignment="center">
		<Size x="30" y="30" />
		<Color r="0" g="182" b="125" />
	</TextStyle>
	<TextStyle name="KingdomSmallHeader" font="KingSuperGroteskOffcProMedium" alignment="left" verticalAlignment="center">
		<Color r="73" g="73" b="73" />
	</TextStyle>
	<TextStyle name="KingdomSmallInfo" font="KingSuperGroteskOffcProRegular" alignment="left" verticalAlignment="center">
		<Size x="22" y="22" />
		<Color r="7" g="182" b="125" />
	</TextStyle>
	<!-- error display styles -->
	<TextStyle name="KingdomErrorDisplay" font="KingSuperGroteskOffcProMedium" alignment="center" verticalAlignment="visualCenter">
		<Size x="36" y="36" />
	</TextStyle>
	<TextStyle name="KingdomImageText" font="KingSuperGroteskOffcProMedium" alignment="center" verticalAlignment="visualCenter" centerAlignment="center">
		<Pivot anchor="center"/>
		<Color r="255" g="235" b="160" />
		<GradientColor r="240" g="155" b="0" enabled="true"/>
		<Shadow enabled="true">
            <Color r="170" g="107" b="22" />
            <Offset x="0" y="1" />
        </Shadow>
	</TextStyle>
</TextStyles>

