<Translations>
	<Translations>
		<Translation locale="en"		filenameSuffix=""			bitmapFont="true"/>
		<Translation locale="sv"		filenameSuffix="_sv"		bitmapFont="true"/>
		<Translation locale="nl"		filenameSuffix="_nl"		bitmapFont="true"/>
		<Translation locale="da"		filenameSuffix="_da"		bitmapFont="true"/>
		<Translation locale="de"		filenameSuffix="_de"		bitmapFont="true"/>
		<Translation locale="es"		filenameSuffix="_es"		bitmapFont="true"/>
		<Translation locale="fi"		filenameSuffix="_fi"		bitmapFont="true"/>
		<Translation locale="fr"		filenameSuffix="_fr"		bitmapFont="true"/>
		<Translation locale="it"		filenameSuffix="_it"		bitmapFont="true"/>

		<!-- all three 'no', 'nb', 'nn' can stand for different kinds of norsk on different platforms -->
		<Translation locale="no"		filenameSuffix="_no"		bitmapFont="true"/>
		<Translation locale="nb"		filenameSuffix="_no"		bitmapFont="true"/>
		<Translation locale="nn"		filenameSuffix="_no"		bitmapFont="true"/>

		<Translation locale="pt-BR"		filenameSuffix="_pt_BR"		bitmapFont="true"/>
		<Translation locale="pt"		filenameSuffix="_pt_BR"		bitmapFont="true"/>
		<Translation locale="pt-PT"		filenameSuffix="_pt_BR"		bitmapFont="true"/>

		<Translation locale="tr"		filenameSuffix="_tr"		bitmapFont="true"/>
		<Translation locale="ja"		filenameSuffix="_ja"		bitmapFont="false"/>
		<Translation locale="ko"		filenameSuffix="_ko"		bitmapFont="true"/>
		<Translation locale="zh"		filenameSuffix="_zh"		bitmapFont="true"/>
		<Translation locale="zh_TW"		filenameSuffix="_zh"		bitmapFont="true"/>
		<Translation locale="zh-Hant"	filenameSuffix="_zh"		bitmapFont="true"/>
		<Translation locale="zh-HK"		filenameSuffix="_zh"		bitmapFont="true"/>
		<Translation locale="zh-TW"		filenameSuffix="_zh"		bitmapFont="true"/>
		<Translation locale="zh_CN"		filenameSuffix="_zh_CN"		bitmapFont="true"/>
		<Translation locale="zh-Hans"	filenameSuffix="_zh_CN"		bitmapFont="true"/>
	</Translations>
	<TranslationFiles>
		<TranslationFile filename="kingdom-views/localization/kingdom_menus"/>
		<TranslationFile filename="kingdom-views/localization/kingdom_menus_common"/>
		<TranslationFile filename="kingdom-views/localization/bundled"/>
	</TranslationFiles>
</Translations>

