<client action=\"gameover\" slotId=\"57788732\" playId=\"0\" request=\"3\" magic=\"813666108\"><gameover time=\"2009-05-29 11:40:16\" lastplaydataid=\"80\"> 11|436|{"userInitiated":true,"type":"SwapCommand","target":"{\"column\":8,\"row\":7}","source":"{\"column\":7,\"row\":7}"}</entry><entry id=\"5\"> 11|656|{"userInitiated":true,"type":"SwapCommand","target":"{\"column\":7,\"row\":6}","source":"{\"column\":6,\"row\":6}"}</entry><entry id=\"6\"> 11|948|{"type":"UNKNOWN_STRING_ID"}</entry><entry id=\"7\"> 11|1074|{"userInitiated":true,"type":"SwapCommand","target":"{\"column\":2,\"row\":6}","source":"{\"column\":1,\"row\":6}"}</entry><entry id=\"8\"> 11|1316|{"type":"UNKNOWN_STRING_ID"}</entry><entry id=\"9\"> 11|1514|{"userInitiated":true,"type":"SwapCommand","target":"{\"column\":6,\"row\":5}","source":"{\"column\":6,\"row\":4}"}</entry><entry id=\"10\"> 11|1757|{"userInitiated":true,"type":"SwapCommand","target":"{\"column\":6,\"row\":2}","source":"{\"column\":5,\"row\":2}"}</entry><entry id=\"11\"> 11|2008|{"type":"UNKNOWN_STRING_ID"}</entry><entry id=\"12\"> 11|2054|{"userInitiated":true,"type":"SwapCommand","target":"{\"column\":8,\"row\":2}","source":"{\"column\":7,\"row\":2}"}</entry><entry id=\"13\"> 11|2275|{"userInitiated":true,"type":"SwapCommand","target":"{\"column\":8,\"row\":6}","source":"{\"column\":8,\"row\":7}"}</entry><entry id=\"14\"> 11|2433|{"userInitiated":true,"type":"SwapCommand","target":"{\"column\":6,\"row\":3}","source":"{\"column\":6,\"row\":2}"}</entry><entry id=\"15\"> 11|2656|{"userInitiated":true,"type":"SwapCommand","target":"{\"column\":6,\"row\":4}","source":"{\"column\":6,\"row\":3}"}</entry><entry id=\"16\"> 11|2855|{"userInitiated":true,"type":"SwapCommand","target":"{\"column\":6,\"row\":2}","source":"{\"column\":6,\"row\":3}"}</entry><entry id=\"17\"> 11|3167|{"type":"UNKNOWN_STRING_ID"}</entry><entry id=\"18\"> 11|3417|{"userInitiated":true,"type":"SwapCommand","target":"{\"column\":8,\"row\":3}","source":"{\"column\":8,\"row\":2}"}</entry><entry id=\"19\"> 11|3678|{"type":"UNKNOWN_STRING_ID"}</entry><entry id=\"20\"> 11|3693|{"userInitiated":true,"type":"SwapCommand","target":"{\"column\":7,\"row\":6}","source":"{\"column\":6,\"row\":6}"}</entry><entry id=\"21\"> 11|3907|{"userInitiated":true,"type":"SwapCommand","target":"{\"column\":6,\"row\":4}","source":"{\"column\":6,\"row\":3}"}</entry><entry id=\"22\"> 11|4004|{"userInitiated":true,"type":"SwapCommand","target":"{\"column\":6,\"row\":3}","source":"{\"column\":6,\"row\":2}"}</entry><entry id=\"23\"> 11|4318|{"type":"UNKNOWN_STRING_ID"}</entry><entry id=\"24\"> 11|4406|{"userInitiated":true,"type":"SwapCommand","target":"{\"column\":0,\"row\":6}","source":"{\"column\":0,\"row\":5}"}</entry><entry id=\"25\"> 11|4648|{"type":"UNKNOWN_STRING_ID"}</entry><entry id=\"26\"> 11|4648|{"type":"UNKNOWN_STRING_ID"}</entry><entry id=\"27\"> 11|4649|{"type":"UNKNOWN_STRING_ID"}</entry><entry id=\"28\"> 11|5221|{"userInitiated":true,"type":"SwapCommand","target":"{\"column\":3,\"row\":3}","source":"{\"column\":2,\"row\":3}"}</entry><entry id=\"29\"> 11|5450|{"type":"UNKNOWN_STRING_ID"}</entry><entry id=\"30\"> 11|5466|{"userInitiated":true,"type":"SwapCommand","target":"{\"column\":6,\"row\":1}","source":"{\"column\":5,\"row\":1}"}</entry><entry id=\"31\"> 11|5713|{"userInitiated":true,"type":"SwapCommand","target":"{\"column\":1,\"row\":8}","source":"{\"column\":0,\"row\":8}"}</entry><entry id=\"32\"> 11|5964|{"type":"UNKNOWN_STRING_ID"}</entry><entry id=\"33\"> 11|6078|{"userInitiated":true,"type":"SwapCommand","target":"{\"column\":6,\"row\":3}","source":"{\"column\":5,\"row\":3}"}</entry><entry id=\"34\"> 11|6211|{"userInitiated":true,"type":"SwapCommand","target":"{\"column\":6,\"row\":4}","source":"{\"column\":6,\"row\":5}"}</entry><entry id=\"35\"> 11|6460|{"type":"UNKNOWN_STRING_ID"}</entry><entry id=\"36\"> 11|6460|{"type":"UNKNOWN_STRING_ID"}</entry><entry id=\"37\"> 11|6460|{"type":"UNKNOWN_STRING_ID"}</entry><entry id=\"38\"> 11|6545|{"type":"UNKNOWN_STRING_ID"}</entry><entry id=\"39\"> 11|6678|{"type":"UNKNOWN_STRING_ID"}</entry><entry id=\"40\"> 11|6755|{"type":"UNKNOWN_STRING_ID"}</entry><entry id=\"41\"> 11|6755|{"type":"UNKNOWN_STRING_ID"}</entry><entry id=\"42\"> 11|6821|{"type":"UNKNOWN_STRING_ID"}</entry><entry id=\"43\"> 11|6945|{"userInitiated":true,"type":"SwapCommand","target":"{\"column\":8,\"row\":4}","source":"{\"column\":7,\"row\":4}"}</entry><entry id=\"44\"> 11|189|{"type":"UNKNOWN_STRING_ID"}</entry><entry id=\"45\"> 11|190|{"type":"UNKNOWN_STRING_ID"}</entry><entry id=\"46\"> 11|614|{"userInitiated":true,"type":"SwapCommand","target":"{\"column\":3,\"row\":23}","source":"{\"column\":3,\"row\":22}"}</entry><entry id=\"47\"> 11|885|{"userInitiated":true,"type":"SwapCommand","target":"{\"column\":3,\"row\":18}","source":"{\"column\":3,\"row\":17}"}</entry><entry id=\"48\"> 11|1246|{"userInitiated":true,"type":"SwapCommand","target":"{\"column\":6,\"row\":18}","source":"{\"column\":6,\"row\":17}"}</entry><entry id=\"49\"> 11|1598|{"userInitiated":true,"type":"SwapCommand","target":"{\"column\":4,\"row\":18}","source":"{\"column\":4,\"row\":17}"}</entry><entry id=\"50\"> 11|2141|{"type":"UNKNOWN_STRING_ID"}</entry><entry id=\"51\"> 11|2161|{"userInitiated":true,"type":"SwapCommand","target":"{\"column\":5,\"row\":7}","source":"{\"column\":4,\"row\":7}"}</entry><entry id=\"52\"> 11|2613|{"userInitiated":true,"type":"SwapCommand","target":"{\"column\":6,\"row\":5}","source":"{\"column\":5,\"row\":5}"}</entry><entry id=\"53\"> 11|2990|{"userInitiated":true,"type":"SwapCommand","target":"{\"column\":7,\"row\":4}","source":"{\"column\":7,\"row\":5}"}</entry><entry id=\"54\"> 11|3117|{"userInitiated":true,"type":"SwapCommand","target":"{\"column\":5,\"row\":5}","source":"{\"column\":5,\"row\":4}"}</entry><entry id=\"55\"> 11|3252|{"userInitiated":true,"type":"SwapCommand","target":"{\"column\":8,\"row\":5}","source":"{\"column\":7,\"row\":5}"}</entry><entry id=\"56\"> 11|3351|{"userInitiated":true,"type":"SwapCommand","target":"{\"column\":7,\"row\":3}","source":"{\"column\":6,\"row\":3}"}</entry><entry id=\"57\"> 11|3794|{"userInitiated":true,"type":"SwapCommand","target":"{\"column\":6,\"row\":5}","source":"{\"column\":5,\"row\":5}"}</entry><entry id=\"58\"> 11|4151|{"type":"UNKNOWN_STRING_ID"}</entry><entry id=\"59\"> 11|4418|{"userInitiated":true,"type":"SwapCommand","target":"{\"column\":7,\"row\":2}","source":"{\"column\":6,\"row\":2}"}</entry><entry id=\"60\"> 11|4730|{"type":"UNKNOWN_STRING_ID"}</entry><entry id=\"61\"> 11|4845|{"userInitiated":true,"type":"SwapCommand","target":"{\"column\":4,\"row\":3}","source":"{\"column\":3,\"row\":3}"}</entry><entry id=\"62\"> 11|5031|{"userInitiated":true,"type":"SwapCommand","target":"{\"column\":5,\"row\":2}","source":"{\"column\":5,\"row\":3}"}</entry><entry id=\"63\"> 11|106|{"type":"UNKNOWN_STRING_ID"}</entry><entry id=\"64\"> 11|108|{"type":"UNKNOWN_STRING_ID"}</entry><entry id=\"65\"> 11|110|{"type":"UNKNOWN_STRING_ID"}</entry><entry id=\"66\"> 11|110|{"type":"UNKNOWN_STRING_ID"}</entry><entry id=\"67\"> 11|189|{"type":"UNKNOWN_STRING_ID"}</entry><entry id=\"68\"> 11|252|{"type":"UNKNOWN_STRING_ID"}</entry><entry id=\"69\"> 11|318|{"userInitiated":true,"type":"SwapCommand","target":"{\"column\":1,\"row\":1}","source":"{\"column\":1,\"row\":0}"}</entry><entry id=\"70\"> 11|499|{"userInitiated":true,"type":"SwapCommand","target":"{\"column\":7,\"row\":1}","source":"{\"column\":7,\"row\":0}"}</entry><entry id=\"71\"> 11|688|{"userInitiated":true,"type":"SwapCommand","target":"{\"column\":1,\"row\":6}","source":"{\"column\":1,\"row\":7}"}</entry><entry id=\"72\"> 11|905|{"userInitiated":true,"type":"SwapCommand","target":"{\"column\":7,\"row\":7}","source":"{\"column\":7,\"row\":6}"}</entry><entry id=\"73\"> 11|1230|{"userInitiated":true,"type":"SwapCommand","target":"{\"column\":4,\"row\":8}","source":"{\"column\":3,\"row\":8}"}</entry><entry id=\"74\"> 11|1502|{"type":"UNKNOWN_STRING_ID"}</entry><entry id=\"75\"> 11|1676|{"userInitiated":true,"type":"SwapCommand","target":"{\"column\":5,\"row\":8}","source":"{\"column\":5,\"row\":7}"}</entry><entry id=\"76\"> 11|1859|{"userInitiated":true,"type":"SwapCommand","target":"{\"column\":7,\"row\":7}","source":"{\"column\":6,\"row\":7}"}</entry><entry id=\"77\"> 11|2019|{"userInitiated":true,"type":"SwapCommand","target":"{\"column\":6,\"row\":6}","source":"{\"column\":6,\"row\":5}"}</entry><entry id=\"78\"> 11|2299|{"userInitiated":true,"type":"SwapCommand","target":"{\"column\":5,\"row\":6}","source":"{\"column\":5,\"row\":5}"}</entry><entry id=\"79\"> 11|2490|{"userInitiated":true,"type":"SwapCommand","target":"{\"column\":5,\"row\":6}","source":"{\"column\":5,\"row\":5}"}</entry><entry id=\"80\"> 11|2929|{"type":"UNKNOWN_STRING_ID"}</entry></gameover><levelConf>{\"movesLimit\":20,\"protocolVersion\":"5.0",\"randomSeed\":0,\"numberOfItemColors\":5,\"scoreTargets\":[1000,10000,20000],\"starlevel\":[1000,10000,20000],\"tileMap\":[[[0],[2,413],[0],[1],[1],[1],[0],[2,412],[0]],[[3,2,413],[2,414],[0],[1],[1],[1],[0],[2,410],[3,2,412]],[[2,413,103],[2,413,103,3],[0],[1],[1],[1],[0],[2,412,103,3],[2,412,103]],[[0],[0],[1],[1],[1],[1],[1],[0],[0]],[[340,411],[0],[1],[1],[1],[1],[1],[0],[340,415]],[[0],[0],[1],[1],[1],[1],[1],[0],[0]],[[2,414],[1],[1],[1],[2,410],[1],[1],[1],[2,413]],[[2,412],[2,413],[2,411],[2,411],[2,412],[2,414],[2,414],[2,413],[2,412]],[[2,103,320,413],[2,103,320,414],[103,320,2,410],[2,103,320,410],[320,413,2,103],[2,320,411],[320,2,411,103],[2,103,320,412],[2,103,320,412]],[[0],[0],[0],[0],[0],[340,103,410,320],[0],[0],[0]]],\"accelerationMap\":[[[0,0],[0,2],[0,0],[0,2],[0,2],[0,2],[0,0],[0,2],[0,0]],[[0,2],[0,2],[0,0],[0,2],[0,2],[0,2],[0,0],[0,2],[0,2]],[[0,2],[0,2],[0,0],[0,2],[0,2],[0,2],[0,0],[0,2],[0,2]],[[0,0],[0,0],[0,2],[0,2],[0,2],[0,2],[0,2],[0,0],[0,0]],[[0,2],[0,0],[0,2],[0,2],[0,2],[0,2],[0,2],[0,0],[0,2]],[[0,0],[0,0],[0,2],[0,2],[0,2],[0,2],[0,2],[0,0],[0,0]],[[0,2],[0,2],[0,2],[0,2],[0,2],[0,2],[0,2],[0,2],[0,2]],[[0,2],[0,2],[0,2],[0,2],[0,2],[0,2],[0,2],[0,2],[0,2]],[[0,2],[0,2],[0,2],[0,2],[0,2],[0,2],[0,2],[0,2],[0,2]],[[0,0],[0,0],[0,0],[0,0],[0,0],[0,2],[0,0],[0,0],[0,0]]],\"gameModeTasks\":[{\"name":\"SodaToTheBrimTask\"},{\"name":\"LemonadeSeaTask\",\"numLemonadeDropsPerSplash\":9,\"spawnLemonadeBalloonAfterNumSwitches\":4,\"minNumLemonadeBalloonsOnScreen\":1,\"maxNumLemonadeBalloonsOnScreen\":4,\"autoFillLemonade\":false,"manualFillRows":[[[0,7],[1,7],[2,7],[3,7],[4,7],[5,7],[6,7],[7,7],[8,7]],[[8,6],[7,6],[6,6],[5,6],[4,6],[3,6],[2,6],[1,6],[0,6]],[[5,5],[4,5],[3,5],[2,5],[6,5]],[[5,4],[4,4],[3,4],[2,4],[6,4]],[[5,3],[4,3],[3,3],[2,3],[6,3]],[[4,2],[3,2],[5,2],[7,2],[8,2],[1,2],[0,2]],[[4,1],[3,1],[5,1],[1,1],[0,1],[7,1],[8,1]],[[4,0],[3,0],[5,0],[7,0],[1,0]]]}],\"portals\":[],\"preferredColors\":[],\"colorWeights\":{},\"cameraTargets\":[[4,4]],\"gameModeName\":"SodaToTheBrim",\"useRandomColors\":0,\"cyanColorBombtarget\":20,\"tutorialsToShow\":[6],\"portalTubes\":[]}</levelConf><process total=\"1" method=\"1\"><p time=\"2009-05-29 11:36:03\" action=\"error\" code=\"107" pid=\"0" /></process><focus total=\"1\"><switch time="2009-05-29 11:36:03\" pid=\"5768\" title=\"King.com (jk.dev.midasplayer.com) - Microsoft Internet Explorer\" process=\"C:\Program\Internet Explorer\iexplore.exe\" /></focus></client>
