<client action=\"gameover\" slotId=\"57788732\" playId=\"0\" request=\"3\" magic=\"813666108\"><gameover time=\"2009-05-29 11:40:16\" lastplaydataid=\"0\"></gameover><levelConf>{\"movesLimit\":35,\"protocolVersion\":"5.0",\"randomSeed\":-1442347956,\"numberOfItemColors\":4,\"scoreTargets\":[27000,800000,900000],\"starlevel\":[27000,800000,900000],\"tileMap\":[[[104,201,56],[104,53,201],[104,53,201],[2,104],[2,104],[2,104],[104,53,201],[104,53,201],[104,201,56]],[[201,56],[53,201,212],[53,201],[2],[2],[2],[53,201,212],[53,201],[201,56]],[[201,56],[53,201],[53,201],[1,2],[2],[2],[53,201],[53,201],[201,56]],[[201,56],[53,201],[53,201],[53,201,213],[53,201],[53,201],[53,201],[53,201],[201,56]],[[201,56],[201,54],[53,201],[53,201],[53,201],[53,201],[53,201],[201,54],[201,56]],[[201,56],[201,211,55],[201,211,54],[201,54],[201,54],[201,54],[201,211,54],[201,211,55],[201,56]],[[201,56],[201,55],[201,55],[201,55],[201,55],[201,55],[201,55],[201,55],[201,56]],[[201,56],[201,211,55],[201,211,55],[201,55],[201,55],[201,55],[201,211,55],[201,211,55],[201,56]],[[201,56],[201,54],[201,54],[201,54],[201,54],[201,54],[201,54],[201,54],[201,56]]],\"accelerationMap\":[[[0,2],[0,2],[0,2],[0,2],[0,2],[0,2],[0,2],[0,2],[0,2]],[[0,2],[0,2],[0,2],[0,2],[0,2],[0,2],[0,2],[0,2],[0,2]],[[0,2],[0,2],[0,2],[0,2],[0,2],[0,2],[0,2],[0,2],[0,2]],[[0,2],[0,2],[0,2],[0,2],[0,2],[0,2],[0,2],[0,2],[0,2]],[[0,2],[0,2],[0,2],[0,2],[0,2],[0,2],[0,2],[0,2],[0,2]],[[0,2],[0,2],[0,2],[0,2],[0,2],[0,2],[0,2],[0,2],[0,2]],[[0,2],[0,2],[0,2],[0,2],[0,2],[0,2],[0,2],[0,2],[0,2]],[[0,2],[0,2],[0,2],[0,2],[0,2],[0,2],[0,2],[0,2],[0,2]],[[0,2],[0,2],[0,2],[0,2],[0,2],[0,2],[0,2],[0,2],[0,2]]],\"gameModeTasks\":[{\"preferredNumberOfGiantBears\":9,\"name":\"Bear Memory\"}],\"portals\":[],\"preferredColors\":[],\"colorWeights\":{},\"cameraTargets\":[[4,4]],\"gameModeName\":"GiantBears",\"useRandomColors\":1,\"cyanColorBombtarget\":30,\"tutorialsToShow\":[],\"portalTubes\":[]}</levelConf><process total=\"1" method=\"1\"><p time=\"2009-05-29 11:36:03\" action=\"error\" code=\"107" pid=\"0" /></process><focus total=\"1\"><switch time="2009-05-29 11:36:03\" pid=\"5768\" title=\"King&#x2e;com &#x28;jk&#x2e;dev&#x2e;midasplayer&#x2e;com&#x29; &#x2d; Microsoft Internet Explorer\" process=\"C&#x3a;&#x5c;Program&#x5c;Internet Explorer&#x5c;iexplore&#x2e;exe\" /></focus></client>
