<!DOCTYPE ParticleEffect SYSTEM '../../dtd/particle_effect.dtd'>
<ParticleEffect maxParticles="1" space="Local" timeToEmit="0.100" name="ActiveLevel">
    <MidColor b="255.0" r="255.0" g="255.0" a="64.0" timeFraction="0.5"/>
    <Dampening max="0.950" min="0.950"/>
    <DirectionalForce x="0" y="0"/>
    <Emitter emissionRate="1" spread="180" angle="-90">
        <SpawnArea width="0" depth="0" height="0"/>
    </Emitter>
    <EndColor b="255" r="0" g="0" a="0"/>
    <Rotation max="0" min="0"/>
    <RotationSpeed max="0" min="0"/>
    <Size>
        <Max x="100" y="100"/>
        <Min x="100" y="100"/>
    </Size>
    <SizeChange>
        <Max x="15" y="15"/>
        <Min x="15" y="15"/>
    </SizeChange>
    <StartColor b="255" r="255" g="255" a="0"/>
    <Texture numFramesY="1" blend="Add" numFramesX="1" filename="shared/bootstrap/particles/tex/light_ball.png"/>
    <TextureFrame numTextureAnimationFrames="1" textureAnimationSpeed="50" startFrame="0"/>
    <TimeToLive max="2" min="2"/>
    <Velocity max="0" min="0"/>
</ParticleEffect>

