<!DOCTYPE ParticleEffect SYSTEM '../../dtd/particle_effect.dtd'>
<ParticleEffect maxParticles="2" space="Local" timeToEmit="0.500" name="BearFoundPFX">
    <Dampening max="0.760" min="0.760"/>
    <DirectionalForce x="0" y="0"/>
    <Emitter emissionRate="0.040" spread="360" angle="0">
        <SpawnArea width="0" depth="0" height="0"/>
    </Emitter>
    <EndColor b="104" r="142" g="255" a="0"/>
    <Rotation max="90" min="90"/>
    <RotationSpeed max="178.390" min="178.390"/>
    <Size>
        <Max x="135" y="191.640"/>
        <Min x="135" y="191.640"/>
    </Size>
    <SizeChange>
        <Max x="-19" y="-36"/>
        <Min x="-19" y="-36"/>
    </SizeChange>
    <StartColor b="165" r="160" g="255" a="255"/>
    <Texture numFramesY="1" blend="Add" numFramesX="1" filename="shared/bootstrap/particles/tex/smudgy_spark.png"/>
    <TextureFrame numTextureAnimationFrames="1" textureAnimationSpeed="50" startFrame="0"/>
    <TimeToLive max="0.800" min="0.800"/>
    <Velocity max="0" min="0"/>
</ParticleEffect>

