<!DOCTYPE ParticleEffect SYSTEM '../../dtd/particle_effect.dtd'>
<ParticleEffect maxParticles="16" space="Local" timeToEmit="1.900" name="BestOnLevelHighlight">
    <Dampening max="0.800" min="0.800"/>
    <DirectionalForce x="0" y="-400"/>
    <Emitter emissionRate="0.060" spread="40" angle="-90">
        <SpawnArea width="40" depth="0" height="20"/>
    </Emitter>
    <EndColor b="255" r="255" g="255" a="0"/>
    <Rotation max="0" min="0"/>
    <RotationSpeed max="1000" min="1000"/>
    <Size>
        <Max x="41" y="41"/>
        <Min x="24" y="24"/>
    </Size>
    <SizeChange>
        <Max x="-25" y="-25"/>
        <Min x="-25" y="-25"/>
    </SizeChange>
    <StartColor b="255" r="255" g="255" a="255"/>
    <Texture numFramesY="1" blend="Add" numFramesX="1" filename="shared/bootstrap/particles/tex/small_star.png"/>
    <TextureFrame numTextureAnimationFrames="1" textureAnimationSpeed="50" startFrame="0"/>
    <TimeToLive max="0.800" min="1.200"/>
    <Velocity max="100" min="100"/>
</ParticleEffect>

