<!DOCTYPE ParticleEffect SYSTEM '../../dtd/particle_effect.dtd'>
<ParticleEffect maxParticles="1" space="Local" timeToEmit="0.100" name="BoosterSelectedPFX">
    <Dampening max="1" min="1"/>
    <DirectionalForce x="0" y="0"/>
    <Emitter emissionRate="0.270" spread="0" angle="0">
        <SpawnArea width="0" depth="0" height="0"/>
    </Emitter>
    <EndColor b="255" r="201" g="232" a="0"/>
    <Rotation max="0" min="0"/>
    <RotationSpeed max="0" min="0"/>
    <Size>
        <Max x="112.950" y="112.950"/>
        <Min x="112.950" y="112.950"/>
    </Size>
    <SizeChange>
        <Max x="247.470" y="247.470"/>
        <Min x="247.470" y="247.470"/>
    </SizeChange>
    <StartColor b="255" r="201" g="234" a="255"/>
    <Texture numFramesY="1" blend="Add" numFramesX="1" filename="shared/bootstrap/particles/tex/bright_ring64.png"/>
    <TextureFrame numTextureAnimationFrames="1" textureAnimationSpeed="50" startFrame="0"/>
    <TimeToLive max="0.700" min="0.700"/>
    <Velocity max="0" min="0"/>
</ParticleEffect>

