<!DOCTYPE ParticleEffect SYSTEM '../../dtd/particle_effect.dtd'>
<ParticleEffect maxParticles="5" space="Local" timeToEmit="0.060" name="BubblegumCrushPFX">
    <Dampening max="0.780" min="0.780"/>
    <DirectionalForce x="0" y="0"/>
    <Emitter emissionRate="0" spread="360" angle="0">
        <SpawnArea width="21.220" depth="0" height="23.570"/>
    </Emitter>
    <EndColor b="255" r="255" g="255" a="255"/>
    <Rotation max="0" min="0"/>
    <RotationSpeed max="0" min="0"/>
    <Size>
        <Max x="39.130" y="39.130"/>
        <Min x="39.130" y="39.130"/>
    </Size>
    <SizeChange>
        <Max x="-120.860" y="-120.860"/>
        <Min x="-120.860" y="-120.860"/>
    </SizeChange>
    <StartColor b="255" r="255" g="255" a="255"/>
    <Texture numFramesY="1" blend="Multiply" numFramesX="1" filename="shared/bootstrap/particles/tex/bubblegum_bubble_64.png"/>
    <TextureFrame numTextureAnimationFrames="1" textureAnimationSpeed="50" startFrame="0"/>
    <TimeToLive max="0.340" min="0.120"/>
    <Velocity max="470" min="470"/>
</ParticleEffect>

