<!DOCTYPE ParticleEffect SYSTEM '../../dtd/particle_effect.dtd'>
<ParticleEffect maxParticles="16" space="Local" timeToEmit="60" name="BubblesEp13">
    <Dampening max="0.980" min="0.950"/>
    <DirectionalForce x="0" y="80"/>
    <Emitter emissionRate="0.600" spread="45" angle="90">
        <SpawnArea width="1000" depth="0" height="50"/>
    </Emitter>
    <EndColor b="255" r="255" g="255" a="100"/>
    <Rotation max="90" min="20"/>
    <RotationSpeed max="90" min="90"/>
    <Size>
        <Max x="45" y="45"/>
        <Min x="25" y="25"/>
    </Size>
    <SizeChange>
        <Max x="-15" y="-15"/>
        <Min x="-5" y="-5"/>
    </SizeChange>
    <StartColor b="255" r="255" g="255" a="150"/>
    <Texture numFramesY="1" blend="Multiply" numFramesX="1" filename="shared/bootstrap/particles/tex/bubble64.png"/>
    <TextureFrame numTextureAnimationFrames="1" textureAnimationSpeed="60" startFrame="0"/>
    <TimeToLive max="3.200" min="1.800"/>
    <Velocity max="28" min="18"/>
</ParticleEffect>

