<ParticleEffect maxParticles="20" space="Local" timeToEmit="60" name="BubblesEp64">
<Dampening max="0.980" min="0.950" />
<DirectionalForce x="0" y="80" />
<Emitter emissionRate="0.600" spread="45" angle="90">
	<SpawnArea width="2000" depth="0" height="40" />
</Emitter>
<Rotation max="90" min="20" />
<RotationSpeed max="90" min="90" />
<Size>
	<Max x="45" y="45" />
	<Min x="25" y="25" />
</Size>
<SizeChange>
	<Max x="-15" y="-15" />
	<Min x="-5" y="-5" />
</SizeChange>
<Texture numFramesY="1" blend="Multiply" numFramesX="1" filename="shared/bootstrap/particles/tex/bubble64.png" />
<TextureFrame numTextureAnimationFrames="1" textureAnimationSpeed="60" startFrame="0" />
<TimeToLive max="3.200" min="1.800" />
<Velocity max="28" min="18" />
<ColorAnimation>
	<Keyframe lifeTime="0">
		<Color b="255" r="255" g="255" a="150" />
	</Keyframe>
	<Keyframe lifeTime="1">
		<Color b="255" r="255" g="255" a="100" />
	</Keyframe>
</ColorAnimation>
</ParticleEffect>

