<ParticleEffect name="CalendarRecieved" timeToEmit="0.400" maxParticles="24">
<Texture filename="shared/bootstrap/particles/tex/star64.png" numFramesX="1" numFramesY="1" />
<Emitter emissionRate="0.010" spread="360" angle="0">
	<SpawnArea width="0" height="0" depth="0" />
</Emitter>
<TimeToLive min="0.100" max="0.500" />
<Velocity max="64" min="0" />
<Rotation max="360" min="0" />
<RotationSpeed max="360" min="0" />
<Size>
	<Min x="8" y="8" />
	<Max x="16" y="16" />
</Size>
<SizeChange>
	<Min x="-64" y="-64" />
	<Max x="64" y="64" />
</SizeChange>
<Dampening min="1" max="1" />
<ColorAnimation>
	<Keyframe lifeTime="0">
		<Color r="255" g="255" b="255" a="255" />
	</Keyframe>
	<Keyframe lifeTime="0.812">
		<Color r="255" g="255" b="255" a="255" />
	</Keyframe>
	<Keyframe lifeTime="1">
		<Color r="255" g="255" b="255" a="0" />
	</Keyframe>
</ColorAnimation>
</ParticleEffect>

