<!DOCTYPE ParticleEffect SYSTEM '../../dtd/particle_effect.dtd'>
<ParticleEffect maxParticles="1" space="Local" timeToEmit="0.010" name="CandyBreakLight">
    <Dampening max="1" min="1"/>
    <DirectionalForce x="0" y="0"/>
    <Emitter emissionRate="0.001" spread="360" angle="-90">
        <SpawnArea width="0" depth="0" height="0"/>
    </Emitter>
    <EndColor b="255" r="255" g="255" a="0"/>
    <Rotation max="180" min="-180"/>
    <RotationSpeed max="0" min="0"/>
    <Size>
        <Max x="128" y="128"/>
        <Min x="128" y="128"/>
    </Size>
    <SizeChange>
        <Max x="1000" y="1000"/>
        <Min x="1000" y="1000"/>
    </SizeChange>
    <StartColor b="255" r="255" g="255" a="204"/>
    <Texture numFramesY="1" blend="Add" numFramesX="1" filename="shared/bootstrap/particles/tex/light64.png"/>
    <TextureFrame numTextureAnimationFrames="1" textureAnimationSpeed="60" startFrame="0"/>
    <TimeToLive max="0.200" min="0.200"/>
    <Velocity max="0" min="0"/>
</ParticleEffect>

