<!DOCTYPE ParticleEffect SYSTEM '../../dtd/particle_effect.dtd'>
<ParticleEffect maxParticles="6" space="Local" timeToEmit="0.100" name="CyanCandyCrushed">
    <Dampening max="0.800" min="0.900"/>
    <DirectionalForce x="0" y="500"/>
    <Emitter emissionRate="0" spread="360" angle="0">
        <SpawnArea width="20" depth="0" height="20"/>
    </Emitter>
    <EndColor b="255" r="255" g="255" a="0"/>
    <Rotation max="0" min="0"/>
    <RotationSpeed max="1000" min="-1000"/>
    <Size>
        <Max x="30" y="30"/>
        <Min x="10" y="10"/>
    </Size>
    <SizeChange>
        <Max x="-40" y="-40"/>
        <Min x="0" y="0"/>
    </SizeChange>
    <StartColor b="255" r="255" g="255" a="255"/>
    <Texture numFramesY="1" blend="Multiply" numFramesX="1" filename="shared/bootstrap/particles/tex/cyan_piece.png"/>
    <TextureFrame numTextureAnimationFrames="1" textureAnimationSpeed="50" startFrame="0"/>
    <TimeToLive max="0.600" min="0.500"/>
    <Velocity max="300" min="200"/>
</ParticleEffect>

