<!DOCTYPE ParticleEffect SYSTEM '../../dtd/particle_effect.dtd'>
<ParticleEffect maxParticles="8" space="Local" timeToEmit="0.010" name="CandyBreak">
    <Dampening max="0.900" min="0.800"/>
    <DirectionalForce x="0" y="0"/>
    <Emitter emissionRate="0.010" spread="360" angle="0">
        <SpawnArea width="20" depth="0" height="20"/>
    </Emitter>
    <EndColor b="255" r="255" g="255" a="255"/>
    <Rotation max="-90" min="-90"/>
    <RotationSpeed max="-1000" min="-1000"/>
    <Size>
        <Max x="39" y="39"/>
        <Min x="39" y="39"/>
    </Size>
    <SizeChange>
        <Max x="-50" y="-50"/>
        <Min x="-50" y="-50"/>
    </SizeChange>
    <StartColor b="255" r="255" g="255" a="255"/>
    <Texture numFramesY="1" blend="Add" numFramesX="1" filename="shared/bootstrap/particles/tex/small_star.png"/>
    <TextureFrame numTextureAnimationFrames="1" textureAnimationSpeed="60" startFrame="0"/>
    <TimeToLive max="0.800" min="0.600"/>
    <Velocity max="300" min="200"/>
</ParticleEffect>

