<ParticleEffect maxParticles="3" space="Local" timeToEmit="0.150" name="CandyCaneBuildupFlashPFX">
<Dampening max="0.100" min="0.050" />
<DirectionalForce x="0" y="0" />
<Emitter emissionRate="0.060" spread="760" angle="0">
	<SpawnArea width="0" depth="0" height="0" />
</Emitter>
<Rotation max="280" min="-280" />
<RotationSpeed max="90" min="-60" />
<Size>
	<Max x="150" y="100" />
	<Min x="100" y="80" />
</Size>
<SizeChange>
	<Max x="210" y="210" />
	<Min x="-50" y="-50" />
</SizeChange>
<Texture numFramesY="1" blend="Add" numFramesX="1" filename="shared/bootstrap/particles/tex/light64.png" />
<TextureFrame numTextureAnimationFrames="1" textureAnimationSpeed="60" startFrame="0" />
<TimeToLive max="0.200" min="0.080" />
<Velocity max="0" min="0" />
<ColorAnimation>
	<Keyframe lifeTime="0">
		<Color r="255" g="255" b="255" a="50" />
	</Keyframe>
	<Keyframe lifeTime="1">
		<Color r="100" g="200" b="255" a="0" />
	</Keyframe>
</ColorAnimation>
</ParticleEffect>

