<!DOCTYPE ParticleEffect SYSTEM '../../dtd/particle_effect.dtd'>
<ParticleEffect maxParticles="8" space="Local" timeToEmit="0.200" name="CandyConePFX">
    <Dampening max="0.800" min="0.900"/>
    <DirectionalForce x="0" y="0"/>
    <Emitter emissionRate="0" spread="90" angle="90">
        <SpawnArea width="5" depth="0" height="0"/>
    </Emitter>
    <EndColor b="255" r="255" g="255" a="0"/>
    <Rotation max="0" min="0"/>
    <RotationSpeed max="1000" min="1000"/>
    <Size>
        <Max x="90" y="90"/>
        <Min x="64" y="64"/>
    </Size>
    <SizeChange>
        <Max x="-100" y="-100"/>
        <Min x="-100" y="-100"/>
    </SizeChange>
    <StartColor b="255" r="255" g="255" a="255"/>
    <Texture numFramesY="1" blend="Add" numFramesX="1" filename="shared/bootstrap/particles/tex/strong_light2.png"/>
    <TextureFrame numTextureAnimationFrames="1" textureAnimationSpeed="60" startFrame="0"/>
    <TimeToLive max="0.650" min="0.650"/>
    <Velocity max="1500" min="500"/>
</ParticleEffect>

