<!DOCTYPE ParticleEffect SYSTEM '../../dtd/particle_effect.dtd'>
<ParticleEffect maxParticles="3" space="Local" timeToEmit="0.100" name="CandyCrushedSpark">
    <Dampening max="0.700" min="0.900"/>
    <DirectionalForce x="0" y="0"/>
    <Emitter emissionRate="0" spread="360" angle="0">
        <SpawnArea width="15" depth="0" height="15"/>
    </Emitter>
    <EndColor b="255" r="255" g="255" a="0"/>
    <Rotation max="0" min="0"/>
    <RotationSpeed max="360" min="180"/>
    <Size>
        <Max x="20" y="20"/>
        <Min x="10" y="10"/>
    </Size>
    <SizeChange>
        <Max x="-40" y="-40"/>
        <Min x="-10" y="-10"/>
    </SizeChange>
    <StartColor b="255" r="255" g="255" a="255"/>
    <Texture numFramesY="1" blend="Add" numFramesX="1" filename="shared/bootstrap/particles/tex/glowing_star.png"/>
    <TextureFrame numTextureAnimationFrames="1" textureAnimationSpeed="10" startFrame="0"/>
    <TimeToLive max="0.400" min="0.700"/>
    <Velocity max="190" min="180"/>
</ParticleEffect>

