<ParticleEffect maxParticles="9" space="Local" timeToEmit="0.170" name="CandyCaneBurstSmallPFX">
<Dampening max="0.900" min="0.820" />
<DirectionalForce x="0" y="0" />
<Emitter emissionRate="0" spread="360" angle="0">
	<SpawnArea width="20" depth="0" height="20" />
</Emitter>
<Rotation max="360" min="-360" />
<RotationSpeed max="0" min="0" />
<Size>
	<Max x="17" y="17" />
	<Min x="15" y="15" />
</Size>
<SizeChange>
	<Max x="-40" y="-40" />
	<Min x="-20" y="-20" />
</SizeChange>
<Texture numFramesY="1" blend="Multiply" numFramesX="1" filename="shared/bootstrap/particles/tex/coloring_candy_impact_splatter_red.png" />
<TextureFrame numTextureAnimationFrames="1" textureAnimationSpeed="50" startFrame="0" />
<TimeToLive max="0.400" min="0.200" />
<Velocity max="300" min="200" />
<ColorAnimation>
	<Keyframe lifeTime="0">
		<Color r="255" g="255" b="255" a="255" />
	</Keyframe>
	<Keyframe lifeTime="1">
		<Color r="255" g="255" b="255" a="150" />
	</Keyframe>
</ColorAnimation>
</ParticleEffect>

