<ParticleEffect maxParticles="2" space="Local" timeToEmit="0.280" name="CandyCaneBuildupElectricSparkPFX">
<Dampening max="0.100" min="0.050" />
<DirectionalForce x="0" y="0" />
<Emitter emissionRate="0.060" spread="760" angle="0">
	<SpawnArea width="0" depth="0" height="0" />
</Emitter>
<Rotation max="280" min="-280" />
<RotationSpeed max="90" min="-60" />
<Size>
	<Max x="140" y="160" />
	<Min x="60" y="60" />
</Size>
<SizeChange>
	<Max x="210" y="210" />
	<Min x="-50" y="-50" />
</SizeChange>
<Texture numFramesY="1" blend="Add" numFramesX="2" filename="shared/bootstrap/particles/tex/elec_64.png" />
<TextureFrame numTextureAnimationFrames="1" textureAnimationSpeed="60" startFrame="1" />
<TimeToLive max="0.400" min="0.100" />
<Velocity max="0" min="0" />
<ColorAnimation>
	<Keyframe lifeTime="0">
		<Color r="255" g="255" b="255" a="110" />
	</Keyframe>
	<Keyframe lifeTime="1">
		<Color r="100" g="200" b="255" a="0" />
	</Keyframe>
</ColorAnimation>
</ParticleEffect>

