<ParticleEffect space="Local" timeToEmit="0.170" name="CandyCaneBurstPFX" maxParticles="10">
<Dampening max="0.820" min="0.820" />
<DirectionalForce x="0" y="0" />
<Emitter emissionRate="0" spread="360" angle="0">
	<SpawnArea width="20" depth="0" height="20" />
</Emitter>
<Rotation max="360" min="-360" />
<RotationSpeed max="0" min="0" />
<Size>
	<Max x="20" y="20" />
	<Min x="15" y="15" />
</Size>
<SizeChange>
	<Max x="-50" y="-50" />
	<Min x="-40" y="-40" />
</SizeChange>
<Texture numFramesY="1" blend="Multiply" numFramesX="1" filename="shared/bootstrap/particles/tex/red_piece.png" />
<TextureFrame numTextureAnimationFrames="1" textureAnimationSpeed="49" startFrame="0" />
<TimeToLive max="0.400" min="0.300" />
<Velocity max="400" min="400" />
<ColorAnimation>
	<Keyframe lifeTime="0">
		<Color b="255" r="255" g="255" a="255" />
	</Keyframe>
	<Keyframe lifeTime="1">
		<Color b="255" r="255" g="255" a="255" />
	</Keyframe>
</ColorAnimation>
</ParticleEffect>

