<!DOCTYPE ParticleEffect SYSTEM '../../dtd/particle_effect.dtd'>
<ParticleEffect maxParticles="1" space="Local" timeToEmit="0.100" name="CandyCrushedFlash">
    <Dampening max="0.200" min="0.200"/>
    <DirectionalForce x="0" y="0"/>
    <Emitter emissionRate="0" spread="360" angle="0">
        <SpawnArea width="0" depth="0" height="0"/>
    </Emitter>
    <EndColor b="255" r="255" g="255" a="0"/>
    <Rotation max="0" min="0"/>
    <RotationSpeed max="0" min="0"/>
    <Size>
        <Max x="5" y="5"/>
        <Min x="5" y="5"/>
    </Size>
    <SizeChange>
        <Max x="260" y="260"/>
        <Min x="100" y="100"/>
    </SizeChange>
    <StartColor b="255" r="255" g="255" a="100"/>
    <Texture numFramesY="1" blend="Add" numFramesX="1" filename="shared/bootstrap/particles/tex/small_shockwave.png"/>
    <TextureFrame numTextureAnimationFrames="1" textureAnimationSpeed="10" startFrame="0"/>
    <TimeToLive max="0.300" min="0.300"/>
    <Velocity max="0" min="0"/>
</ParticleEffect>

