<!DOCTYPE ParticleEffect SYSTEM '../../dtd/particle_effect.dtd'>
<ParticleEffect maxParticles="2" space="World" timeToEmit="0.170" name="Jam1SplashDirPFX">
    <Dampening max="0.690" min="0.690"/>
    <DirectionalForce x="0" y="0"/>
    <Emitter emissionRate="0.010" spread="61.390" angle="90">
        <SpawnArea width="50.450" depth="0" height="48.750"/>
    </Emitter>
    <EndColor b="255" r="255" g="255" a="79"/>
    <Rotation max="0" min="0"/>
    <RotationSpeed max="0" min="0"/>
    <Size>
        <Max x="54.980" y="54.980"/>
        <Min x="54.980" y="54.980"/>
    </Size>
    <SizeChange>
        <Max x="-47.390" y="-63.480"/>
        <Min x="-93" y="-96"/>
    </SizeChange>
    <StartColor b="255" r="255" g="255" a="255"/>
    <Texture numFramesY="1" blend="Multiply" numFramesX="1" filename="shared/bootstrap/particles/tex/jam_splash.png"/>
    <TextureFrame numTextureAnimationFrames="1" textureAnimationSpeed="50" startFrame="0"/>
    <TimeToLive max="0.320" min="0.320"/>
    <Velocity max="395.150" min="395.150"/>
</ParticleEffect>

