<!DOCTYPE ParticleEffect SYSTEM '../../dtd/particle_effect.dtd'>
<ParticleEffect maxParticles="8" space="Local" timeToEmit="0.170" name="Jam1SplashPFX">
    <Dampening max="0.740" min="0.740"/>
    <DirectionalForce x="0" y="0"/>
    <Emitter emissionRate="0" spread="360" angle="0">
        <SpawnArea width="57.250" depth="0" height="57.810"/>
    </Emitter>
    <EndColor b="255" r="255" g="255" a="80"/>
    <Rotation max="360" min="-360"/>
    <RotationSpeed max="0" min="0"/>
    <Size>
        <Max x="61.780" y="61.780"/>
        <Min x="61.780" y="61.780"/>
    </Size>
    <SizeChange>
        <Max x="-28.460" y="-26.770"/>
        <Min x="-93" y="-96"/>
    </SizeChange>
    <StartColor b="255" r="255" g="255" a="255"/>
    <Texture numFramesY="1" blend="Multiply" numFramesX="1" filename="shared/bootstrap/particles/tex/jam_splash.png"/>
    <TextureFrame numTextureAnimationFrames="1" textureAnimationSpeed="50" startFrame="0"/>
    <TimeToLive max="0.650" min="0.320"/>
    <Velocity max="180.030" min="180.030"/>
</ParticleEffect>

