<!DOCTYPE ParticleEffect SYSTEM '../../dtd/particle_effect.dtd'>
<ParticleEffect maxParticles="8" space="Local" timeToEmit="0.170" name="Jam2SplashPFX">
    <Dampening max="0.820" min="0.820"/>
    <DirectionalForce x="0" y="0"/>
    <Emitter emissionRate="0" spread="360" angle="0">
        <SpawnArea width="20" depth="0" height="20"/>
    </Emitter>
    <EndColor b="0" r="0" g="255" a="150"/>
    <Rotation max="360" min="-360"/>
    <RotationSpeed max="0" min="0"/>
    <Size>
        <Max x="56.540" y="56.540"/>
        <Min x="56.540" y="56.540"/>
    </Size>
    <SizeChange>
        <Max x="-91.300" y="-91.300"/>
        <Min x="-91.300" y="-91.300"/>
    </SizeChange>
    <StartColor b="0" r="0" g="255" a="150"/>
    <Texture numFramesY="1" blend="Multiply" numFramesX="1" filename="shared/bootstrap/particles/tex/coloring_orange_blob64.png"/>
    <TextureFrame numTextureAnimationFrames="1" textureAnimationSpeed="50" startFrame="0"/>
    <TimeToLive max="0.500" min="0.500"/>
    <Velocity max="451.770" min="451.770"/>
</ParticleEffect>

