<ParticleEffect name="CastleConfetti02_001" timeToEmit="0.100" maxParticles="10" space="Local">
<Dampening max="0.800" min="0.600" />
<DirectionalForce y="500" x="0" />
<Emitter spread="360" emissionRate="0" angle="90">
	<SpawnArea width="0" height="0" depth="0" />
</Emitter>
<EndColor a="255" r="255" b="255" g="255" />
<Rotation max="120" min="120" />
<RotationSpeed max="500" min="15" />
<Size>
	<Max y="15" x="30" />
	<Min y="5" x="15" />
</Size>
<SizeChange>
	<Max y="0" x="0" />
	<Min y="0" x="0" />
</SizeChange>
<StartColor a="255" r="255" b="255" g="255" />
<Texture blend="Multiply" numFramesY="1" numFramesX="1" filename="shared/bootstrap/particles/tex/sprinkle_hardlevel_01.png" />
<TextureFrame numTextureAnimationFrames="1" startFrame="0" textureAnimationSpeed="60" />
<TimeToLive max="1.400" min="0.800" />
<Velocity max="2000" min="1100" />
</ParticleEffect>

