<!DOCTYPE ParticleEffect SYSTEM '../../dtd/particle_effect.dtd'>
<ParticleEffect name="CastleConfetti01" timeToEmit="0.100" maxParticles="10" space="Local">
    <Dampening max="0.800" min="0.700"/>
    <DirectionalForce y="550" x="0"/>
    <Emitter spread="360" emissionRate="0" angle="90">
        <SpawnArea width="0" height="0" depth="0"/>
    </Emitter>
    <EndColor a="255" r="255" b="255" g="255"/>
    <Rotation max="500" min="100"/>
    <RotationSpeed max="500" min="25"/>
    <Size>
        <Max y="15" x="30"/>
        <Min y="5" x="15"/>
    </Size>
    <SizeChange>
        <Max y="0" x="0"/>
        <Min y="0" x="0"/>
    </SizeChange>
    <StartColor a="255" r="255" b="255" g="255"/>
    <Texture blend="Multiply" numFramesY="1" numFramesX="1" filename="shared/bootstrap/particles/tex/sprinklesprinkle_yellow.png"/>
    <TextureFrame numTextureAnimationFrames="1" startFrame="0" textureAnimationSpeed="60"/>
    <TimeToLive max="1.200" min="0.800"/>
    <Velocity max="2100" min="1000"/>
</ParticleEffect>

