<ParticleEffect name="CastleConfetti03_002" timeToEmit="0.100" maxParticles="10" space="Local">
<Dampening max="0.850" min="0.700" />
<DirectionalForce y="600" x="0" />
<Emitter spread="360" emissionRate="0" angle="90">
	<SpawnArea width="0" height="0" depth="0" />
</Emitter>
<EndColor a="255" r="255" b="255" g="255" />
<Rotation max="250" min="100" />
<RotationSpeed max="800" min="25" />
<Size>
	<Max y="15" x="30" />
	<Min y="5" x="15" />
</Size>
<SizeChange>
	<Max y="0" x="0" />
	<Min y="0" x="0" />
</SizeChange>
<StartColor a="255" r="255" b="255" g="255" />
<Texture blend="Multiply" numFramesY="1" numFramesX="1" filename="shared/bootstrap/particles/tex/sprinkle_hardlevel_02.png" />
<TextureFrame numTextureAnimationFrames="1" startFrame="0" textureAnimationSpeed="60" />
<TimeToLive max="1.300" min="0.800" />
<Velocity max="2200" min="950" />
</ParticleEffect>

