<!DOCTYPE ParticleEffect SYSTEM '../../dtd/particle_effect.dtd'>
<ParticleEffect maxParticles="5" space="Local" timeToEmit="0.320" name="CbStripedLightStaticPFX">
    <Dampening max="1" min="1"/>
    <DirectionalForce x="0" y="0"/>
    <Emitter emissionRate="0.090" spread="0" angle="45">
        <SpawnArea width="0" depth="0" height="0"/>
    </Emitter>
    <EndColor b="255" r="128" g="128" a="0"/>
    <Rotation max="45" min="45"/>
    <RotationSpeed max="0" min="0"/>
    <Size>
        <Max x="40" y="195"/>
        <Min x="40" y="195"/>
    </Size>
    <SizeChange>
        <Max x="0" y="0"/>
        <Min x="0" y="0"/>
    </SizeChange>
    <StartColor b="255" r="128" g="128" a="200"/>
    <Texture numFramesY="1" blend="Add" numFramesX="1" filename="shared/bootstrap/particles/tex/light64.png"/>
    <TextureFrame numTextureAnimationFrames="1" textureAnimationSpeed="60" startFrame="0"/>
    <TimeToLive max="0.300" min="0.300"/>
    <Velocity max="0" min="0"/>
</ParticleEffect>

