<!DOCTYPE ParticleEffect SYSTEM '../../dtd/particle_effect.dtd'>
<ParticleEffect maxParticles="15" space="Local" timeToEmit="0.300" name="CbStripedSparkTrailPFX">
    <Dampening max="0.900" min="0.900"/>
    <DirectionalForce x="0" y="0"/>
    <Emitter emissionRate="0.015" spread="360" angle="-90">
        <SpawnArea width="20" depth="0" height="20"/>
    </Emitter>
    <EndColor b="255" r="255" g="255" a="0"/>
    <Rotation max="0" min="0"/>
    <RotationSpeed max="500" min="500"/>
    <Size>
        <Max x="40" y="40"/>
        <Min x="10" y="10"/>
    </Size>
    <SizeChange>
        <Max x="-20" y="-20"/>
        <Min x="-10" y="-10"/>
    </SizeChange>
    <StartColor b="255" r="255" g="255" a="255"/>
    <Texture numFramesY="1" blend="Add" numFramesX="1" filename="shared/bootstrap/particles/tex/nice_spark.png"/>
    <TextureFrame numTextureAnimationFrames="1" textureAnimationSpeed="60" startFrame="0"/>
    <TimeToLive max="0.300" min="0.200"/>
    <Velocity max="0" min="0"/>
</ParticleEffect>

