<!DOCTYPE ParticleEffect SYSTEM '../../dtd/particle_effect.dtd'>
<ParticleEffect maxParticles="32" space="Local" timeToEmit="0.010" name="CbStripedEndSparksPFX">
    <Dampening max="0.800" min="0.700"/>
    <DirectionalForce x="0" y="0"/>
    <Emitter emissionRate="0" spread="360" angle="0">
        <SpawnArea width="10" depth="0" height="10"/>
    </Emitter>
    <EndColor b="255" r="0" g="128" a="0"/>
    <Rotation max="0" min="0"/>
    <RotationSpeed max="0" min="0"/>
    <Size>
        <Max x="12" y="12"/>
        <Min x="4" y="4"/>
    </Size>
    <SizeChange>
        <Max x="-1" y="-1"/>
        <Min x="-1" y="-1"/>
    </SizeChange>
    <StartColor b="255" r="255" g="255" a="255"/>
    <Texture numFramesY="1" blend="Add" numFramesX="1" filename="shared/bootstrap/particles/tex/nice_spark.png"/>
    <TextureFrame numTextureAnimationFrames="0" textureAnimationSpeed="0" startFrame="0"/>
    <TimeToLive max="2.800" min="1.900"/>
    <Velocity max="1500" min="100"/>
</ParticleEffect>

