<!DOCTYPE ParticleEffect SYSTEM '../../dtd/particle_effect.dtd'>
<ParticleEffect maxParticles="32" space="Local" timeToEmit="0.010" name="CbStripedEndPFX">
    <Dampening max="0.800" min="0.700"/>
    <DirectionalForce x="0" y="0"/>
    <Emitter emissionRate="0" spread="360" angle="0">
        <SpawnArea width="30" depth="0" height="30"/>
    </Emitter>
    <EndColor b="255" r="0" g="128" a="0"/>
    <Rotation max="0" min="0"/>
    <RotationSpeed max="0" min="0"/>
    <Size>
        <Max x="114" y="32"/>
        <Min x="138" y="16"/>
    </Size>
    <SizeChange>
        <Max x="-97" y="-8"/>
        <Min x="-97" y="-8"/>
    </SizeChange>
    <StartColor b="255" r="255" g="255" a="255"/>
    <Texture numFramesY="1" blend="Add" numFramesX="1" filename="shared/bootstrap/particles/tex/nice_spark.png"/>
    <TextureFrame numTextureAnimationFrames="0" textureAnimationSpeed="0" startFrame="0"/>
    <TimeToLive max="1.300" min="0.900"/>
    <Velocity max="1800" min="1800"/>
</ParticleEffect>

