<!DOCTYPE ParticleEffect SYSTEM '../../dtd/particle_effect.dtd'>
<ParticleEffect maxParticles="8" space="Local" timeToEmit="0.200" name="ChainHitSmallPFX">
    <Dampening max="0.900" min="0.900"/>
    <DirectionalForce x="0" y="498.190"/>
    <Emitter emissionRate="0.020" spread="360" angle="0">
        <SpawnArea width="60" depth="0" height="69.130"/>
    </Emitter>
    <EndColor b="255" r="255" g="255" a="60"/>
    <Rotation max="0" min="0"/>
    <RotationSpeed max="-360" min="-360"/>
    <Size>
        <Max x="15" y="15"/>
        <Min x="10" y="10"/>
    </Size>
    <SizeChange>
        <Max x="-24" y="-24"/>
        <Min x="-16.580" y="-18.270"/>
    </SizeChange>
    <StartColor b="255" r="255" g="255" a="255"/>
    <Texture numFramesY="1" blend="Multiply" numFramesX="1" filename="shared/bootstrap/particles/tex/jelly_cake_pink.png"/>
    <TextureFrame numTextureAnimationFrames="1" textureAnimationSpeed="50" startFrame="0"/>
    <TimeToLive max="0.600" min="0.600"/>
    <Velocity max="140.400" min="140.400"/>
</ParticleEffect>

