<!DOCTYPE ParticleEffect SYSTEM '../../dtd/particle_effect.dtd'>
<ParticleEffect maxParticles="4" space="Local" timeToEmit="0.100" name="ChainHitBig2PFX">
    <Dampening max="0.900" min="0.900"/>
    <DirectionalForce x="0" y="10"/>
    <Emitter emissionRate="0" spread="360" angle="0">
        <SpawnArea width="22.710" depth="0" height="23.850"/>
    </Emitter>
    <EndColor b="255" r="255" g="255" a="100"/>
    <Rotation max="0" min="0"/>
    <RotationSpeed max="160" min="-360"/>
    <Size>
        <Max x="20" y="10"/>
        <Min x="20" y="10"/>
    </Size>
    <SizeChange>
        <Max x="-8" y="-4"/>
        <Min x="-25" y="-15"/>
    </SizeChange>
    <StartColor b="255" r="255" g="255" a="255"/>
    <Texture numFramesY="1" blend="Multiply" numFramesX="1" filename="shared/bootstrap/particles/tex/chain_string2.png"/>
    <TextureFrame numTextureAnimationFrames="1" textureAnimationSpeed="50" startFrame="0"/>
    <TimeToLive max="0.600" min="0.600"/>
    <Velocity max="400" min="400"/>
</ParticleEffect>

