<!DOCTYPE ParticleEffect SYSTEM '../../dtd/particle_effect.dtd'>
<ParticleEffect maxParticles="32" space="Local" timeToEmit="0.250" name="ChargeDots">
    <Dampening max="1" min="1"/>
    <DirectionalForce x="0" y="0"/>
    <Emitter emissionRate="0.010" spread="0" angle="90">
        <SpawnArea width="200" depth="0" height="200"/>
    </Emitter>
    <EndColor b="255" r="255" g="255" a="255"/>
    <Rotation max="0" min="0"/>
    <RotationSpeed max="0" min="0"/>
    <Size>
        <Max x="81" y="81"/>
        <Min x="13" y="13"/>
    </Size>
    <SizeChange>
        <Max x="-5" y="-5"/>
        <Min x="-5" y="-5"/>
    </SizeChange>
    <StartColor b="255" r="255" g="255" a="0"/>
    <Texture numFramesY="1" blend="Add" numFramesX="1" filename="shared/bootstrap/particles/tex/nice_spark.png"/>
    <TextureFrame numTextureAnimationFrames="0" textureAnimationSpeed="0" startFrame="0"/>
    <TimeToLive max="0.250" min="0.250"/>
    <Velocity max="0" min="0"/>
</ParticleEffect>

