<!DOCTYPE ParticleEffect SYSTEM '../../dtd/particle_effect.dtd'>
<ParticleEffect maxParticles="6" space="Local" timeToEmit="0.200" name="ChocolateCrushedSmall">
    <Dampening max="0.700" min="0.950"/>
    <DirectionalForce x="0" y="0"/>
    <Emitter emissionRate="0" spread="360" angle="0">
        <SpawnArea width="20" depth="0" height="20"/>
    </Emitter>
    <EndColor b="255" r="255" g="255" a="255"/>
    <Rotation max="0" min="0"/>
    <RotationSpeed max="700" min="-700"/>
    <Size>
        <Max x="10" y="10"/>
        <Min x="10" y="10"/>
    </Size>
    <SizeChange>
        <Max x="-10" y="-10"/>
        <Min x="-10" y="-10"/>
    </SizeChange>
    <StartColor b="255" r="255" g="255" a="255"/>
    <Texture numFramesY="1" blend="Multiply" numFramesX="1" filename="shared/bootstrap/particles/tex/chocolate_piece.png"/>
    <TextureFrame numTextureAnimationFrames="1" textureAnimationSpeed="50" startFrame="0"/>
    <TimeToLive max="0.650" min="0.400"/>
    <Velocity max="500" min="200"/>
</ParticleEffect>

