<!DOCTYPE ParticleEffect SYSTEM '../../dtd/particle_effect.dtd'>
<ParticleEffect maxParticles="4" space="Local" timeToEmit="0.400" name="ChocolateInHudCrush">
    <Dampening max="0.900" min="0.700"/>
    <DirectionalForce x="0" y="100"/>
    <Emitter emissionRate="0" spread="360" angle="0">
        <SpawnArea width="20" depth="0" height="20"/>
    </Emitter>
    <EndColor b="255" r="255" g="255" a="255"/>
    <Rotation max="0" min="0"/>
    <RotationSpeed max="700" min="-700"/>
    <Size>
        <Max x="40" y="40"/>
        <Min x="20" y="20"/>
    </Size>
    <SizeChange>
        <Max x="-30" y="-30"/>
        <Min x="-30" y="-30"/>
    </SizeChange>
    <StartColor b="255" r="255" g="255" a="255"/>
    <Texture numFramesY="1" blend="Multiply" numFramesX="1" filename="shared/bootstrap/particles/tex/chocolate_piece.png"/>
    <TextureFrame numTextureAnimationFrames="1" textureAnimationSpeed="50" startFrame="0"/>
    <TimeToLive max="0.650" min="0.550"/>
    <Velocity max="400" min="200"/>
</ParticleEffect>

