<!DOCTYPE ParticleEffect SYSTEM '../../dtd/particle_effect.dtd'>
<ParticleEffect maxParticles="1" space="Local" timeToEmit="0.100" name="ChocolateFlash">
    <Dampening max="0.200" min="0.200"/>
    <DirectionalForce x="0" y="0"/>
    <Emitter emissionRate="0" spread="360" angle="0">
        <SpawnArea width="0" depth="0" height="0"/>
    </Emitter>
    <EndColor b="255" r="255" g="255" a="0"/>
    <Rotation max="0" min="0"/>
    <RotationSpeed max="0" min="0"/>
    <Size>
        <Max x="100" y="100"/>
        <Min x="100" y="100"/>
    </Size>
    <SizeChange>
        <Max x="-100" y="-100"/>
        <Min x="-100" y="-100"/>
    </SizeChange>
    <StartColor b="255" r="255" g="255" a="90"/>
    <Texture numFramesY="1" blend="Multiply" numFramesX="1" filename="shared/bootstrap/particles/tex/square_glow.png"/>
    <TextureFrame numTextureAnimationFrames="1" textureAnimationSpeed="10" startFrame="0"/>
    <TimeToLive max="0.600" min="0.600"/>
    <Velocity max="0" min="0"/>
</ParticleEffect>

