<!DOCTYPE ParticleEffect SYSTEM '../../dtd/particle_effect.dtd'>
<ParticleEffect maxParticles="15" space="Local" timeToEmit="12" name="ColorBombActivateSparkle">
    <Dampening max="0.800" min="0.700"/>
    <Emitter emissionRate="0.050" spread="360" angle="0">
        <SpawnArea width="20" depth="0" height="20"/>
    </Emitter>
    <EndColor b="255" r="255" g="255" a="0"/>
    <Rotation max="0" min="0"/>
    <RotationSpeed max="1000" min="-1000"/>
    <Size>
        <Max x="23" y="23"/>
        <Min x="12" y="12"/>
    </Size>
    <SizeChange>
        <Max x="-32" y="-32"/>
        <Min x="32" y="32"/>
    </SizeChange>
    <StartColor b="255" r="255" g="255" a="255"/>
    <Texture numFramesY="1" blend="Add" numFramesX="1" filename="shared/bootstrap/particles/tex/nice_spark.png"/>
    <TextureFrame numTextureAnimationFrames="1" textureAnimationSpeed="50" startFrame="0"/>
    <TimeToLive max="0.300" min="0.200"/>
    <Velocity max="1000" min="700"/>
</ParticleEffect>

