<!DOCTYPE ParticleEffect SYSTEM '../../dtd/particle_effect.dtd'>
<ParticleEffect maxParticles="2" space="Local" timeToEmit="0.200" name="ColorBombSwapCandyFlash">
    <Dampening max="0.900" min="0.800"/>
    <DirectionalForce x="0" y="-500"/>
    <Emitter emissionRate="0.050" spread="360" angle="0">
        <SpawnArea width="2" depth="0" height="2"/>
    </Emitter>
    <EndColor b="250" r="255" g="255" a="0"/>
    <Rotation max="0" min="0"/>
    <RotationSpeed max="0" min="0"/>
    <Size>
        <Max x="160" y="160"/>
        <Min x="50" y="50"/>
    </Size>
    <SizeChange>
        <Max x="200" y="200"/>
        <Min x="-100" y="-100"/>
    </SizeChange>
    <StartColor b="255" r="255" g="255" a="50"/>
    <Texture numFramesY="1" blend="Add" numFramesX="1" filename="shared/bootstrap/particles/tex/strong_light.png"/>
    <TextureFrame numTextureAnimationFrames="1" textureAnimationSpeed="10" startFrame="0"/>
    <TimeToLive max="0.300" min="0.200"/>
    <Velocity max="0" min="0"/>
</ParticleEffect>

