<!DOCTYPE ParticleEffect SYSTEM '../../dtd/particle_effect.dtd'>
<ParticleEffect maxParticles="6" space="Local" timeToEmit="0.100" name="ColorbombCrushed">
    <Dampening max="0.800" min="0.900"/>
    <DirectionalForce x="0" y="200"/>
    <Emitter emissionRate="0" spread="360" angle="0">
        <SpawnArea width="25" depth="0" height="25"/>
    </Emitter>
    <EndColor b="255" r="255" g="255" a="0"/>
    <Rotation max="0" min="0"/>
    <RotationSpeed max="1000" min="-1000"/>
    <Size>
        <Max x="40" y="40"/>
        <Min x="15" y="15"/>
    </Size>
    <SizeChange>
        <Max x="-40" y="-40"/>
        <Min x="0" y="0"/>
    </SizeChange>
    <StartColor b="255" r="255" g="255" a="255"/>
    <Texture numFramesY="1" blend="Multiply" numFramesX="1" filename="shared/bootstrap/particles/tex/chocolate_piece.png"/>
    <TextureFrame numTextureAnimationFrames="1" textureAnimationSpeed="50" startFrame="0"/>
    <TimeToLive max="0.700" min="0.600"/>
    <Velocity max="550" min="300"/>
</ParticleEffect>

