<!DOCTYPE ParticleEffect SYSTEM '../../dtd/particle_effect.dtd'>
<ParticleEffect maxParticles="3" space="Local" timeToEmit="0.280" name="ColorbombHitElectricSpark">
    <Dampening max="0.100" min="0.050"/>
    <DirectionalForce x="0" y="0"/>
    <Emitter emissionRate="0.060" spread="760" angle="0">
        <SpawnArea width="0" depth="0" height="0"/>
    </Emitter>
    <EndColor b="255" r="100" g="200" a="0"/>
    <Rotation max="280" min="-280"/>
    <RotationSpeed max="90" min="-60"/>
    <Size>
        <Max x="140" y="160"/>
        <Min x="60" y="60"/>
    </Size>
    <SizeChange>
        <Max x="210" y="210"/>
        <Min x="-50" y="-50"/>
    </SizeChange>
    <StartColor b="255" r="255" g="255" a="200"/>
    <Texture numFramesY="1" blend="Add" numFramesX="2" filename="shared/bootstrap/particles/tex/elec_64.png"/>
    <TextureFrame numTextureAnimationFrames="1" textureAnimationSpeed="60" startFrame="1"/>
    <TimeToLive max="0.200" min="0.100"/>
    <Velocity max="0" min="0"/>
</ParticleEffect>

