<!DOCTYPE ParticleEffect SYSTEM '../../dtd/particle_effect.dtd'>
<ParticleEffect maxParticles="1" space="Local" timeToEmit="0.010" name="ColorBombSlash">
    <MidColor b="255.0" r="255.0" g="255.0" a="255.0" timeFraction="0.2"/>
    <Dampening max="1" min="1"/>
    <DirectionalForce x="0" y="0"/>
    <Emitter emissionRate="0" spread="360" angle="0">
        <SpawnArea width="0" depth="0" height="0"/>
    </Emitter>
    <EndColor b="255" r="100" g="100" a="255"/>
    <Rotation max="0" min="0"/>
    <RotationSpeed max="0" min="0"/>
    <Size>
        <Max x="600" y="40"/>
        <Min x="600" y="40"/>
    </Size>
    <SizeChange>
        <Max x="-3000" y="-400"/>
        <Min x="-3000" y="-400"/>
    </SizeChange>
    <StartColor b="255" r="255" g="255" a="255"/>
    <Texture numFramesY="1" blend="Add" numFramesX="1" filename="shared/bootstrap/particles/tex/thin_glow.png"/>
    <TextureFrame numTextureAnimationFrames="1" textureAnimationSpeed="50" startFrame="0"/>
    <TimeToLive max="0.150" min="0.150"/>
    <Velocity max="1200" min="1200"/>
</ParticleEffect>

