<!DOCTYPE ParticleEffect SYSTEM '../../dtd/particle_effect.dtd'>
<ParticleEffect maxParticles="12" space="Local" timeToEmit="0.200" name="CorrodaHitBubblesPFX" startDelay="0">
    <Dampening max="0.800" min="0.670"/>
    <DirectionalForce x="0" y="0"/>
    <Emitter emissionRate="0" spread="360" angle="-100.800">
        <SpawnArea width="1" depth="0" height="1"/>
    </Emitter>
    <EndColor b="255" r="255" g="255" a="180"/>
    <Rotation max="0" min="0"/>
    <RotationSpeed max="360" min="360"/>
    <Size>
        <Max x="22" y="22"/>
        <Min x="15" y="15"/>
    </Size>
    <SizeChange>
        <Max x="-15" y="-15"/>
        <Min x="-30" y="-30"/>
    </SizeChange>
    <StartColor b="255" r="255" g="255" a="255"/>
    <Texture numFramesY="1" blend="Multiply" numFramesX="1" filename="shared/bootstrap/particles/tex/soda_corroda_bubble.png"/>
    <TextureFrame numTextureAnimationFrames="1" textureAnimationSpeed="60" startFrame="0"/>
    <TimeToLive max="0.550" min="0.380"/>
    <Velocity max="700" min="450"/>
</ParticleEffect>

