<!DOCTYPE ParticleEffect SYSTEM '../../dtd/particle_effect.dtd'>
<ParticleEffect maxParticles="12" space="Local" timeToEmit="0.200" name="CreateSpecialTrailGlitter">
    <Dampening max="0.900" min="0.600"/>
    <DirectionalForce x="0" y="50"/>
    <Emitter emissionRate="0" spread="360" angle="0">
        <SpawnArea width="75" depth="0" height="75"/>
    </Emitter>
    <EndColor b="0" r="255" g="70" a="0"/>
    <Rotation max="0" min="0"/>
    <RotationSpeed max="500" min="-500"/>
    <Size>
        <Max x="28" y="28"/>
        <Min x="10" y="10"/>
    </Size>
    <SizeChange>
        <Max x="-20" y="-20"/>
        <Min x="-30" y="-30"/>
    </SizeChange>
    <StartColor b="255" r="255" g="255" a="255"/>
    <Texture numFramesY="1" blend="Add" numFramesX="1" filename="shared/bootstrap/particles/tex/nice_spark.png"/>
    <TextureFrame numTextureAnimationFrames="1" textureAnimationSpeed="50" startFrame="0"/>
    <TimeToLive max="0.800" min="0.400"/>
    <Velocity max="60" min="50"/>
</ParticleEffect>

