<!DOCTYPE ParticleEffect SYSTEM '../../dtd/particle_effect.dtd'>
<ParticleEffect maxParticles="4" space="Local" timeToEmit="0.100" name="CreamSplash03">
    <Dampening max="0.950" min="0.850"/>
    <DirectionalForce x="0" y="-200"/>
    <Emitter emissionRate="0" spread="70" angle="90">
        <SpawnArea width="50" depth="0" height="0"/>
    </Emitter>
    <EndColor b="160" r="255" g="215" a="150"/>
    <Rotation max="0" min="0"/>
    <RotationSpeed max="0" min="0"/>
    <Size>
        <Max x="20" y="10"/>
        <Min x="30" y="15"/>
    </Size>
    <SizeChange>
        <Max x="0" y="0"/>
        <Min x="0" y="0"/>
    </SizeChange>
    <StartColor b="160" r="255" g="215" a="255"/>
    <Texture numFramesY="1" blend="Multiply" numFramesX="1" filename="shared/bootstrap/particles/tex/projectile.png"/>
    <TextureFrame numTextureAnimationFrames="1" textureAnimationSpeed="60" startFrame="0"/>
    <TimeToLive max="0.900" min="0.800"/>
    <Velocity max="960" min="850"/>
</ParticleEffect>

