<!DOCTYPE ParticleEffect SYSTEM '../../dtd/particle_effect.dtd'>
<ParticleEffect maxParticles="2" space="Local" timeToEmit="0.010" name="CreateSpecialBig">
    <Dampening max="0.800" min="0.800"/>
    <DirectionalForce x="0" y="0"/>
    <Emitter emissionRate="1" spread="360" angle="0">
        <SpawnArea width="0" depth="0" height="0"/>
    </Emitter>
    <EndColor b="150" r="255" g="255" a="0"/>
    <Rotation max="180" min="-180"/>
    <RotationSpeed max="90" min="50"/>
    <Size>
        <Max x="20" y="150"/>
        <Min x="15" y="140"/>
    </Size>
    <SizeChange>
        <Max x="30" y="600"/>
        <Min x="30" y="30"/>
    </SizeChange>
    <StartColor b="150" r="255" g="255" a="255"/>
    <Texture numFramesY="1" blend="Multiply" numFramesX="1" filename="shared/bootstrap/particles/tex/light64.png"/>
    <TextureFrame numTextureAnimationFrames="1" textureAnimationSpeed="60" startFrame="0"/>
    <TimeToLive max="0.450" min="0.450"/>
    <Velocity max="0" min="0"/>
</ParticleEffect>

