<!DOCTYPE ParticleEffect SYSTEM '../../dtd/particle_effect.dtd'>
<ParticleEffect maxParticles="1" space="Local" timeToEmit="0.200" name="CreateFishPFX">
    <Dampening max="1" min="1"/>
    <DirectionalForce x="0" y="0"/>
    <Emitter emissionRate="0" spread="0" angle="0">
        <SpawnArea width="0" depth="0" height="0"/>
    </Emitter>
    <EndColor b="255" r="255" g="255" a="0"/>
    <Rotation max="0" min="0"/>
    <RotationSpeed max="0" min="0"/>
    <Size>
        <Max x="65.070" y="65.070"/>
        <Min x="65" y="65.070"/>
    </Size>
    <SizeChange>
        <Max x="419.290" y="419.290"/>
        <Min x="419.290" y="419.290"/>
    </SizeChange>
    <StartColor b="255" r="255" g="255" a="255"/>
    <Texture numFramesY="1" blend="Add" numFramesX="1" filename="shared/bootstrap/particles/tex/bright_ring64.png"/>
    <TextureFrame numTextureAnimationFrames="1" textureAnimationSpeed="50" startFrame="0"/>
    <TimeToLive max="0.590" min="0.590"/>
    <Velocity max="0" min="0"/>
</ParticleEffect>

