<!DOCTYPE ParticleEffect SYSTEM '../../dtd/particle_effect.dtd'>
<ParticleEffect maxParticles="1" space="Local" timeToEmit="0.200" name="CreamSplash02">
    <Dampening max="0.920" min="0.920"/>
    <DirectionalForce x="100" y="-700"/>
    <Emitter emissionRate="0.100" spread="10" angle="80">
        <SpawnArea width="50" depth="0" height="40"/>
    </Emitter>
    <EndColor b="255" r="255" g="255" a="200"/>
    <Rotation max="0" min="-80"/>
    <RotationSpeed max="-160" min="-120"/>
    <Size>
        <Max x="40" y="-40"/>
        <Min x="40" y="-40"/>
    </Size>
    <SizeChange>
        <Max x="-40" y="40"/>
        <Min x="-30" y="30"/>
    </SizeChange>
    <StartColor b="255" r="255" g="255" a="255"/>
    <Texture numFramesY="1" blend="Multiply" numFramesX="1" filename="shared/bootstrap/particles/tex/vanilla_drop64.png"/>
    <TextureFrame numTextureAnimationFrames="1" textureAnimationSpeed="60" startFrame="0"/>
    <TimeToLive max="0.900" min="0.800"/>
    <Velocity max="900" min="850"/>
</ParticleEffect>

