<ParticleEffect space="Local" timeToEmit="300" name="CrystalMistPFX" maxParticles="10">
<CentrifugalForce max="8" min="6" />
<Dampening max="0.800" min="0.800" />
<DirectionalForce y="-101" />
<Emitter emissionRate="0.300" angle="270" spread="0">
	<SpawnArea width="10" depth="0" height="10" />
</Emitter>
<EndColor r="71" g="252" b="255" a="0" />
<Rotation max="200" min="200" />
<RotationSpeed max="100" min="100" />
<Size>
	<Max x="100" y="100" />
	<Min x="70" y="70" />
</Size>
<SizeChange>
	<Max x="100" y="100" />
	<Min x="50" y="50" />
</SizeChange>
<StartColor r="109" g="255" b="56" a="7" />
<Texture numFramesY="1" blend="Add" numFramesX="1" filename="shared/bootstrap/particles/tex/strong_light.png" />
<TextureFrame numTextureAnimationFrames="1" textureAnimationSpeed="10" startFrame="0" />
<TimeToLive max="2.500" min="1" />
<Velocity max="50" min="50" />
</ParticleEffect>

