<!DOCTYPE ParticleEffect SYSTEM '../../dtd/particle_effect.dtd'>
<ParticleEffect maxParticles="4" space="Local" timeToEmit="0.070" name="CupCakeSplash3PFX">
    <Dampening max="0.840" min="0.840"/>
    <DirectionalForce x="0" y="500"/>
    <Emitter emissionRate="0" spread="360" angle="0">
        <SpawnArea width="21.580" depth="0" height="21.580"/>
    </Emitter>
    <EndColor b="224" r="255" g="186" a="188"/>
    <Rotation max="0" min="0"/>
    <RotationSpeed max="360" min="-360"/>
    <Size>
        <Max x="57.250" y="57.250"/>
        <Min x="34.600" y="34.600"/>
    </Size>
    <SizeChange>
        <Max x="-57.340" y="-57.340"/>
        <Min x="-65.830" y="-65.830"/>
    </SizeChange>
    <StartColor b="255" r="255" g="255" a="255"/>
    <Texture numFramesY="1" blend="Multiply" numFramesX="1" filename="shared/bootstrap/particles/tex/frosting_particle.png"/>
    <TextureFrame numTextureAnimationFrames="1" textureAnimationSpeed="50" startFrame="0"/>
    <TimeToLive max="0.540" min="0.310"/>
    <Velocity max="200" min="200"/>
</ParticleEffect>

