<!DOCTYPE ParticleEffect SYSTEM '../../dtd/particle_effect.dtd'>
<ParticleEffect maxParticles="4" space="Local" timeToEmit="0.100" name="CupCakeSplash2PFX">
    <Dampening max="0.900" min="0.900"/>
    <DirectionalForce x="0" y="500"/>
    <Emitter emissionRate="0" spread="360" angle="0">
        <SpawnArea width="22.710" depth="0" height="23.850"/>
    </Emitter>
    <EndColor b="255" r="255" g="255" a="255"/>
    <Rotation max="0" min="0"/>
    <RotationSpeed max="160" min="-360"/>
    <Size>
        <Max x="43.090" y="43.090"/>
        <Min x="28.940" y="28.940"/>
    </Size>
    <SizeChange>
        <Max x="-38.650" y="-38.650"/>
        <Min x="-42.050" y="-42.050"/>
    </SizeChange>
    <StartColor b="255" r="255" g="255" a="255"/>
    <Texture numFramesY="1" blend="Multiply" numFramesX="1" filename="shared/bootstrap/particles/tex/cake_particle.png"/>
    <TextureFrame numTextureAnimationFrames="1" textureAnimationSpeed="50" startFrame="0"/>
    <TimeToLive max="0.380" min="0.380"/>
    <Velocity max="200" min="200"/>
</ParticleEffect>

