<!DOCTYPE ParticleEffect SYSTEM '../../dtd/particle_effect.dtd'>
<ParticleEffect maxParticles="30" space="Local" timeToEmit="60" name="CyanTrail">
    <Dampening max="1" min="1"/>
    <DirectionalForce x="0" y="0"/>
    <Emitter emissionRate="0.030" spread="0" angle="0">
        <SpawnArea width="0" depth="0" height="0"/>
    </Emitter>
    <EndColor b="255" r="95" g="238" a="0"/>
    <Rotation max="0" min="0"/>
    <RotationSpeed max="0" min="0"/>
    <Size>
        <Max x="227" y="36"/>
        <Min x="227" y="36"/>
    </Size>
    <SizeChange>
        <Max x="114" y="-40"/>
        <Min x="114" y="-40"/>
    </SizeChange>
    <StartColor b="255" r="95" g="238" a="75"/>
    <Texture numFramesY="1" blend="Add" numFramesX="1" filename="shared/bootstrap/particles/tex/nice_spark.png"/>
    <TextureFrame numTextureAnimationFrames="1" textureAnimationSpeed="50" startFrame="0"/>
    <TimeToLive max="0.800" min="0.800"/>
    <Velocity max="0" min="0"/>
</ParticleEffect>

