<ParticleEffect maxParticles="1" space="Local" timeToEmit="4" name="emphasized_toplist_top_glow">
<Dampening max="0.940" min="0.940" />
<DirectionalForce x="0" y="0" />
<Emitter spread="0" angle="0" emissionRate="0.800">
	<SpawnArea width="1" depth="0" height="1" />
	<Position y="18" />
</Emitter>
<Rotation max="0" min="0" />
<RotationSpeed max="0" min="0" />
<Size>
	<Max x="700" y="130" />
	<Min x="800" y="130" />
</Size>
<SizeChange>
	<Max x="0" y="0" />
	<Min x="0" y="0" />
</SizeChange>
<Texture numFramesY="1" numFramesX="1" filename="shared/bootstrap/particles/tex/square_glow.png" blend="Add" />
<TextureFrame numTextureAnimationFrames="1" textureAnimationSpeed="50" startFrame="0" />
<TimeToLive min="0.600" max="0.600" />
<Velocity max="0" min="0" />
<ColorAnimation>
	<Keyframe lifeTime="0">
		<Color r="120" g="120" b="120" a="204" />
	</Keyframe>
	<Keyframe lifeTime="1">
		<Color r="0" g="56" b="51" a="0" />
	</Keyframe>
</ColorAnimation>
</ParticleEffect>

