<!DOCTYPE ParticleEffect SYSTEM '../../dtd/particle_effect.dtd'>
<ParticleEffect maxParticles="4" space="Local" timeToEmit="60" name="Ep01FountainBase">
    <Dampening max="0.800" min="0.900"/>
    <DirectionalForce x="0" y="0"/>
    <Emitter emissionRate="0" spread="0" angle="0">
        <SpawnArea width="50" depth="0" height="50"/>
    </Emitter>
    <EndColor b="255" r="255" g="255" a="0"/>
    <Rotation max="0" min="0"/>
    <RotationSpeed max="0" min="0"/>
    <Size>
        <Max x="30" y="20"/>
        <Min x="20" y="10"/>
    </Size>
    <SizeChange>
        <Max x="80" y="50"/>
        <Min x="40" y="20"/>
    </SizeChange>
    <StartColor b="240" r="210" g="250" a="15"/>
    <Texture numFramesY="1" blend="Add" numFramesX="1" filename="shared/bootstrap/particles/tex/strong_light.png"/>
    <TextureFrame numTextureAnimationFrames="1" textureAnimationSpeed="10" startFrame="0"/>
    <TimeToLive max="0.900" min="0.400"/>
    <Velocity max="0" min="0"/>
</ParticleEffect>

