<!DOCTYPE ParticleEffect SYSTEM '../../dtd/particle_effect.dtd'>
<ParticleEffect maxParticles="1" space="Local" timeToEmit="0.100" name="Cannon1">
    <Dampening max="0.950" min="0.940"/>
    <DirectionalForce x="2000" y="-1200"/>
    <Emitter emissionRate="0.025" spread="10" angle="45">
        <SpawnArea width="20" depth="0" height="40"/>
    </Emitter>
    <EndColor b="255" r="255" g="255" a="255"/>
    <Rotation max="20" min="20"/>
    <RotationSpeed max="90" min="15"/>
    <Size>
        <Max x="45" y="45"/>
        <Min x="45" y="45"/>
    </Size>
    <SizeChange>
        <Max x="0" y="0"/>
        <Min x="0" y="0"/>
    </SizeChange>
    <StartColor b="255" r="255" g="255" a="255"/>
    <Texture numFramesY="1" blend="Multiply" numFramesX="1" filename="shared/bootstrap/particles/tex/blue_candy.png"/>
    <TextureFrame numTextureAnimationFrames="1" textureAnimationSpeed="60" startFrame="0"/>
    <TimeToLive max="0.825" min="0.825"/>
    <Velocity max="900" min="850"/>
</ParticleEffect>

