<!DOCTYPE ParticleEffect SYSTEM '../../dtd/particle_effect.dtd'>
<ParticleEffect maxParticles="8" space="Local" timeToEmit="0.200" name="CannonSmoke">
    <Dampening max="0.800" min="0.900"/>
    <DirectionalForce x="0" y="-100"/>
    <Emitter emissionRate="0" spread="360" angle="0">
        <SpawnArea width="25" depth="0" height="25"/>
    </Emitter>
    <EndColor b="255" r="255" g="255" a="0"/>
    <Rotation max="300" min="100"/>
    <RotationSpeed max="100" min="50"/>
    <Size>
        <Max x="10" y="10"/>
        <Min x="6" y="6"/>
    </Size>
    <SizeChange>
        <Max x="180" y="180"/>
        <Min x="50" y="50"/>
    </SizeChange>
    <StartColor b="255" r="245" g="210" a="255"/>
    <Texture numFramesY="1" blend="Multiply" numFramesX="1" filename="shared/bootstrap/particles/tex/cartoon_smoke64.png"/>
    <TextureFrame numTextureAnimationFrames="1" textureAnimationSpeed="60" startFrame="0"/>
    <TimeToLive max="1" min="0.500"/>
    <Velocity max="300" min="100"/>
</ParticleEffect>

