<ParticleEffect maxParticles="5" space="Local" timeToEmit="0.400" name="Eve_ReachGoalSpark_particle">
<Dampening max="0.900" min="0.700" />
<DirectionalForce x="0" y="100" />
<Emitter emissionRate="0" spread="360" angle="0">
	<SpawnArea width="20" depth="0" height="20" />
</Emitter>
<EndColor b="255" r="255" g="255" a="255" />
<Rotation max="0" min="0" />
<RotationSpeed max="700" min="-700" />
<Size>
	<Max x="25" y="25" />
	<Min x="10" y="10" />
</Size>
<SizeChange>
	<Max x="-30" y="-30" />
	<Min x="-30" y="-30" />
</SizeChange>
<StartColor b="255" r="255" g="255" a="255" />
<Texture numFramesY="1" blend="Multiply" numFramesX="1" filename="shared/bootstrap/particles/tex/big_star.png" />
<TextureFrame numTextureAnimationFrames="1" textureAnimationSpeed="50" startFrame="0" />
<TimeToLive max="0.650" min="0.550" />
<Velocity max="300" min="150" />
</ParticleEffect>

