<ParticleEffect name="Eve_WrappedExplodeFlash_particle" timeToEmit="1" maxParticles="2">
<Dampening max="0.900" min="0.800" />
<DirectionalForce y="0" x="0" />
<Emitter spread="360" emissionRate="0.100" angle="360">
	<SpawnArea depth="0" width="0" height="0" />
</Emitter>
<EndColor r="0" g="255" b="247" a="0" />
<Rotation max="0" min="0" />
<RotationSpeed max="90" min="-90" />
<Size>
	<Max y="140" x="140" />
	<Min y="140" x="140" />
</Size>
<SizeChange>
	<Max y="150" x="150" />
	<Min y="150" x="150" />
</SizeChange>
<StartColor r="78" g="253" b="255" a="150" />
<Texture numFramesX="2" filename="shared/bootstrap/particles/tex/elec_64.png" numFramesY="1" blend="Add" />
<TextureFrame textureAnimationSpeed="10" startFrame="0" numTextureAnimationFrames="1" />
<TimeToLive max="0.300" min="0.500" />
<Velocity max="0" min="0" />
</ParticleEffect>

