<ParticleEffect name="Eve_WandStars_particle" timeToEmit="60" maxParticles="8">
<Dampening max="0.850" min="0.750" />
<DirectionalForce x="0" y="0" />
<Emitter emissionRate="0" angle="0" spread="2">
	<SpawnArea depth="0" height="20" width="10" />
</Emitter>
<EndColor r="255" g="255" b="255" a="0" />
<Rotation max="100" min="-100" />
<RotationSpeed max="154.080" min="-155.710" />
<Size>
	<Max y="20" x="20" />
	<Min y="6.860" x="6.860" />
</Size>
<SizeChange>
	<Max y="20" x="20" />
	<Min y="10.600" x="8.900" />
</SizeChange>
<StartColor r="202" g="255" b="245" a="255" />
<Texture blend="Add" numFramesY="1" numFramesX="1" filename="shared/bootstrap/particles/tex/glowing_star.png" />
<TextureFrame numTextureAnimationFrames="1" startFrame="0" textureAnimationSpeed="60" />
<TimeToLive max="2" min="0.500" />
<Velocity max="50" min="10" />
<CentrifugalForce min="5" max="15" />
</ParticleEffect>

