<ParticleEffect maxParticles="6" space="Local" timeToEmit="60" name="Eve_CastleWinGlowFlare_particle">
<Dampening max="0.800" min="0.800" />
<DirectionalForce x="0" y="0" />
<Emitter emissionRate="0.800" spread="360" angle="0">
	<SpawnArea width="0" depth="0" height="0" />
</Emitter>
<EndColor b="255" r="255" g="255" a="0" />
<Rotation max="180" min="-180" />
<RotationSpeed max="80" min="-80" />
<Size>
	<Max x="50" y="50" />
	<Min x="50" y="50" />
</Size>
<SizeChange>
	<Max x="300" y="300" />
	<Min x="150" y="150" />
</SizeChange>
<StartColor b="255" r="255" g="255" a="255" />
<Texture numFramesY="1" numFramesX="1" filename="shared/bootstrap/particles/tex/star64.png" />
<TextureFrame numTextureAnimationFrames="1" textureAnimationSpeed="60" startFrame="0" />
<TimeToLive max="2.400" min="2.200" />
<Velocity max="0" min="0" />
</ParticleEffect>

