<ParticleEffect name="Eve_CandyCyan_particle" timeToEmit="0.100" maxParticles="10" space="Local">
<Dampening max="0.850" min="0.700" />
<DirectionalForce y="600" x="0" />
<Emitter spread="360" emissionRate="0" angle="90">
	<SpawnArea width="0" height="0" depth="0" />
</Emitter>
<EndColor r="21" g="255" b="248" a="255" />
<Rotation max="250" min="100" />
<RotationSpeed max="150" min="25" />
<Size>
	<Max y="20" x="20" />
	<Min y="20" x="20" />
</Size>
<SizeChange>
	<Max y="0" x="0" />
	<Min y="0" x="0" />
</SizeChange>
<StartColor r="21" g="255" b="248" a="255" />
<Texture blend="Multiply" numFramesY="1" numFramesX="1" filename="shared/bootstrap/particles/tex/cyan_piece.png" />
<TextureFrame numTextureAnimationFrames="1" startFrame="0" textureAnimationSpeed="60" />
<TimeToLive max="1.500" min="1" />
<Velocity max="2200" min="950" />
</ParticleEffect>

