<!DOCTYPE ParticleEffect SYSTEM '../../dtd/particle_effect.dtd'>
<ParticleEffect maxParticles="64" space="World" timeToEmit="2.900" name="ExclamationGlitterPFX">
    <Dampening max="0.900" min="0.900"/>
    <DirectionalForce x="0" y="400"/>
    <Emitter emissionRate="0.010" spread="360" angle="0">
        <SpawnArea width="432.040" depth="0" height="1"/>
    </Emitter>
    <EndColor b="209" r="255" g="234" a="0"/>
    <Rotation max="0" min="0"/>
    <RotationSpeed max="360" min="360"/>
    <Size>
        <Max x="40" y="40"/>
        <Min x="35.090" y="35.090"/>
    </Size>
    <SizeChange>
        <Max x="-11.480" y="-11.480"/>
        <Min x="-11.480" y="-11.480"/>
    </SizeChange>
    <StartColor b="158" r="255" g="242" a="255"/>
    <Texture numFramesY="1" blend="Add" numFramesX="1" filename="shared/bootstrap/particles/tex/small_star.png"/>
    <TextureFrame numTextureAnimationFrames="1" textureAnimationSpeed="10" startFrame="0"/>
    <TimeToLive max="0.960" min="0.400"/>
    <Velocity max="197.010" min="197.010"/>
</ParticleEffect>

