<!DOCTYPE ParticleEffect SYSTEM '../../dtd/particle_effect.dtd'>
<ParticleEffect maxParticles="309" space="Local" timeToEmit="0.100" name="CastleFireworks1PFX" startDelayRandomOffset="0">
    <Dampening max="0.900" min="0.900"/>
    <DirectionalForce y="277"/>
    <Emitter emissionRate="0" spread="360" angle="0">
        <SpawnArea width="1" depth="0" height="1"/>
    </Emitter>
    <EndColor b="255" r="176" g="97" a="0"/>
    <Rotation max="90" min="90"/>
    <RotationSpeed max="0" min="0"/>
    <Size>
        <Max x="10" y="60"/>
        <Min x="10" y="60"/>
    </Size>
    <SizeChange>
        <Max x="32" y="-47"/>
        <Min x="32" y="-49"/>
    </SizeChange>
    <StartColor b="163" r="255" g="93" a="255"/>
    <Texture numFramesY="1" blend="Add" numFramesX="1" filename="shared/bootstrap/particles/tex/nice_spark.png"/>
    <TextureFrame numTextureAnimationFrames="1" textureAnimationSpeed="60" startFrame="0"/>
    <TimeToLive max="1.500" min="0.500"/>
    <Velocity max="990" min="250"/>
</ParticleEffect>

