<!DOCTYPE ParticleEffect SYSTEM '../../dtd/particle_effect.dtd'>
<ParticleEffect maxParticles="12" space="Local" timeToEmit="0.200" name="FishHitSparksPFX">
    <Dampening max="1" min="1"/>
    <DirectionalForce x="0" y="-400"/>
    <Emitter emissionRate="0.010" spread="360" angle="-100.800">
        <SpawnArea width="36" depth="0" height="36"/>
    </Emitter>
    <EndColor b="102" r="255" g="224" a="0"/>
    <Rotation max="0" min="0"/>
    <RotationSpeed max="360" min="360"/>
    <Size>
        <Max x="40" y="40"/>
        <Min x="15" y="15"/>
    </Size>
    <SizeChange>
        <Max x="-15" y="-15"/>
        <Min x="-25" y="-25"/>
    </SizeChange>
    <StartColor b="191" r="255" g="255" a="255"/>
    <Texture numFramesY="1" blend="Add" numFramesX="1" filename="shared/bootstrap/particles/tex/small_star.png"/>
    <TextureFrame numTextureAnimationFrames="1" textureAnimationSpeed="60" startFrame="0"/>
    <TimeToLive max="0.800" min="0.280"/>
    <Velocity max="80" min="40"/>
</ParticleEffect>

