<!DOCTYPE ParticleEffect SYSTEM '../../dtd/particle_effect.dtd'>
<ParticleEffect maxParticles="12" space="Local" timeToEmit="60" name="FishTrailPFX">
    <Dampening max="1" min="1"/>
    <DirectionalForce x="0" y="0"/>
    <Emitter emissionRate="0.030" spread="360" angle="-100.800">
        <SpawnArea width="25" depth="0" height="25"/>
    </Emitter>
    <EndColor b="102" r="255" g="224" a="0"/>
    <Rotation max="0" min="0"/>
    <RotationSpeed max="360" min="360"/>
    <Size>
        <Max x="16" y="16"/>
        <Min x="16" y="16"/>
    </Size>
    <SizeChange>
        <Max x="-22" y="-22"/>
        <Min x="-29" y="-29"/>
    </SizeChange>
    <StartColor b="191" r="255" g="255" a="255"/>
    <Texture numFramesY="1" blend="Add" numFramesX="1" filename="shared/bootstrap/particles/tex/nice_spark.png"/>
    <TextureFrame numTextureAnimationFrames="1" textureAnimationSpeed="60" startFrame="0"/>
    <TimeToLive max="0.500" min="0.280"/>
    <Velocity max="50" min="50"/>
</ParticleEffect>

