<!DOCTYPE ParticleEffect SYSTEM '../../dtd/particle_effect.dtd'>
<ParticleEffect maxParticles="64" space="Local" timeToEmit="60" name="FizzBgEffect2PFX">
    <Dampening max="1" min="1"/>
    <DirectionalForce x="0" y="9141"/>
    <Emitter emissionRate="0.010" spread="36.930" angle="-90.490">
        <SpawnArea width="600" depth="0" height="132"/>
    </Emitter>
    <EndColor b="255" r="255" g="255" a="128"/>
    <Rotation max="0" min="0"/>
    <RotationSpeed max="0" min="0"/>
    <Size>
        <Max x="15" y="15"/>
        <Min x="15" y="15"/>
    </Size>
    <SizeChange>
        <Max x="-100" y="-100"/>
        <Min x="-50" y="-50"/>
    </SizeChange>
    <StartColor b="255" r="255" g="255" a="255"/>
    <Texture numFramesY="1" blend="Multiply" numFramesX="1" filename="shared/bootstrap/particles/tex/bubble64.png"/>
    <TextureFrame numTextureAnimationFrames="1" textureAnimationSpeed="60" startFrame="0"/>
    <TimeToLive max="0.100" min="0.100"/>
    <Velocity max="284" min="923"/>
</ParticleEffect>

