<!DOCTYPE ParticleEffect SYSTEM '../../dtd/particle_effect.dtd'>
<ParticleEffect maxParticles="1" space="Local" timeToEmit="0.100" name="FizzBottleCapRingPFX">
    <Dampening min="1" max="1"/>
    <DirectionalForce x="0" y="0"/>
    <Emitter emissionRate="0.270" spread="0" angle="0">
        <SpawnArea width="0" depth="0" height="0"/>
    </Emitter>
    <EndColor b="253" r="255" g="201" a="0"/>
    <Rotation min="0" max="0"/>
    <RotationSpeed min="0" max="0"/>
    <Size>
        <Max x="250" y="250"/>
        <Min x="250" y="250"/>
    </Size>
    <SizeChange>
        <Max x="400" y="400"/>
        <Min x="400" y="400"/>
    </SizeChange>
    <StartColor b="230" r="255" g="196" a="180"/>
    <Texture numFramesY="1" blend="Add" numFramesX="1" filename="shared/bootstrap/particles/tex/bright_ring64.png"/>
    <TextureFrame numTextureAnimationFrames="1" textureAnimationSpeed="50" startFrame="0"/>
    <TimeToLive min="0.500" max="0.600"/>
    <Velocity min="0" max="0"/>
</ParticleEffect>

