<!DOCTYPE ParticleEffect SYSTEM '../../dtd/particle_effect.dtd'>
<ParticleEffect maxParticles="3" space="Local" timeToEmit="0.200" name="FizzDissolveBubblesPFX" startDelay="0">
    <Dampening max="0.800" min="0.800"/>
    <DirectionalForce x="0" y="100"/>
    <Emitter emissionRate="0.100" spread="0" angle="0">
        <SpawnArea width="40" depth="0" height="40"/>
    </Emitter>
    <EndColor b="255" r="255" g="255" a="240"/>
    <Rotation max="0" min="0"/>
    <RotationSpeed max="0" min="0"/>
    <Size>
        <Max x="40" y="40"/>
        <Min x="30" y="30"/>
    </Size>
    <SizeChange>
        <Max x="-60" y="-60"/>
        <Min x="-30" y="-30"/>
    </SizeChange>
    <StartColor b="255" r="255" g="255" a="255"/>
    <Texture numFramesY="1" blend="Multiply" numFramesX="1" filename="shared/bootstrap/particles/tex/fizz_bubble.png"/>
    <TextureFrame numTextureAnimationFrames="1" textureAnimationSpeed="50" startFrame="0"/>
    <TimeToLive max="0.400" min="0.200"/>
    <Velocity max="50" min="50"/>
    <CentrifugalForce max="5" min="10"/>
</ParticleEffect>

