<ParticleEffect maxParticles="2" space="World" timeToEmit="60" name="FizzBgBubbles1PFX">
    <Dampening max="1" min="1"/>
    <DirectionalForce x="0" y="0"/>
    <Emitter emissionRate="0.050" spread="0" angle="-90">
        <SpawnArea width="90" depth="0" height="90"/>
        <Position x="0"/>
    </Emitter>
    <EndColor b="255" r="255" g="255" a="0"/>
    <Rotation max="0" min="0"/>
    <RotationSpeed max="0" min="0"/>
    <Size>
        <Max x="16" y="16"/>
        <Min x="8" y="8"/>
    </Size>
    <StartColor b="255" r="255" g="255" a="194"/>
    <Texture numFramesY="1" blend="Add" numFramesX="1" filename="shared/bootstrap/particles/tex/fizz_bg_particle.png"/>
    <TextureFrame numTextureAnimationFrames="1" textureAnimationSpeed="50" startFrame="0"/>
    <TimeToLive max="0.400" min="0.150"/>
    <Velocity max="80" min="40"/>
    <SizeChange>
        <Min x="32" y="32"/>
        <Max x="32" y="32"/>
    </SizeChange>
</ParticleEffect>

