<ParticleEffect timeToEmit="60" maxParticles="8" name="FizzBgBubblesSmall2PFX_001">
    <CentrifugalForce min="2" max="5"/>
    <Dampening min="1" max="1"/>
    <Emitter spread="0" emissionRate="0.02" angle="-90">
        <EmissionRadius min="10" max="10"/>
        <SpawnArea height="60" width="78"/>
    </Emitter>
    <EndColor b="255" r="255" g="255" a="0"/>
    <Rotation min="0" max="0"/>
    <RotationSpeed min="0" max="0"/>
    <Size>
        <Max x="6" y="6"/>
        <Min x="4" y="4"/>
    </Size>
    <StartColor b="255" r="255" g="255" a="194"/>
    <Texture numFramesY="1" numFramesX="1" blend="Add" filename="shared/bootstrap/particles/tex/fizz_bg_particle.png"/>
    <TextureFrame numTextureAnimationFrames="1" textureAnimationSpeed="50" startFrame="0"/>
    <TimeToLive min="0.15" max="0.30"/>
    <Velocity min="40" max="80"/>
</ParticleEffect>

