<!DOCTYPE ParticleEffect SYSTEM '../../dtd/particle_effect.dtd'>
<ParticleEffect maxParticles="2" space="Local" timeToEmit="0.010" name="FizzBurstBlastPFX" startDelayRandomOffset="0">
    <Dampening min="1" max="1"/>
    <DirectionalForce x="0" y="0"/>
    <Emitter emissionRate="0.150" spread="0" angle="0">
        <SpawnArea width="5" depth="0" height="5"/>
    </Emitter>
    <EndColor b="255" r="255" g="255" a="0"/>
    <Rotation min="0" max="0"/>
    <RotationSpeed min="0" max="0"/>
    <Size>
        <Max x="10" y="10"/>
        <Min x="10" y="10"/>
    </Size>
    <SizeChange>
        <Max x="350" y="350"/>
        <Min x="350" y="350"/>
    </SizeChange>
    <StartColor b="255" r="255" g="255" a="200"/>
    <Texture numFramesY="1" blend="Add" numFramesX="1" filename="shared/bootstrap/particles/tex/bright_ring64.png"/>
    <TextureFrame numTextureAnimationFrames="1" textureAnimationSpeed="50" startFrame="0"/>
    <TimeToLive min="0.300" max="0.300"/>
    <Velocity min="1" max="0"/>
</ParticleEffect>

