<!DOCTYPE ParticleEffect SYSTEM '../../dtd/particle_effect.dtd'>
<ParticleEffect maxParticles="32" space="Local" timeToEmit="0.200" name="FizzBottleCapBubbles2PFX">
    <Dampening max="0.960" min="0.960"/>
    <DirectionalForce x="0"/>
    <Emitter emissionRate="0" spread="170" angle="-90">
        <SpawnArea width="50" depth="0" height="50"/>
    </Emitter>
    <EndColor b="255" r="255" g="255" a="200"/>
    <Rotation max="90" min="20"/>
    <RotationSpeed max="90" min="90"/>
    <Size>
        <Max x="43" y="43"/>
        <Min x="15" y="15"/>
    </Size>
    <SizeChange>
        <Max x="-40" y="-40"/>
        <Min x="-15" y="-15"/>
    </SizeChange>
    <StartColor b="255" r="255" g="255" a="255"/>
    <Texture numFramesY="1" blend="Multiply" numFramesX="1" filename="shared/bootstrap/particles/tex/fizz_bubble.png"/>
    <TextureFrame numTextureAnimationFrames="1" textureAnimationSpeed="50" startFrame="0"/>
    <TimeToLive max="0.700" min="0.600"/>
    <Velocity max="450" min="300"/>
</ParticleEffect>

