<!DOCTYPE ParticleEffect SYSTEM '../../dtd/particle_effect.dtd'>
<ParticleEffect maxParticles="8" space="Local" timeToEmit="0.100" name="FizzBottleCapSparksPFX">
    <Dampening max="0.850" min="0.750"/>
    <Emitter emissionRate="0" spread="360" angle="0">
        <SpawnArea width="50" depth="0" height="50"/>
    </Emitter>
    <EndColor b="255" r="255" g="255" a="0"/>
    <Rotation max="100" min="-100"/>
    <RotationSpeed max="250" min="-250"/>
    <Size>
        <Max x="30" y="30"/>
        <Min x="10" y="10"/>
    </Size>
    <SizeChange>
        <Max x="30" y="30"/>
        <Min x="10" y="10"/>
    </SizeChange>
    <StartColor b="255" r="255" g="255" a="255"/>
    <Texture numFramesY="1" blend="Add" numFramesX="1" filename="shared/bootstrap/particles/tex/star64.png"/>
    <TextureFrame numTextureAnimationFrames="1" textureAnimationSpeed="60" startFrame="0"/>
    <TimeToLive max="1.500" min="0.500"/>
    <Velocity max="300" min="150"/>
</ParticleEffect>

