<!DOCTYPE ParticleEffect SYSTEM '../../dtd/particle_effect.dtd'>
<ParticleEffect maxParticles="52" space="World" timeToEmit="3.500" name="FizzBubbleRushPFX">
    <Dampening min="1" max="1"/>
    <DirectionalForce x="0" y="-1000"/>
    <Emitter emissionRate="0.010" spread="180" angle="-90.490">
        <SpawnArea width="300" depth="0" height="150"/>
    </Emitter>
    <EndColor b="255" r="255" g="255" a="0"/>
    <Rotation min="0" max="0"/>
    <RotationSpeed min="0" max="0"/>
    <Size>
        <Max x="20" y="20"/>
        <Min x="10" y="10"/>
    </Size>
    <SizeChange>
        <Max x="50" y="50"/>
        <Min x="30" y="30"/>
    </SizeChange>
    <StartColor b="255" r="255" g="255" a="255"/>
    <Texture numFramesY="1" blend="Multiply" numFramesX="1" filename="shared/bootstrap/particles/tex/fizz_bubble.png"/>
    <TextureFrame numTextureAnimationFrames="1" textureAnimationSpeed="60" startFrame="0"/>
    <TimeToLive min="0.500" max="1.200"/>
    <Velocity min="-1000" max="-389"/>
    <CentrifugalForce min="0" max="0"/>
</ParticleEffect>

