<ParticleEffect maxParticles="8" timeToEmit="60" name="FizzBgBubblesSmall2PFX">
    <CentrifugalForce max="5" min="2"/>
    <Dampening max="1" min="1"/>
    <Emitter emissionRate="0.020" spread="0" angle="-90">
        <EmissionRadius max="10" min="10"/>
        <SpawnArea width="90" depth="0" height="60"/>
    </Emitter>
    <EndColor b="255" r="255" g="255" a="0"/>
    <Rotation max="0" min="0"/>
    <RotationSpeed max="0" min="0"/>
    <Size>
        <Max x="6" y="6"/>
        <Min x="4" y="4"/>
    </Size>
    <StartColor b="255" r="255" g="255" a="194"/>
    <Texture numFramesY="1" blend="Add" numFramesX="1" filename="shared/bootstrap/particles/tex/fizz_bg_particle.png"/>
    <TextureFrame numTextureAnimationFrames="1" textureAnimationSpeed="50" startFrame="0"/>
    <TimeToLive max="0.300" min="0.150"/>
    <Velocity max="80" min="40"/>
    <SizeChange>
        <Min x="32" y="32"/>
        <Max x="32" y="32"/>
    </SizeChange>
</ParticleEffect>

