<?xml version="1.0" encoding="UTF-8"?>
<!-- Created with TexturePacker http://www.codeandweb.com/texturepacker-->
<!-- $TexturePacker:SmartUpdate:b1fa6d945a078f5e4c261d6469eb7cb0:8729324721a8776ce4c5b5d3fc6d5076:c0e101576de2a31fda0c21134aaa879d$ -->
<!--Format:
n  => name of the sprite
x  => sprite x pos in texture
y  => sprite y pos in texture
w  => sprite width (may be trimmed)
h  => sprite height (may be trimmed)
pX => x pos of the pivot point (relative to sprite width)
pY => y pos of the pivot point (relative to sprite height)
oX => sprite's x-corner offset (only available if trimmed)
oY => sprite's y-corner offset (only available if trimmed)
oW => sprite's original width (only available if trimmed)
oH => sprite's original height (only available if trimmed)
r => 'y' only set if sprite is rotated
with polygon mode enabled:
vertices   => points in sprite coordinate system (x0,y0,x1,y1,x2,y2, ...)
verticesUV => points in sheet coordinate system (x0,y0,x1,y1,x2,y2, ...)
triangles  => sprite triangulation, 3 vertex indices per triangle
-->
<TextureAtlas imagePath="ui.png" width="1024" height="1024">
    <sprite n="active_friends_icon.png" x="806" y="740" w="60" h="53" pX="0.5" pY="0.5"/>
    <sprite n="active_home_icon.png" x="872" y="740" w="52" h="52" pX="0.5" pY="0.5"/>
    <sprite n="active_message_icon.png" x="958" y="3" w="63" h="53" pX="0.5" pY="0.5"/>
    <sprite n="active_settings_icon.png" x="872" y="798" w="52" h="50" pX="0.5" pY="0.5"/>
    <sprite n="avatar_dropshadow.png" x="871" y="592" w="32" h="32" pX="0.5" pY="0.5"/>
    <sprite n="avatar_glow.png" x="909" y="592" w="31" h="31" pX="0.5" pY="0.5"/>
    <sprite n="avatar_shine.png" x="3" y="1001" w="32" h="17" pX="0.5" pY="0.5"/>
    <sprite n="avatar_white_border.png" x="820" y="582" w="45" h="45" pX="0.5" pY="0.5"/>
    <sprite n="back_arrow_icon.png" x="681" y="933" w="24" h="40" pX="0.5" pY="0.5"/>
    <sprite n="back_arrow_icon_white.png" x="686" y="979" w="24" h="40" pX="0.5" pY="0.5"/>
    <sprite n="bg_color.png" x="951" y="52" w="1" h="1" pX="0.5" pY="0.5"/>
    <sprite n="border_shadow.png" x="1018" y="413" w="2" h="9" pX="0.5" pY="0.5"/>
    <sprite n="bottom_border.png" x="1018" y="428" w="1" h="107" pX="0.5" pY="0.5"/>
    <sprite n="bricks_graphic.png" x="871" y="372" w="127" h="214" pX="0.5" pY="0.5"/>
    <sprite n="carrot_celebration_graphic.png" x="319" y="299" w="219" h="249" pX="0.5" pY="0.5"/>
    <sprite n="error_background_texture.png" x="942" y="52" w="3" h="3" pX="0.5" pY="0.5"/>
    <sprite n="eula_box.png" x="737" y="568" w="77" h="31" pX="0.5" pY="0.5"/>
    <sprite n="eula_icon.png" x="657" y="983" w="23" h="28" pX="0.5" pY="0.5"/>
    <sprite n="fb_icon.png" x="544" y="372" w="20" h="20" pX="0.5" pY="0.5"/>
    <sprite n="forgot_password_icon.png" x="407" y="996" w="27" h="24" pX="0.5" pY="0.5"/>
    <sprite n="frame_old.png" x="571" y="89" w="294" h="375" pX="0.5" pY="0.5"/>
    <sprite n="friends_list_icon.png" x="737" y="791" w="60" h="53" pX="0.5" pY="0.5"/>
    <sprite n="global_bottom_graphics_left_corner.png" x="319" y="173" w="233" h="120" pX="0.5" pY="0.5" oX="0" oY="2" oW="233" oH="122"/>
    <sprite n="global_bottom_graphics_middle.png" x="3" y="3" w="568" h="33" pX="0.5" pY="0.5"/>
    <sprite n="global_bottom_graphics_right_corner.png" x="302" y="554" w="218" h="141" pX="0.5" pY="0.5"/>
    <sprite n="google_icon.png" x="803" y="799" w="51" h="52" pX="0.5" pY="0.5"/>
    <sprite n="green_info_icon.png" x="520" y="963" w="55" h="55" pX="0.5" pY="0.5"/>
    <sprite n="green_x_icon.png" x="468" y="975" w="46" h="46" pX="0.5" pY="0.5"/>
    <sprite n="grey_preloader.png" x="860" y="854" w="48" h="48" pX="0.5" pY="0.5"/>
    <sprite n="home_icon.png" x="930" y="740" w="52" h="52" pX="0.5" pY="0.5"/>
    <sprite n="info_icon.png" x="968" y="883" w="44" h="44" pX="0.5" pY="0.5"/>
    <sprite n="key_white.png" x="581" y="983" w="36" h="36" pX="0.5" pY="0.5"/>
    <sprite n="king_logo.png" x="413" y="701" w="96" h="65" pX="0.5" pY="0.5"/>
    <sprite n="kingdom_icon_topbar.png" x="510" y="795" w="65" h="65" pX="0.5" pY="0.5"/>
    <sprite n="kv_active_input_field.png" x="302" y="701" w="22" h="88" pX="0.5" pY="0.5"/>
    <sprite n="kv_bird_img.png" x="822" y="470" w="41" h="71" pX="0.5" pY="0.5"/>
    <sprite n="kv_blue_button.png" x="411" y="896" w="28" h="94" pX="0.5" pY="0.5"/>
    <sprite n="kv_blue_button_down.png" x="513" y="866" w="28" h="91" pX="0.5" pY="0.5"/>
    <sprite n="kv_check_icon.png" x="581" y="933" w="44" h="44" pX="0.5" pY="0.5"/>
    <sprite n="kv_cloud1.png" x="903" y="62" w="118" h="36" pX="0.5" pY="0.5"/>
    <sprite n="kv_cloud2.png" x="737" y="683" w="67" h="43" pX="0.5" pY="0.5"/>
    <sprite n="kv_devices.png" x="544" y="470" w="272" h="92" pX="0.5" pY="0.5" oX="0" oY="14" oW="272" oH="125"/>
    <sprite n="kv_divider_line.png" x="544" y="299" w="1" h="12" pX="0.5" pY="0.5"/>
    <sprite n="kv_fly_img.png" x="946" y="592" w="29" h="28" pX="0.5" pY="0.5"/>
    <sprite n="kv_footerbend.png" x="577" y="3" w="375" h="13" pX="0.5" pY="0.5"/>
    <sprite n="kv_games.png" x="3" y="897" w="270" h="98" pX="0.5" pY="0.5" oX="1" oY="10" oW="272" oH="125"/>
    <sprite n="kv_google_signin_button.png" x="376" y="896" w="29" h="94" pX="0.5" pY="0.5"/>
    <sprite n="kv_google_signin_button_down.png" x="547" y="866" w="28" h="91" pX="0.5" pY="0.5"/>
    <sprite n="kv_green_button.png" x="445" y="875" w="28" h="94" pX="0.5" pY="0.5"/>
    <sprite n="kv_green_button_down.png" x="990" y="689" w="28" h="91" pX="0.5" pY="0.5"/>
    <sprite n="kv_img_carrot.png" x="302" y="795" w="105" h="95" pX="0.5" pY="0.5"/>
    <sprite n="kv_img_island.png" x="577" y="22" w="320" h="61" pX="0.5" pY="0.5"/>
    <sprite n="kv_img_join.png" x="871" y="115" w="142" h="112" pX="0.5" pY="0.5"/>
    <sprite n="kv_islands_1.png" x="810" y="689" w="174" h="45" pX="0.5" pY="0.5"/>
    <sprite n="kv_islands_2.png" x="815" y="633" w="199" h="50" pX="0.5" pY="0.5"/>
    <sprite n="kv_map.png" x="319" y="42" w="246" h="125" pX="0.5" pY="0.5" oX="13" oY="0" oW="272" oH="125"/>
    <sprite n="kv_negative_input_field.png" x="330" y="701" w="22" h="88" pX="0.5" pY="0.5"/>
    <sprite n="kv_nonactive_input_field.png" x="358" y="701" w="22" h="88" pX="0.5" pY="0.5"/>
    <sprite n="kv_onboarding_bg.png" x="1008" y="233" w="4" h="298" pX="0.5" pY="0.5"/>
    <sprite n="kv_orange_button.png" x="479" y="875" w="28" h="94" pX="0.5" pY="0.5"/>
    <sprite n="kv_orange_button_down.png" x="988" y="786" w="28" h="91" pX="0.5" pY="0.5"/>
    <sprite n="kv_pagination_active.png" x="942" y="22" w="9" h="9" pX="0.5" pY="0.5"/>
    <sprite n="kv_pagination_inactive.png" x="942" y="37" w="9" h="9" pX="0.5" pY="0.5"/>
    <sprite n="kv_pen_icon.png" x="903" y="22" w="33" h="33" pX="0.5" pY="0.5"/>
    <sprite n="kv_red_x_icon.png" x="631" y="933" w="44" h="44" pX="0.5" pY="0.5"/>
    <sprite n="level_up_badge.png" x="737" y="605" w="72" h="72" pX="0.5" pY="0.5"/>
    <sprite n="links_frame.png" x="440" y="996" w="22" h="22" pX="0.5" pY="0.5"/>
    <sprite n="loading_avatars_icon.png" x="871" y="233" w="131" h="133" pX="0.5" pY="0.5" oX="0" oY="0" oW="131" oH="134"/>
    <sprite n="log_out_icon.png" x="623" y="983" w="28" h="28" pX="0.5" pY="0.5"/>
    <sprite n="message_icon.png" x="737" y="732" w="63" h="53" pX="0.5" pY="0.5"/>
    <sprite n="orange_bar_tile.png" x="558" y="173" w="4" h="193" pX="0.5" pY="0.5"/>
    <sprite n="orange_field.png" x="1004" y="541" w="17" h="15" pX="0.5" pY="0.5"/>
    <sprite n="orange_topbar.png" x="1019" y="220" w="2" h="100" pX="0.5" pY="0.5"/>
    <sprite n="post_stamp_graphic.png" x="526" y="568" w="205" h="221" pX="0.5" pY="0.5"/>
    <sprite n="round_green_button.png" x="279" y="897" w="91" h="97" pX="0.5" pY="0.5"/>
    <sprite n="round_orange_button.png" x="413" y="772" w="91" h="97" pX="0.5" pY="0.5"/>
    <sprite n="round_white_check_icon.png" x="681" y="795" w="44" h="44" pX="0.5" pY="0.5"/>
    <sprite n="scroller_bg.png" x="1004" y="562" w="16" h="17" pX="0.5" pY="0.5"/>
    <sprite n="scroller_drager.png" x="1004" y="585" w="16" h="17" pX="0.5" pY="0.5"/>
    <sprite n="selected_avatar_frame.png" x="376" y="996" w="25" h="25" pX="0.5" pY="0.5"/>
    <sprite n="settings_icon.png" x="930" y="798" w="52" h="50" pX="0.5" pY="0.5"/>
    <sprite n="shadow_over_topbar.png" x="1018" y="326" w="2" h="81" pX="0.5" pY="0.5"/>
    <sprite n="skip_icon.png" x="871" y="89" w="26" h="20" pX="0.5" pY="0.5"/>
    <sprite n="tablets_border.png" x="3" y="504" w="293" h="387" pX="0.5" pY="0.5"/>
    <sprite n="tablets_border_extended.png" x="3" y="42" w="310" h="456" pX="0.5" pY="0.5"/>
    <sprite n="top_border.png" x="1019" y="104" w="2" h="110" pX="0.5" pY="0.5"/>
    <sprite n="white_check_icon.png" x="822" y="547" w="39" h="29" pX="0.5" pY="0.5"/>
    <sprite n="white_preloader.png" x="914" y="854" w="48" h="48" pX="0.5" pY="0.5"/>
</TextureAtlas>

