<?xml version="1.0" encoding="UTF-8"?>
<!-- Created with TexturePacker http://www.codeandweb.com/texturepacker-->
<!-- $TexturePacker:SmartUpdate:4f3ae2bdbb83d6428d3ee5eda6f3df36:2b2501e383cddddeecde7dcda8a02385:30fe74b0f5d005c593146b58c2af8de5$ -->
<!--Format:
n  => name of the sprite
x  => sprite x pos in texture
y  => sprite y pos in texture
w  => sprite width (may be trimmed)
h  => sprite height (may be trimmed)
pX => x pos of the pivot point (relative to sprite width)
pY => y pos of the pivot point (relative to sprite height)
oX => sprite's x-corner offset (only available if trimmed)
oY => sprite's y-corner offset (only available if trimmed)
oW => sprite's original width (only available if trimmed)
oH => sprite's original height (only available if trimmed)
r => 'y' only set if sprite is rotated
-->
<TextureAtlas imagePath="uiingame.png" width="512" height="512">
    <sprite n="generic_achievement_icon.png" x="235" y="155" w="70" h="70" pX="0.5" pY="0.5" oX="0" oY="0" oW="70" oH="70"/>
    <sprite n="image_bevel_hd.png" x="394" y="3" w="72" h="72" pX="0.5" pY="0.5"/>
    <sprite n="image_glass_hd.png" x="311" y="155" w="56" h="56" pX="0.5" pY="0.5"/>
    <sprite n="kingdom_icon.png" x="235" y="3" w="153" h="146" pX="0.5" pY="0.5" oX="0" oY="0" oW="153" oH="146"/>
    <sprite n="level_up_badge.png" x="394" y="81" w="72" h="72" pX="0.5" pY="0.5" oX="0" oY="0" oW="72" oH="72"/>
    <sprite n="level_up_icon.png" x="472" y="99" w="26" h="28" pX="0.5" pY="0.5"/>
    <sprite n="toaster_orange.png" x="373" y="159" w="18" h="111" pX="0.5" pY="0.5"/>
    <sprite n="toaster_shadow_freeslice.png" x="3" y="3" w="226" h="201" pX="0.5" pY="0.5"/>
    <sprite n="toaster_white.png" x="472" y="133" w="23" h="101" pX="0.5" pY="0.5" oX="0" oY="0" oW="23" oH="101"/>
    <sprite n="trophy_icon.png" x="472" y="65" w="28" h="28" pX="0.5" pY="0.5"/>
    <sprite n="white_arrow_down.png" x="472" y="3" w="33" h="21" pX="0.5" pY="0.5"/>
    <sprite n="white_x.png" x="472" y="30" w="29" h="29" pX="0.5" pY="0.5" oX="0" oY="0" oW="29" oH="29"/>
</TextureAtlas>

