<?xml version='1.0' encoding='UTF-8'?>

<Sounds>
  <Sound filename="client/diorama/common/sounds/character_kimmy.wav" name="character_kimmy"/>
  <Sound filename="client/diorama/common/sounds/character_yeti.wav" name="character_yeti"/>
  <Sound filename="client/diorama/common/sounds/character_crab.wav" name="character_crab"/>
  <Sound filename="client/diorama/common/sounds/character_bat.wav" name="character_bat"/>
  <Sound filename="client/diorama/common/sounds/character_monkey.wav" name="character_monkey"/>
  <Sound filename="client/diorama/common/sounds/character_honey_dragon.wav" name="character_honey_dragon"/>
  <Sound filename="client/diorama/common/sounds/character_cookie_lady.wav" name="character_cookie_lady"/>
  <Sound filename="client/diorama/common/sounds/character_squid.wav" name="character_squid"/>
  <Sound filename="client/diorama/common/sounds/character_pirate.wav" name="character_pirate"/>
  <Sound filename="client/diorama/common/sounds/character_toad.wav" name="character_toad"/>
  <Sound filename="client/diorama/common/sounds/character_farm_girl.wav" name="character_farm_girl"/>
  <Sound filename="client/diorama/common/sounds/character_seahorse.wav" name="character_seahorse"/>
  <Sound filename="client/diorama/common/sounds/character_liquorice_troll.wav" name="character_liquorice_troll"/>
  <Sound filename="client/diorama/common/sounds/character_robot.wav" name="character_robot"/>
  <Sound filename="client/diorama/common/sounds/character_ice_mammoth.wav" name="character_ice_mammoth"/>
  <Sound filename="client/diorama/common/sounds/character_plant.wav" name="character_plant"/>
  <Sound filename="client/diorama/common/sounds/character_genie.wav" name="character_genie"/>
  <Sound filename="client/diorama/common/sounds/character_factory_manager.wav" name="character_factory_manager"/>
  <Sound filename="client/diorama/common/sounds/character_bubblegum_troll.wav" name="character_bubblegum_monster"/>
  <Sound filename="client/diorama/common/sounds/character_chocolate_centipede.wav" name="character_chocolate_centipede"/>
  <Sound filename="client/diorama/common/sounds/character_bunny_rabbit.wav" name="character_bunny_rabbit"/>
  <Sound filename="client/diorama/common/sounds/character_kimmy_in_mirror.wav" name="character_kimmy_in_mirror"/>
  <Sound filename="client/diorama/common/sounds/character_snowmountain_wizard.wav" name="character_snowmountain_wizard"/>
  <Sound filename="client/diorama/common/sounds/character_dinosaur_skelleton_2.wav" name="character_dinosaur"/>
  <Sound filename="client/diorama/common/sounds/character_mole.wav" name="character_digger"/>
  <Sound filename="client/diorama/common/sounds/character_gorilla.wav" name="character_big_ape"/>
  <Sound filename="client/diorama/common/sounds/character_gardener.wav" name="character_gardener"/>
  <Sound filename="client/diorama/common/sounds/character_whale.wav" name="character_whale"/>
  <Sound filename="client/diorama/common/sounds/character_alligator.wav" name="character_alligator"/>
  <Sound filename="client/diorama/common/sounds/character_knight.wav" name="character_knight"/>
  <Sound filename="client/diorama/common/sounds/character_camel.wav" name="character_camel"/>
  <Sound filename="client/diorama/common/sounds/character_paer.wav" name="character_paer"/>
  <Sound filename="client/diorama/common/sounds/character_hippo.wav" name="character_hippo"/>
  <Sound filename="client/diorama/common/sounds/character_skelloman.wav" name="character_skelloman"/>
  <Sound filename="client/diorama/common/sounds/character_crazymonkey.wav" name="character_crazymonkey"/>
  <Sound filename="client/diorama/common/sounds/character_ep40.wav" name="character_ep40"/>
  <Sound filename="client/diorama/common/sounds/character_ep41.wav" name="character_ep41"/>
  <Sound filename="client/diorama/common/sounds/character_ep42.wav" name="character_ep42"/>
  <Sound filename="client/diorama/common/sounds/character_ep43.wav" name="character_ep43"/>
  <Sound filename="client/diorama/common/sounds/character_ep44.wav" name="character_ep44"/>
  <Sound filename="client/diorama/common/sounds/character_ep45.wav" name="character_ep45"/>
  <Sound filename="client/diorama/common/sounds/character_ep46.wav" name="character_ep46"/>
  <Sound filename="client/diorama/common/sounds/character_ep47.wav" name="character_ep47"/>
  <Sound filename="client/diorama/common/sounds/character_ep48.wav" name="character_ep48"/>
  <Sound filename="client/diorama/common/sounds/character_ep49.wav" name="character_ep49"/>
  <Sound filename="client/diorama/common/sounds/character_ep50.wav" name="character_ep50"/>
  <Sound filename="client/diorama/common/sounds/character_ep51.wav" name="character_ep51"/>
  <Sound filename="client/diorama/common/sounds/character_ep52.wav" name="character_ep52"/>
  <Sound filename="client/diorama/common/sounds/character_ep53.wav" name="character_ep53"/>
  <Sound filename="client/diorama/common/sounds/character_ep54.wav" name="character_ep54"/>
  <Sound filename="client/diorama/common/sounds/character_ep55.wav" name="character_ep55"/>
  <Sound filename="client/diorama/common/sounds/character_ep56.wav" name="character_ep56"/>
  <Sound filename="client/diorama/common/sounds/character_ep57.wav" name="character_ep57"/>
  <Sound filename="client/diorama/common/sounds/character_crow.wav" name="character_crow"/>
  <Sound filename="client/diorama/common/sounds/level_complete.ogg" name="LevelUnlockSFX"/>
  <Sound filename="client/diorama/common/sounds/diorama_tree.wav" name="diorama_bush"/>
  <Sound filename="client/diorama/common/sounds/diorama_cloud.wav" name="diorama_cloud"/>
  <Sound filename="client/diorama/common/sounds/diorama_house.wav" name="diorama_house"/>
  <Sound filename="client/diorama/common/sounds/diorama_lollipop.wav" name="diorama_lollipop"/>
  <Sound filename="client/diorama/common/sounds/diorama_tree.wav" name="diorama_tree"/>
  <Sound filename="client/diorama/common/sounds/diorama_sun.wav" name="diorama_sun"/>
  <Sound filename="client/diorama/common/sounds/diorama_donut.ogg" name="diorama_donut"/>
  <Sound filename="client/diorama/common/sounds/diorama_portal.ogg" name="portal_click"/>
  <Sound filename="client/diorama/common/sounds/diorama_pile.wav" name="diorama_pile"/>
  <Sound filename="client/diorama/common/sounds/diorama_squishy.wav" name="diorama_squishy"/>
  <Sound filename="client/diorama/common/sounds/diorama_squeeker.wav" name="diorama_squeeker"/>
  <Sound filename="client/diorama/common/sounds/diorama_frozen.wav" name="diorama_frozen"/>
  <Sound filename="client/diorama/common/sounds/diorama_grammophone.wav" name="diorama_grammophone"/>
  <Sound filename="client/diorama/common/sounds/diorama_strawberry.wav" name="diorama_strawberry"/>
  <Sound filename="client/game/common/sounds/candy_fall_1.wav" name="item_land_1"/>
  <Sound filename="client/game/common/sounds/candy_fall_2.wav" name="item_land_2"/>
  <Sound filename="client/game/common/sounds/candy_fall_3.wav" name="item_land_3"/>
  <Sound filename="client/game/common/sounds/candy_fall_4.wav" name="item_land_4"/>
  <Sound filename="client/game/common/sounds/negative_switch_sound.wav" name="unsuccessful_switch"/>
  <Sound filename="client/game/common/sounds/switch_sound02.wav" name="successful_switch"/>
  <Sound filename="client/game/common/sounds/colorbomb_created.wav" name="special_candy_created"/>
  <Sound filename="client/game/common/sounds/sugar_crush_candy_created.wav" name="sugar_crush_special_candy_created"/>
  <Sound filename="client/game/common/sounds/colorbomb_created.wav" name="colorbomb_candy_created"/>
  <Sound filename="client/game/common/sounds/wrapped_created.wav" name="wrapped_candy_created"/>
  <Sound filename="client/game/common/sounds/striped_created.wav" name="striped_candy_created"/>
  <Sound filename="client/game/common/sounds/line_blast.wav" name="special_effect"/>
  <Sound filename="client/game/common/sounds/bomb_sound.wav" name="bomb_explode"/>
  <Sound filename="client/game/common/sounds/striped_wrapped_combo.ogg" name="striped_wrapped"/>
  <Sound filename="client/game/common/sounds/colorbomb_idle.ogg" name="colorbomb_exploded"/>
  <Sound filename="client/game/common/sounds/colorbomb_hit.wav" name="color_bomb_hit"/>
  <Sound filename="client/game/common/sounds/colorbomb_die.wav" name="color_bomb_die"/>
  <Sound filename="client/game/common/sounds/super_colorbomb.ogg" name="super_colorbomb"/>
  <Sound filename="client/game/common/sounds/coloring_candy.wav" name="ColoringCandySFX"/>
  <Sound filename="client/game/common/sounds/coloring_candy_burst.wav" name="ColoringCandyBurstSFX"/>
  <Sound filename="client/game/common/sounds/super_coloring.ogg" name="SuperColoringSFX"/>
  <Sound filename="client/game/common/sounds/coloring_candy_hit.wav" name="coloring_candy_hit"/>
  <Sound filename="client/game/common/sounds/combo_sound1.wav" name="match_sequence_1"/>
  <Sound filename="client/game/common/sounds/combo_sound2.wav" name="match_sequence_2"/>
  <Sound filename="client/game/common/sounds/combo_sound3.wav" name="match_sequence_3"/>
  <Sound filename="client/game/common/sounds/combo_sound4.wav" name="match_sequence_4"/>
  <Sound filename="client/game/common/sounds/combo_sound5.wav" name="match_sequence_5"/>
  <Sound filename="client/game/common/sounds/combo_sound6.wav" name="match_sequence_6"/>
  <Sound filename="client/game/common/sounds/combo_sound7.wav" name="match_sequence_7"/>
  <Sound filename="client/game/common/sounds/combo_sound8.wav" name="match_sequence_8"/>
  <Sound filename="client/game/common/sounds/combo_sound9.wav" name="match_sequence_9"/>
  <Sound filename="client/game/common/sounds/combo_sound10.wav" name="match_sequence_10"/>
  <Sound filename="client/game/common/sounds/combo_sound11.wav" name="match_sequence_11"/>
  <Sound filename="client/game/common/sounds/combo_sound12.wav" name="match_sequence_12"/>
  <Sound filename="client/game/common/sounds/combo_sound1.wav" name="buy_moves"/>
  <Sound filename="client/game/common/sounds/honey_intro_stinger.ogg" name="hidden_intro_stinger"/>
  <Sound filename="client/game/common/sounds/honey_intro_stinger.ogg" name="honey_intro_stinger"/>
  <Sound filename="client/game/common/sounds/giant_bears/giant_bear_appears.wav" name="giant_bear_appears"/>
  <Sound filename="client/game/common/sounds/giant_bears/giant_bear_jump_to_meter.wav" name="giant_bear_jump_to_meter"/>
  <Sound filename="client/game/common/sounds/giant_bears/giant_bear_hit_meter.wav" name="giant_bear_hit_meter"/>
  <Sound filename="client/game/common/sounds/giant_bears/giant_bear_correct.wav" name="giant_bear_brick_flip_with_bear"/>
  <Sound filename="client/game/common/sounds/giant_bears/giant_bear_correct_no_swoosh.wav" name="giant_bear_brick_flip_with_bear_no_swoosh"/>
  <Sound filename="client/game/common/sounds/giant_bears/giant_bear_wrong.wav" name="giant_bear_brick_flip_no_bear"/>
  <Sound filename="client/game/common/sounds/giant_bears/giant_bear_wrong_no_swoosh.wav" name="giant_bear_brick_flip_no_bear_no_swoosh"/>
  <Sound filename="client/game/common/sounds/ice_removed_1.wav" name="ice_removed1"/>
  <Sound filename="client/game/common/sounds/ice_removed_2.wav" name="ice_removed2"/>
  <Sound filename="client/game/common/sounds/ice_removed_3.wav" name="ice_removed3"/>
  <Sound filename="client/game/common/sounds/honey_intro_stinger.ogg" name="floating_intro_stinger"/>
  <Sound filename="client/game/common/sounds/bear_bubble.ogg" name="bear_escape_bubble"/>
  <Sound filename="client/game/common/sounds/bottle.wav" name="water_balloon_pop"/>
  <Sound filename="client/game/common/sounds/bottle_jump_to_meter.ogg" name="BottleJumpToMeterSFX"/>
  <Sound filename="client/game/common/sounds/soda_bubbles_rise.wav" name="SodaBubblesRiseSFX"/>
  <Sound filename="client/game/common/sounds/soda_rise.wav" name="SodaRiseSFX"/>
  <Sound filename="client/game/common/sounds/bear_frosting_1.wav" name="bear_frosting_1"/>
  <Sound filename="client/game/common/sounds/bear_frosting_2.wav" name="bear_frosting_2"/>
  <Sound filename="client/game/common/sounds/bear_frosting_3.wav" name="bear_frosting_3"/>
  <Sound filename="client/game/common/sounds/bear_frosting_4.wav" name="bear_frosting_4"/>
  <Sound filename="client/game/common/sounds/bear_frosting_free.wav" name="bear_frosting_free"/>
  <Sound filename="client/game/common/sounds/jam_intro_stinger.ogg" name="chocolate_intro_stinger"/>
  <Sound filename="client/game/common/sounds/chocolate_grow.wav" name="chocolate_grows"/>
  <Sound filename="client/game/common/sounds/chocolate_removed.wav" name="chocolate_removed"/>
  <Sound filename="client/game/common/sounds/honey_intro_stinger.ogg" name="bubble_gum_intro_stinger"/>
  <Sound filename="client/game/common/sounds/cookie_batter.wav" name="coockie_batter"/>
  <Sound filename="client/game/common/sounds/bubble_gum_burst01.wav" name="bubble_gum_burst01"/>
  <Sound filename="client/game/common/sounds/bubble_gum_burst02.wav" name="bubble_gum_burst02"/>
  <Sound filename="client/game/common/sounds/bubble_gum_grow.wav" name="bubble_gum_grow"/>
  <Sound filename="client/game/common/sounds/jam_intro_stinger.ogg" name="paint_battle_intro_stinger"/>
  <Sound filename="client/game/common/sounds/jam_intro_stinger.ogg" name="soda_fizz_intro_stinger"/>
  <Sound filename="client/game/common/sounds/candy_cannon.wav" name="candy_cannon_spinner"/>
  <Sound filename="client/game/common/sounds/soda_filled_to_the_brim.ogg" name="soda_filled_to_the_brim"/>
  <Sound filename="client/game/common/sounds/cupcake.wav" name="frosting_cleared1"/>
  <Sound filename="client/game/common/sounds/cupcake.wav" name="frosting_cleared2"/>
  <Sound filename="client/game/common/sounds/liqourice_lock_broken.wav" name="liqourice_lock_broken"/>
  <Sound filename="client/game/common/sounds/liquorice_swirl.wav" name="liquorice_swirl"/>
  <Sound filename="client/game/common/sounds/vo/soda_crush.wav" name="sugar_crush_exclamation"/>
  <Sound filename="client/game/common/sounds/vo/juicy.wav" name="sweet_exclamation"/>
  <Sound filename="client/game/common/sounds/vo/tasty.wav" name="tasty_exclamation"/>
  <Sound filename="client/game/common/sounds/vo/sodalicious.wav" name="delicious_exclamation"/>
  <Sound filename="client/game/common/sounds/vo/divine.wav" name="divine_exclamation"/>
  <Sound filename="client/game/common/sounds/vo/shuffling.wav" name="shuffle_exclamation"/>
  <Sound filename="client/game/common/sounds/soda_wave_in.wav" name="soda_wave"/>
  <Sound filename="client/game/common/sounds/soda_wave_out.wav" name="soda_wave_out"/>
  <Sound filename="client/game/common/sounds/info_swoop.wav" name="info_swoop_in1"/>
  <Sound filename="client/game/common/sounds/vo/chocolate.wav" name="instruction_swipe_chocolate_1"/>
  <Sound filename="client/game/common/sounds/vo/bubble.wav" name="instruction_swipe_floating_nut_1"/>
  <Sound filename="client/game/common/sounds/vo/soda.wav" name="instruction_swipe_soda_to_the_brim_1"/>
  <Sound filename="client/game/common/sounds/vo/frosting.wav" name="instruction_swipe_giant_bears_1"/>
  <Sound filename="client/game/common/sounds/vo/honey.wav" name="instruction_swipe_honey_1SFX"/>
  <Sound filename="client/game/common/sounds/vo/bubble_gum.wav" name="instruction_swipe_bubble_gum"/>
  <Sound filename="client/game/common/sounds/vo/jam.wav" name="instruction_swipe_paint_battle"/>
  <Sound filename="client/game/common/sounds/vo/soda.wav" name="instruction_swipe_soda_fizz"/>
  <Sound filename="client/game/common/sounds/vo/bubble_rush.wav" name="instruction_swipe_bubble_rush"/>
  <Sound filename="client/game/common/sounds/stinger_win_intro.ogg" name="stinger_win_intro"/>
  <Sound filename="client/game/common/sounds/stinger_win_looping.ogg" name="stinger_win_looping"/>
  <Sound filename="client/game/common/sounds/stinger_win_outro.ogg" name="stinger_win_outro"/>
  <Sound filename="client/game/common/sounds/stinger_lose_outro.ogg" name="stinger_lose_outro"/>
  <Sound filename="client/game/common/sounds/egp_appear.ogg" name="stinger_egp_appear"/>
  <Sound filename="client/game/common/sounds/egp_close_call.wav" name="stinger_egp_close_call"/>
  <Sound filename="client/diorama/common/sounds/button_menu_show.wav" name="menu_show"/>
  <Sound filename="client/diorama/common/sounds/button_menu_hide.wav" name="menu_hide"/>
  <Sound filename="client/diorama/common/sounds/button_overview_show.wav" name="overview_show"/>
  <Sound filename="client/diorama/common/sounds/button_overview_hide.wav" name="overview_hide"/>
  <Sound filename="client/diorama/common/sounds/button_general_release.wav" name="button_release"/>
  <Sound filename="client/game/common/sounds/shuffle.ogg" name="shuffle"/>
  <Sound filename="client/game/common/sounds/fish_swim.ogg" name="fish_swim"/>
  <Sound filename="client/game/common/sounds/fish_swim_striped.ogg" name="fish_swim_striped"/>
  <Sound filename="client/game/common/sounds/fish_swim_wrapped.ogg" name="fish_swim_wrapped"/>
  <Sound filename="client/game/common/sounds/fish_created.wav" name="fish_created"/>
  <Sound filename="client/game/common/sounds/1_star.wav" name="hud_1_star"/>
  <Sound filename="client/game/common/sounds/2_star.wav" name="hud_2_star"/>
  <Sound filename="client/game/common/sounds/3_star.wav" name="hud_3_star"/>
  <Sound filename="client/game/common/sounds/sticky_hand_use.wav" name="illegal_hand_switch"/>
  <Sound filename="client/game/common/sounds/lollipop_hit.wav" name="lollipop_hit"/>
  <Sound filename="client/game/common/sounds/lollipop_select.wav" name="lollipop_select"/>
  <Sound filename="client/game/common/sounds/intro_camera_scrolling.wav" name="intro_camera_scrolling"/>
  <Sound filename="client/game/common/sounds/jelly_cake.wav" name="jelly_cake"/>
  <Sound filename="client/game/common/sounds/jelly_cake_charge.wav" name="jelly_cake_charge"/>
  <Sound filename="client/game/common/sounds/jelly_cake_explode.wav" name="jelly_cake_explode"/>
  <Sound filename="client/game/common/sounds/jam_1.wav" name="jam_1"/>
  <Sound filename="client/game/common/sounds/jam_2.wav" name="jam_2"/>
  <Sound filename="client/game/common/sounds/jam_3.wav" name="jam_3"/>
  <Sound filename="client/game/common/sounds/honey_tile_splat.wav" name="honey_tile_splat0"/>
  <Sound filename="client/game/common/sounds/honey_tile_splat2.wav" name="honey_tile_splat1"/>
  <Sound filename="client/game/common/sounds/honey_tile_lid_soft_crack.wav" name="honey_tile_lid_soft_crack"/>
  <Sound filename="client/diorama/common/sounds/purchase_gold.wav" name="purchase_gold"/>
  <Sound filename="client/game/common/sounds/sidekick_charge.wav" name="charge"/>
  <Sound filename="client/game/common/sounds/sidekick_collect.wav" name="collect"/>
  <Sound filename="client/game/common/sounds/sprinkleshell_charged.wav" name="sprinkleshell_charged"/>
  <Sound filename="client/game/common/sounds/sprinkleshell_chew.wav" name="sprinkleshell_chew"/>
  <Sound filename="client/game/common/sounds/sprinkleshell_select.wav" name="sprinkleshell_select"/>
  <Sound filename="client/game/common/sounds/sprinkleshell_active_idle.wav" name="sprinkleshell_active_idle"/>
  <Sound filename="client/game/common/sounds/sidekick_remove_candy.wav" name="sidekick_remove_candy"/>
  <Sound filename="client/game/common/sounds/chain_blocker_hit.wav" name="chain_blocker_hit"/>
  <Sound filename="client/game/common/sounds/fizz_bubble_1.ogg" name="fizz_bubble_1"/>
  <Sound filename="client/game/common/sounds/fizz_bubble_2.ogg" name="fizz_bubble_2"/>
  <Sound filename="client/game/common/sounds/fizz_bubble_3.ogg" name="fizz_bubble_3"/>
  <Sound filename="client/game/common/sounds/fizz_burst.ogg" name="fizz_burst"/>
  <Sound filename="client/game/common/sounds/fizz_water_level_raise.ogg" name="fizz_water_level_raise"/>
  <Sound filename="client/game/common/sounds/fizz_flush.ogg" name="fizz_flush"/>
  <Sound filename="client/game/common/sounds/fizz_chain_1.ogg" name="fizz_chain_1"/>
  <Sound filename="client/game/common/sounds/fizz_chain_2.ogg" name="fizz_chain_2"/>
  <Sound filename="client/game/common/sounds/fizz_chain_3.ogg" name="fizz_chain_3"/>
  <Sound filename="client/game/common/sounds/fizz_chain_4.ogg" name="fizz_chain_4"/>
  <Sound filename="client/game/common/sounds/fizz_chain_5.ogg" name="fizz_chain_5"/>
  <Sound filename="client/game/common/sounds/fizz_bomb.wav" name="fizz_bomb"/>
  <Sound filename="client/game/common/sounds/pregamebooster_spawn_colorcandy_1.wav" name="pregamebooster_spawn_coloringcandy"/>
  <Sound filename="client/game/common/sounds/pregamebooster_spawn_colorbomb_1.wav" name="pregamebooster_spawn_colorbomb"/>
  <Sound filename="client/game/common/sounds/pregamebooster_fish_spawn.wav" name="pregamebooster_spawn_double_fish"/>
  <Sound filename="client/game/common/sounds/pregamebooster_spawn_fish_swim_trill.ogg" name="pregamebooster_spawn_swim_fish"/>
  <Sound filename="client/diorama/common/sounds/character_ep58.wav" name="character_ep58"/>
  <Sound filename="client/diorama/common/sounds/character_ep59.wav" name="character_ep59"/>
  <Sound filename="client/diorama/common/sounds/character_ep60.wav" name="character_ep60"/>
  <Sound filename="client/liveops/hero_quest/ccss_gofishing_awardscreen_big.ogg" name="gofishing_awardsscreen_big"/>
  <Sound filename="client/liveops/hero_quest/ccss_gofishing_awardscreen_small.ogg" name="gofishing_awardsscreen_small"/>
  <Sound filename="client/liveops/hero_quest/ccss_gofishing_fishanimation.ogg" name="gofishing_fishanimation"/>
  <Sound filename="client/liveops/hero_quest/ccss_gofishing_popup_in.ogg" name="gofishing_popup_in"/>
  <Sound filename="client/liveops/hero_quest/ccss_gofishing_popup_out.ogg" name="gofishing_popup_out"/>
  <Sound filename="client/liveops/hero_quest/ccss_gofishing_scoreboard_loop.ogg" name="gofishing_scoreboard_loop"/>
  <Sound filename="client/liveops/treasure_hunt/treasureroad_gift_open_01.ogg" name="treasureroad_gift_open_01"/>
  <Sound filename="client/liveops/treasure_hunt/treasureroad_gift_open_02.ogg" name="treasureroad_gift_open_02"/>
  <Sound filename="client/liveops/treasure_hunt/treasureroad_gift_open_03.ogg" name="treasureroad_gift_open_03"/>
  <Sound filename="client/game/common/sounds/quest_completed.wav" name="quest_completed"/>
  <Sound filename="client/diorama/common/sounds/character_ep61.wav" name="character_ep61"/>
  <Sound filename="client/diorama/common/sounds/character_ep62.wav" name="character_ep62"/>
  <Sound filename="client/diorama/common/sounds/character_ep63.wav" name="character_ep63"/>
  <Sound filename="client/diorama/common/sounds/character_ep64.wav" name="character_ep64"/>
  <Sound filename="client/diorama/common/sounds/character_ep65.wav" name="character_ep65"/>
  <Sound filename="client/diorama/common/sounds/character_ep66.wav" name="character_ep66"/>
  <Sound filename="client/diorama/common/sounds/character_ep66_sneeze.wav" name="character_ep66_sneeze"/>
  <Sound filename="client/diorama/common/sounds/character_ep67.wav" name="character_ep67"/>
  <Sound filename="client/diorama/common/sounds/character_ep68.wav" name="character_ep68"/>
  <Sound filename="client/diorama/common/sounds/character_ep69.wav" name="character_ep69"/>
  <Sound filename="client/diorama/common/sounds/character_ep70.wav" name="character_ep70"/>
  <Sound filename="client/diorama/common/sounds/character_ep71.wav" name="character_ep71"/>
  <Sound filename="client/diorama/common/sounds/character_ep72.wav" name="character_ep72"/>
  <Sound filename="client/features/login_calendar/CCSS_DLC_enter_calendar.ogg" name="lc_enter"/>
  <Sound filename="client/features/login_calendar/CCSS_DLC_gift_drop_01.ogg" name="lc_gift_drop_01"/>
  <Sound filename="client/features/login_calendar/CCSS_DLC_gift_drop_02.ogg" name="lc_gift_drop_02"/>
  <Sound filename="client/features/login_calendar/CCSS_DLC_gift_drop_03.ogg" name="lc_gift_drop_03"/>
  <Sound filename="client/features/login_calendar/CCSS_DLC_green_tick_01.ogg" name="lc_green_tick"/>
  <Sound filename="client/features/login_calendar/CCSS_DLC_login_gifts_explosion_01.ogg" name="lc_gift_explosion"/>
  <Sound filename="client/features/login_calendar/CCSS_DLC_login_gifts_explosion_special.ogg" name="lc_gift_explosion_special"/>
  <Sound filename="client/features/login_calendar/CCSS_DLC_stamp_01.ogg" name="lc_stamp_green"/>
  <Sound filename="client/features/login_calendar/CCSS_DLC_stamp_pink.ogg" name="lc_stamp_pink"/>
  <Sound filename="client/features/login_calendar/CCSS_DLC_vertical_bar_fill_02.ogg" name="lc_vertical_bar_fill"/>
  <Sound filename="client/liveops/hero_quest/sfx_facman_candymachine_1.ogg" name="facman_candymachine_1"/>
  <Sound filename="client/liveops/hero_quest/sfx_facman_candymachine_2.ogg" name="facman_candymachine_2"/>
  <Sound filename="client/liveops/hero_quest/sfx_facman_candymachine_3.ogg" name="facman_candymachine_3"/>
  <Sound filename="client/liveops/hero_quest/sfx_facman_eventend_stinger.ogg" name="facman_eventend_stinger"/>
  <Sound filename="client/liveops/hero_quest/sfx_facman_manager_laugh.ogg" name="facman_manager_laugh"/>
  <Sound filename="client/liveops/hero_quest/sfx_facman_manager_mumble_1.ogg" name="facman_manager_mumble_1"/>
  <Sound filename="client/liveops/hero_quest/sfx_facman_manager_mumble_2.ogg" name="facman_manager_mumble_2"/>
  <Sound filename="client/liveops/hero_quest/sfx_facman_steam_1.ogg" name="facman_steam_1"/>
  <Sound filename="client/liveops/hero_quest/sfx_facman_steam_2.ogg" name="facman_steam_2"/>
  <Sound filename="client/liveops/hero_quest/sfx_facman_steam_3.ogg" name="facman_steam_3"/>
  <Sound filename="client/liveops/hero_quest/sfx_facman_switcheranimation.ogg" name="facman_switcheranimation"/>
  <Sound filename="client/liveops/hero_quest/sfx_facman_toplist_ambience.ogg" name="facman_toplist_ambience"/>
  <Sound name="character_ep73" filename="client/diorama/common/sounds/character_ep73.wav"/>
  <Sound name="character_ep74" filename="client/diorama/common/sounds/character_ep74.wav"/>
  <Sound name="character_ep75" filename="client/diorama/common/sounds/character_ep75.wav"/>
  <Sound name="character_ep76" filename="client/diorama/common/sounds/character_ep76.wav"/>
  <Sound name="character_ep77" filename="client/diorama/common/sounds/character_ep77.wav"/>
  <Sound name="character_ep78" filename="client/diorama/common/sounds/character_ep78.wav"/>
  <Sound filename="client/game/common/sounds/sfx_candycaneblocker_explode.wav" name="candy_cane_explode"/>
  <Sound filename="client/game/common/sounds/sfx_candycaneblocker_powerup.wav" name="candy_cane_powerup"/>
  <Sound filename="client/game/common/sounds/sfx_candycaneblocker_stripeadded.wav" name="candy_cane_stripedadded"/>
  <Sound filename="client/game/common/sounds/sfx_candycaneblocker_intro.wav" name="candy_cane_stripe_intro"/>
  <Sound filename="client/game/common/sounds/sfx_candycaneblocker_outro.wav" name="candy_cane_stripe_outro"/>
  <Sound name="character_ep79" filename="client/diorama/common/sounds/character_ep79.wav"/>
  <Sound name="character_ep80" filename="client/diorama/common/sounds/character_ep80.wav"/>
  <Sound name="character_ep81" filename="client/diorama/common/sounds/character_ep81.wav"/>
  <Sound name="starman_starpop" filename="client/liveops/hero_quest/sfx_starman_starpop.ogg"/>
  <Sound name="starman_win_popup" filename="client/liveops/hero_quest/sfx_starman_win_popup.ogg"/>
  <Sound name="starman_event_unlocked" filename="client/liveops/hero_quest/sfx_starman_event_unlocked.ogg"/>
  <Sound name="starman_highscore_ambience" filename="client/liveops/hero_quest/sfx_starman_highscore_ambience.ogg"/>
  <Sound name="starman_infoscreen" filename="client/liveops/hero_quest/sfx_starman_infoscreen.ogg"/>
  <Sound filename="client/game/common/sounds/memories_attempts_popup.wav" name="memories_attempts"/>
  <Sound filename="client/game/common/sounds/memories_finalphoto_complete.wav" name="memories_complete_photo"/>
  <Sound filename="client/game/common/sounds/memories_memorypiece_flipped.wav" name="memories_flip_piece"/>
  <Sound filename="client/game/common/sounds/memories_memorypiece_memoryicon_collect.wav" name="memories_icon_collect"/>
  <Sound filename="client/game/common/sounds/memories_memorypiece_won.wav" name="memories_win_piece"/>
  <Sound name="character_ep82" filename="client/diorama/common/sounds/character_ep82.wav"/>
  <Sound name="character_ep83" filename="client/diorama/common/sounds/character_ep83.wav"/>
  <Sound name="character_ep84" filename="client/diorama/common/sounds/character_ep84.wav"/>
  <Sound name="egp_gumballmachine" filename="client/game/common/sounds/egp_gumballmachine.ogg"/>
  <Sound name="egp_gumball_open" filename="client/game/common/sounds/egp_gumball_open.ogg"/>
</Sounds>

