<!DOCTYPE Animations SYSTEM "../../../../../../tools/dtd/animation.dtd">
<Animations>
	<Animation name="servicelayer-views.SlideInFromTop" speed="0.75">
		<Translation time="0.000" y="-1063.067" x="0.000"/>
		<Translation time="0.017" y="-801.851" x="0.000"/>
		<Translation time="0.033" y="-585.279" x="0.000"/>
		<Translation time="0.050" y="-409.312" x="0.000"/>
		<Translation time="0.067" y="-269.911" x="0.000"/>
		<Translation time="0.083" y="-163.037" x="0.000"/>
		<Translation time="0.100" y="-84.651" x="0.000"/>
		<Translation time="0.117" y="-30.714" x="0.000"/>
		<Translation time="0.133" y="2.811" x="0.000"/>
		<Translation time="0.150" y="19.965" x="0.000"/>
		<Translation time="0.167" y="24.785" x="0.000"/>
		<Translation time="0.183" y="20.925" x="0.000"/>
		<Translation time="0.200" y="11.720" x="0.000"/>
		<Translation time="0.217" y="0.734" x="0.000"/>
		<Translation time="0.233" y="-8.471" x="0.000"/>
		<Translation time="0.250" y="-12.331" x="0.000"/>
		<Translation time="0.267" y="-11.049" x="0.000"/>
		<Translation time="0.283" y="-7.991" x="0.000"/>
		<Translation time="0.300" y="-4.341" x="0.000"/>
		<Translation time="0.317" y="-1.282" x="0.000"/>
		<Translation time="0.333" y="0.000" x="0.000"/>
	</Animation>
	<Animation name="servicelayer-views.SlideOutToTop" speed="0.75">
		<Translation time="0.000" y="0.0" x="0.000"/>
		<Translation time="0.017" y="8.012" x="0.000"/>
		<Translation time="0.033" y="14.838" x="0.000"/>
		<Translation time="0.050" y="20.137" x="0.000"/>
		<Translation time="0.067" y="23.566" x="0.000"/>
		<Translation time="0.083" y="24.785" x="0.000"/>
		<Translation time="0.100" y="19.965" x="0.000"/>
		<Translation time="0.117" y="2.811" x="0.000"/>
		<Translation time="0.133" y="-30.714" x="0.000"/>
		<Translation time="0.150" y="-84.651" x="0.000"/>
		<Translation time="0.167" y="-163.037" x="0.000"/>
		<Translation time="0.183" y="-269.911" x="0.000"/>
		<Translation time="0.200" y="-409.312" x="0.000"/>
		<Translation time="0.217" y="-585.279" x="0.000"/>
		<Translation time="0.233" y="-801.852" x="0.000"/>
		<Translation time="0.250" y="-1063.067" x="0.000"/>
	</Animation>
	<Animation name="servicelayer-views.SlideOutToBottom" speed="0.75">
		<Translation time="0.000" y="0.0" x="0.000"/>
		<Translation time="0.017" y="-8.012" x="0.000"/>
		<Translation time="0.033" y="-14.838" x="0.000"/>
		<Translation time="0.050" y="-20.137" x="0.000"/>
		<Translation time="0.067" y="-23.566" x="0.000"/>
		<Translation time="0.083" y="-24.785" x="0.000"/>
		<Translation time="0.100" y="-19.965" x="0.000"/>
		<Translation time="0.117" y="-2.811" x="0.000"/>
		<Translation time="0.133" y="+30.714" x="0.000"/>
		<Translation time="0.150" y="+84.651" x="0.000"/>
		<Translation time="0.167" y="+163.037" x="0.000"/>
		<Translation time="0.183" y="+269.911" x="0.000"/>
		<Translation time="0.200" y="+409.312" x="0.000"/>
		<Translation time="0.217" y="+585.279" x="0.000"/>
		<Translation time="0.233" y="+801.852" x="0.000"/>
		<Translation time="0.250" y="+1063.067" x="0.000"/>
	</Animation>
	<Animation name="servicelayer-views.Bounce" speed="120">
		<Scale time="0.00"		x="0.920"	y="1.052"	/>
		<Scale time="8.00"		x="0.948"	y="1.080"	/>
		<Scale time="30.0"		x="1.080"	y="0.948"	/>
		<Scale time="38.0"		x="1.052"	y="0.920"	/>
		<Scale time="60.0"		x="0.920"	y="1.052"	/>
	</Animation>
</Animations>

