<!DOCTYPE Animations SYSTEM "../../../../../../tools/dtd/animation.dtd">
<Animations>
	<Animation name="servicelayer-views.OnIconAppear" speed="60">
		<Scale time="0" x="0" y="0"/>
		<Scale time="20" x="1" y="1"/>
	</Animation>
	<Animation name="servicelayer-views.OnIconDisappear" speed="60">
		<Scale time="0" x="1" y="1"/>
		<Scale time="20" x="0" y="0"/>
	</Animation>
	<Animation name="servicelayer-views.OnIconIdle" speed="60">
		<Scale time="0.00"		x="0.980"	y="1.013"	/>
		<Scale time="8.00"		x="0.987"	y="1.020"	/>
		<Scale time="30.0"		x="1.020"	y="0.987"	/>
		<Scale time="38.0"		x="1.013"	y="0.980"	/>
		<Scale time="60.0"		x="0.980"	y="1.013"	/>
	</Animation>
</Animations>

