<!DOCTYPE ParticleEffect SYSTEM '../../../../dtd/particle_effect.dtd'>
<ParticleEffect maxParticles="3" space="Local" timeToEmit="0.140" name="GenieSmokeFlash">
    <Dampening max="0.900" min="0.800"/>
    <DirectionalForce x="0" y="0"/>
    <Emitter emissionRate="0" spread="360" angle="360">
        <SpawnArea width="2" depth="0" height="2"/>
    </Emitter>
    <EndColor b="249" r="255" g="255" a="0"/>
    <Rotation max="0" min="0"/>
    <RotationSpeed max="0" min="0"/>
    <Size>
        <Max x="302.370" y="302.370"/>
        <Min x="300.670" y="300.670"/>
    </Size>
    <SizeChange>
        <Max x="0" y="0"/>
        <Min x="0" y="0"/>
    </SizeChange>
    <StartColor b="255" r="255" g="255" a="112"/>
    <Texture numFramesY="16" blend="Add" numFramesX="16" filename="shared/bootstrap/particles/tex/particles.png"/>
    <TextureFrame numTextureAnimationFrames="1" textureAnimationSpeed="10" startFrame="166"/>
    <TimeToLive max="0.200" min="0.200"/>
    <Velocity max="0" min="0"/>
</ParticleEffect>

