<!DOCTYPE Scene SYSTEM "../../../../../../../../core-platform/tools/dtd/scene.dtd">
<Scene>
	<SceneObject name="AvatarBackground">
		<Translation x="0" y="0" z="3.0" />
		<Panel filename="kingdom-views/tex/ui/orange_field.png">
			<Pivot anchor="top"/>
			<Insets left="2" top="2" right="2" bottom="2"/>
			<Size width="640" height="560"/>
		</Panel>

		<SceneObject name="AvatarBackgroundTopShadow">
			<Translation x="0" y="0" z="2"/>
			<Panel filename="kingdom-views/tex/ui/border_shadow.png">
				<Pivot anchor="top"/>
				<Insets left="2" top="2" right="2" bottom="2"/>
				<Size width="640" height="9"/>
			</Panel>
		</SceneObject>

		<SceneObject name="AvatarBackgroundBottomShadow">
			<Translation x="0" y="0" z="2"/>
			<Rotation z="180"/>
			<Panel filename="kingdom-views/tex/ui/border_shadow.png">
				<Pivot anchor="top"/>
				<Insets left="2" top="2" right="2" bottom="2"/>
				<Size width="640" height="9"/>
			</Panel>
		</SceneObject>
	</SceneObject>

	<SceneObject name="AvatarContentPortrait">
		<SceneObject name="AvatarBorderPortrait">
			<Translation x="0" y="0" z="4.0" />
			<Panel filename="kingdom-views/tex/ui/avatar_white_border.png">
				<RemoveQuads center="true"/>
				<Pivot anchor="top"/>
				<Insets left="20" top="20" right="20" bottom="20"/>
				<Size width="177" height="177"/> <!-- this influences the scale that is being applied to the downloaded avatar from code -->
			</Panel>
			<SceneObject name="Spinner">
				<Translation x="0" y="89" z="5"/>
				<Animation name="Idle" animationData="KingdomRotateZ"/>
				<Sprite filename="kingdom-views/tex/ui/grey_preloader.png">
					<Pivot anchor="center"/>
				</Sprite>
			</SceneObject>
			<SceneObject name="GlowContainerPortrait">
				<Translation x="0" y="0" z="0.5" />
				<Import filename="kingdom-views/scenes/avatar_glow.xml" />
								
				<SceneObject name="AvatarPortrait">
					<Translation x="0" y="0" z="0" />
				</SceneObject>
			</SceneObject>
		</SceneObject>

		<SceneObject name="UsernameAndEmailPortrait">
			<Translation x="0" y="0" z="2.45" /><!-- quite high, must be on top of carret in all done menu -->
			<SceneObject name="UsernameTextPortrait">
				<Translation x="0" y="0" z="1"/>
				<Text style="KingdomAvatarBarNamePortrait" overflowBehaviour="fit" maxWidth="500" maxHeight="40" allowWordWrapping="false">
					<TextString>Username</TextString>
				</Text>
			</SceneObject>
			<SceneObject name="EmailAddressTextPortrait">
				<Translation x="0" y="0" z="1"/>
				<Text style="KingdomAvatarBarEmailPortrait" overflowBehaviour="fit" maxWidth="640" maxHeight="30" allowWordWrapping="false">
					<TextString>usermail@usermaildomain.com</TextString>
				</Text>
			</SceneObject>
			<SceneObject name="WelcomeSubtitlePortrait">
				<Translation x="0" y="0" z="1"/>
				<Text style="KingdomAvatarBarSubtitlePortrait" key="kingdom_welcome"/>
			</SceneObject>
			<SceneObject name="WelcomeParagraphPortrait">
				<Translation x="0" y="0" z="1"/>
				<Text style="KingdomAvatarBarParagraphPortrait" overflowBehaviour="fit" maxWidth="630" maxHeight="40" key="kingdom_welcome_why_good" allowWordWrapping="false"/>
			</SceneObject>
		</SceneObject>
	</SceneObject>
		
	<SceneObject name="AvatarContentLandscape" class="CenterHorizontally">
		<SceneObject name="AvatarBorderLandscape">
			<Translation x="0" y="0" z="4.0" />
			<Panel filename="kingdom-views/tex/ui/avatar_white_border.png">
				<Pivot anchor="right"/>
				<Insets left="20" top="20" right="20" bottom="20"/>
				<Size width="177" height="177"/> <!-- this influences the scale that is being applied to the downloaded avatar from code -->
			</Panel>
			<SceneObject name="Spinner">
				<Translation x="-89" y="0" z="5"/>
				<Animation name="Idle" animationData="KingdomRotateZ"/>
				<Sprite filename="kingdom-views/tex/ui/grey_preloader.png">
					<Pivot anchor="center"/>
				</Sprite>
			</SceneObject>
			<SceneObject name="GlowContainerLandscape">
				<Translation x="0" y="0" z="0.5" />
				<Import filename="kingdom-views/scenes/avatar_glow.xml" />
								
				<SceneObject name="AvatarParentLandscape">
					<SceneObject name="AvatarLandscape">
						<Translation x="0" y="0" z="0" />
					</SceneObject>
				</SceneObject>
			</SceneObject>
		</SceneObject>
			
		<SceneObject name="UsernameAndEmailLandscape">
			<Translation x="0" y="0" z="6.0" /><!-- quite high, must be on top of carret in all done menu -->
			<SceneObject name="UsernameTextLandscape">
				<Text style="KingdomAvatarBarNameLandscape" overflowBehaviour="fit" maxWidth="500" maxHeight="40" allowWordWrapping="false">
					<TextString>Username</TextString>
				</Text>
			</SceneObject>
			<SceneObject name="EmailAddressTextLandscape">
				<Translation x="0" y="0" z="0"/>
				<Text style="KingdomAvatarBarEmailLandscape" overflowBehaviour="fit" maxWidth="550" maxHeight="30" allowWordWrapping="false">
					<TextString>usermail@usermaildomain.com</TextString>
					<Pivot y="47" />
				</Text>
			</SceneObject>
			<SceneObject name="WelcomeSubtitleLandscape">
				<Text style="KingdomAvatarBarSubtitleLandscape" key="kingdom_welcome">
					<Pivot y="47" />
				</Text>
			</SceneObject>
			<SceneObject name="WelcomeParagraphLandscape">
				<Text style="KingdomAvatarBarParagraphLandscape" key="kingdom_welcome_why_good">
					<Pivot y="79" />
				</Text>
			</SceneObject>
		</SceneObject>
	</SceneObject>
</Scene>

