<!DOCTYPE Layout SYSTEM "../../../../../../../../core-platform/tools/dtd/layout.dtd">
<Layout>
	<!-- 
	
		NOTE:	For the welcome screen, we have the WelcomeMode parameter in menus.xml. In that
				case also import avatar_bar_welcome_layout.xml after avatar_bar_welcome.xml.
				It overrides certain settings from this file!
		
	-->

	<Object sceneObject="AvatarBackground">
		<Portrait>
			<Size forceUniform="false">
				<Width percentage="100"/>
				<Height percentage="100"/>
			</Size>
		</Portrait>
		<Landscape>
			<Size forceUniform="false">
				<Width percentage="100"/>
				<Height percentage="100"/>
			</Size>
		</Landscape>
	</Object>
	
	<Object sceneObject="AvatarBackgroundBottomShadow">
		<Default>
			<Translation>
				<Y percentage="100"/>
			</Translation>
		</Default>
	</Object>
	
	<!-- portrait configuration -->

	<Object sceneObject="AvatarBorderPortrait">
		<Default>
			<Size forceUniform="true">
				<Height percentage="50"/>
			</Size>
			<Translation>
				<Y percentage="12"/>
			</Translation>
		</Default>
	</Object>
	
	<Object sceneObject="GlowContainerPortrait">
		<Default>
			<Translation>
				<Y percentage="50"/>
			</Translation>
		</Default>
	</Object>
	
	<Object sceneObject="UsernameAndEmailPortrait">
		<Default>
			<Translation>
				<Y percentage="77"/>
			</Translation>
		</Default>
	</Object>
	
	<Object sceneObject="UsernameTextPortrait">
		<Default>
			<Size forceUniform="true">
				<OriginalSize width="500" height="350"/>
				<Width percentage="100" />
				<Height percentage="100"/>
			</Size>
			<Translation>
				<Y percentage="-2" />
			</Translation>
		</Default>
	</Object>
	
	<Object sceneObject="EmailAddressTextPortrait">
		<Default>
			<Size forceUniform="true">
				<OriginalSize width="640" height="350"/>
				<Width percentage="100" />
				<Height percentage="100"/>
			</Size>
			<Translation>
				<Y percentage="8.5" />
			</Translation>
		</Default>
	</Object>
	
	<!-- landscape configuration -->

	<Object sceneObject="AvatarBorderLandscape">
		<Default>
			<Size forceUniform="true">
				<Height percentage="75"/>
			</Size>
			<Translation>
				<Y percentage="50"/>
				<X percentage="-0.9"/>
			</Translation>
		</Default>
	</Object>
	
	<Object sceneObject="GlowContainerLandscape">
		<Default>
			<Translation>
				<X percentage="-50"/>
			</Translation>
		</Default>
	</Object>

	<Object sceneObject="UsernameAndEmailLandscape">
		<Default>
			<Translation>
				<Y percentage="50"/>
			</Translation>
		</Default>
	</Object>
	
	<Object sceneObject="UsernameTextLandscape">
		<Default>
			<Size forceUniform="true">
				<OriginalSize width="500" height="225"/>
				<Width percentage="100" />
				<Height percentage="100"/>
			</Size>
			<Translation>
				<X percentage="0.9" />
			</Translation>
		</Default>
	</Object>
	
	<Object sceneObject="EmailAddressTextLandscape">
		<Default>
			<Size forceUniform="true">
				<OriginalSize width="550" height="225"/>
				<Width percentage="100" />
				<Height percentage="100"/>
			</Size>
			<Translation>
				<X percentage="0.9" />
			</Translation>
		</Default>
	</Object>
	
</Layout>

