<!DOCTYPE Layout SYSTEM "../../../../../../../../core-platform/tools/dtd/layout.dtd">
<Layout>
	<!--
	
		NOTE: Include this AFTER avatar_bar_layout.xml!
	
	-->
	
	

	<!-- portrait configuration -->
	
	<Object sceneObject="AvatarBorderPortrait">
		<Default>
			<Size forceUniform="true">
				<Height percentage="50"/>
			</Size>
			<Translation>
				<Y percentage="9"/>
			</Translation>
		</Default>
	</Object>
	
	<Object sceneObject="UsernameTextPortrait">
		<Default>
			<Size forceUniform="true">
				<OriginalSize width="630" height="40"/>
				<Width percentage="100" />
				<Height percentage="100"/>
			</Size>
			<Translation>
				<Y percentage="-5" />
			</Translation>
		</Default>
	</Object>
	
	<Object sceneObject="EmailAddressTextPortrait">
		<Default>
			<Size forceUniform="true">
				<OriginalSize width="630" height="40"/>
				<Width percentage="100" />
				<Height percentage="100"/>
			</Size>
			<Translation>
				<Y percentage="7" />
			</Translation>
		</Default>
	</Object>
	
	<Object sceneObject="WelcomeSubtitlePortrait">
		<Default>
			<Size forceUniform="true">
				<OriginalSize width="630" height="40"/>
				<Width percentage="100" />
				<Width percentage="100" />
				<Height percentage="100"/>
			</Size>
			<Translation>
				<Y percentage="7" />
			</Translation>
		</Default>
	</Object>
	
	<Object sceneObject="WelcomeParagraphPortrait">
		<Default>
			<Size forceUniform="true">
				<OriginalSize width="630" height="40"/>
				<Width percentage="100" />
				<Height percentage="100"/>
			</Size>
			<Translation>
				<Y percentage="16" />
			</Translation>
		</Default>
	</Object>
	
	<!-- landscape configuration -->
	
	<Object sceneObject="UsernameAndEmailLandscape">
		<Default>
			<Translation>
				<Y percentage="43"/>
			</Translation>
		</Default>
	</Object>
	
	<Object sceneObject="WelcomeSubtitleLandscape">
		<Default>
			<Size forceUniform="true">
				<OriginalSize width="100" height="225"/>
				<Width percentage="100" />
				<Height percentage="100"/>
			</Size>
			<Translation>
				<X percentage="0.9" />
			</Translation>
		</Default>
	</Object>
	
	<Object sceneObject="WelcomeParagraphLandscape">
		<Default>
			<Size forceUniform="true">
				<OriginalSize width="100" height="225"/>
				<Width percentage="100" />
				<Height percentage="100"/>
			</Size>
			<Translation>
				<X percentage="0.9" />
			</Translation>
		</Default>
	</Object>
</Layout>

