<!DOCTYPE Scene SYSTEM "../../../../../../../../core-platform/tools/dtd/scene.dtd">
<Scene>
	<SceneObject name="AvatarGlowTopLeft" class="ExcludeFromCenterBoundingBox">
		<Translation z="-1" />
		<Sprite filename="kingdom-views/tex/ui/avatar_glow.png">
			<Pivot anchor="bottomRight"/>
			<Size width="220" height="220"/>
		</Sprite>
	</SceneObject>

	<SceneObject name="AvatarGlowTopRight" class="ExcludeFromCenterBoundingBox">
		<Scale x="-1"/>
		<Translation z="-1" />
		<Sprite filename="kingdom-views/tex/ui/avatar_glow.png">
			<Pivot anchor="bottomRight"/>
			<Size width="220" height="220"/>
		</Sprite>
	</SceneObject>

	<SceneObject name="AvatarGlowBottomRight" class="ExcludeFromCenterBoundingBox">
		<Scale x="-1" y="-1"/>
		<Translation z="-1" />
		<Sprite filename="kingdom-views/tex/ui/avatar_glow.png">
			<Pivot anchor="bottomRight"/>
			<Size width="220" height="220"/>
		</Sprite>
	</SceneObject>

	<SceneObject name="AvatarGlowBottomLeft" class="ExcludeFromCenterBoundingBox">
		<Scale y="-1"/>
		<Translation z="-1" />
		<Sprite filename="kingdom-views/tex/ui/avatar_glow.png">
			<Pivot anchor="bottomRight"/>
			<Size width="220" height="220"/>
		</Sprite>
	</SceneObject>
</Scene>

