<?xml version="1.0" standalone="no" ?>
<!DOCTYPE Scene SYSTEM "../../../../../../../../core-platform/tools/dtd/scene.dtd">
<Scene>
	<SceneObject name="WhiteBorder">
		<Translation z="2"/>
		<Panel filename="kingdom-views/tex/ui/avatar_white_border.png" vertexColors="true">
			<Pivot anchor="bottom"/>
			<Insets left="20" top="20" right="20" bottom="20"/>
			<Size width="177" height="177"/>
			<RemoveQuads center="true"/>
		</Panel>
	</SceneObject>

	<SceneObject name="Avatar">
		<Translation y="-89" z="1"/>
	</SceneObject>

	<SceneObject name="Spinner">
		<Translation x="0" y="-89" z="7"/>
		<Animation name="Idle" animationData="KingdomRotateZ"/>
		<Sprite filename="kingdom-views/tex/ui/grey_preloader.png">
			<Pivot anchor="center"/>
		</Sprite>
	</SceneObject>

	<SceneObject name="SelectedFrame">
		<Translation z="4"/>
		<Panel filename="kingdom-views/tex/ui/selected_avatar_frame.png" vertexColors="true">
			<Pivot anchor="bottom"/>
			<Insets left="8" top="8" right="9" bottom="9"/>
			<Size width="178" height="178"/>
			<RemoveQuads center="true"/>
		</Panel>
	</SceneObject>
</Scene>

