<!DOCTYPE Layout SYSTEM "../../../../../../../../core-platform/tools/dtd/layout.dtd">
<Layout>
	<Import filename="kingdom-views/scenes/menu_root_layout.xml"/>
	
	<Object sceneObject="BackgroundContainer">
		<Default>
			<Translation>
				<Y percentage="-39"/>
			</Translation>
			<Size forceUniform="false">
				<Width percentage="100"/>
				<Height percentage="89"/>
			</Size>
		</Default>
	</Object>
	
	<Object sceneObject="AvatarBarContainer">
		<Portrait>
			<Translation>
				<Y percentage="-39"/>
			</Translation>
			<Size forceUniform="false">
				<Width percentage="100"/>
				<Height percentage="37"/>
			</Size>
		</Portrait>
		<Landscape>
			<Translation>
				<Y percentage="-39"/>
			</Translation>
			<Size forceUniform="false">
				<Width percentage="100"/>
				<Height percentage="31" />
			</Size>
		</Landscape>
	</Object>

	<Import filename="kingdom-views/scenes/avatar_bar_layout.xml"/>

	<Object sceneObject="MenuButtonsContainer">
		<Default>
			<Translation>
				<Y percentage="4.4" />
			</Translation>
		</Default>
		<Portrait>
			<Size forceUniform="false">
				<Width percentage="80"/>
				<Height percentage="20"/>
			</Size>
		</Portrait>
		<Landscape>
			<Translation>
				<Y percentage="-3" />
			</Translation>
			<Size forceUniform="false">
				<Width percentage="60" max="512"/>
				<Height percentage="30"/>
			</Size>
		</Landscape>
	</Object>

	<Object sceneObject="ButtonEditProfile">
		<Portrait>
            <Size forceUniform="true">
                <OriginalSize width="450" height="96"/>
				<Width percentage="80"/>
            </Size>
        </Portrait>
        <Landscape>
            <Size forceUniform="true">
				<OriginalSize width="450" height="96"/>
				<Height percentage="40"/>
            </Size>
        </Landscape>
	</Object>

	<Object sceneObject="ButtonAccountSettings">
		<Portrait>
			<Size forceUniform="true">
                <OriginalSize width="450" height="96"/>
				<Width percentage="80"/>
            </Size>
			<Translation>
				<Y percentage="70"/>
			</Translation>
		</Portrait>
		<Landscape>
			<Size forceUniform="true">
				<OriginalSize width="450" height="96"/>
				<Height percentage="40"/>
            </Size>
			<Translation>
				<Y percentage="55"/>
			</Translation>
		</Landscape>
	</Object>

	<Object sceneObject="ButtonLogout">
		<Portrait>
			<Translation>
				<Y percentage="37.5"/>
			</Translation>
			<Size>
				<Width percentage="20"/>
				<Height percentage="3.5"/>
			</Size>
		</Portrait>
		<Landscape>
			<Translation>
				<Y percentage="37"/>
			</Translation>
			<Size>
				<Width percentage="20"/>
				<Height percentage="5"/>
			</Size>
		</Landscape>
	</Object>

	<Import filename="kingdom-views/scenes/templates/button_link_layout.xml" />

	<Object sceneObject="BottomBarContainer">
		<Default>
			<Translation>
				<Y percentage="50"/>
			</Translation>
			<Size forceUniform="true">
				<Width percentage="100"/>
			</Size>
		</Default>
	</Object>
	
	<Object sceneObject="Overlay">
		<Portrait>
			<Size forceUniform="false">
				<Width percentage="100"/>
				<Height percentage="88"/>
			</Size>
			<Translation>
				<Y percentage="-40"/>
			</Translation>
		</Portrait>
		<Landscape>
			<Size forceUniform="false">
				<Width percentage="100"/>
				<Height percentage="88"/>
			</Size>
			<Translation>
				<Y percentage="-40"/>
			</Translation>
		</Landscape>
	</Object>
	
	<Object sceneObject="OverlayBackground">
		<Default>
			<Size forceUniform="false">
				<Width percentage="100"/>
				<Height percentage="100"/>
			</Size>
			<Translation>
				<Y percentage="0"/>
			</Translation>
		</Default>
	</Object>
	
	<Object sceneObject="OverlayContentPositioner">
		<Default>
			<Translation>
				<Y percentage="50"/>
			</Translation>
			<Size forceUniform="true">
                <OriginalSize width="640" height="640"/>
				<Width percentage="100"/>
				<Height percentage="100"/>
			</Size>
		</Default>
	</Object>
    
    <Object sceneObject="OverlayContent">
		<Default>
			<Translation>
				<Y percentage="-50"/>
			</Translation>
			<Size forceUniform="true">
				<Width percentage="100"/>
				<Height percentage="100"/>
			</Size>
		</Default>
	</Object>
    
	<Object sceneObject="ProgressAssociatedTitle">
		<Portrait>
			<Size forceUniform="true">
				<OriginalSize width="450" height="96"/>
			</Size>
			<Translation>
				<Y percentage="15"/>
			</Translation>
		</Portrait>
		<Landscape>
			<Size forceUniform="true">
				<OriginalSize width="450" height="96"/>
			</Size>
			<Translation>
				<Y percentage="13"/>
			</Translation>
		</Landscape>
	</Object>
	
	<Object sceneObject="ProgressAssociatedText">
		<Portrait>
			<Translation>
				<Y percentage="30"/>
			</Translation>
			<Size>
				<OriginalSize width="450" height="192"/>
			</Size>
		</Portrait>
		<Landscape>
			<Translation>
				<Y percentage="25"/>
			</Translation>
			<Size>
				<OriginalSize width="450" height="192"/>
			</Size>
		</Landscape>
	</Object>
	<Object sceneObject="Email">
		<Portrait>
			<Translation>
				<Y percentage="50"/>
			</Translation>
			<Size>
				<OriginalSize width="450" height="48"/>
			</Size>
		</Portrait>
		<Landscape>
			<Translation>
				<Y percentage="40"/>
			</Translation>
			<Size>
				<OriginalSize width="450" height="48"/>
			</Size>
		</Landscape>
	</Object>
	<Object sceneObject="ButtonLogOutForSure">
		<Portrait>
			<Translation>
				<Y percentage="60"/>
			</Translation>
			<Size>
				<OriginalSize width="450" height="96"/>
			</Size>
		</Portrait>
		<Landscape>
			<Translation>
				<Y percentage="50"/>
			</Translation>
			<Size>
				<OriginalSize width="450" height="96"/>
			</Size>
		</Landscape>
	</Object>
	<Object sceneObject="ButtonStayLoggedIn">
		<Portrait>
			<Translation>
				<Y percentage="78"/>
			</Translation>
			<Size>
				<OriginalSize width="450" height="96"/>
			</Size>
		</Portrait>
		<Landscape>
			<Translation>
				<Y percentage="68"/>
			</Translation>
			<Size>
				<OriginalSize width="450" height="96"/>
			</Size>
		</Landscape>
	</Object>
</Layout>

