<!DOCTYPE Scene SYSTEM "../../../../../../../../core-platform/tools/dtd/scene.dtd">
<Scene>
	<SceneObjects>
		<Import filename="kingdom-views/scenes/menu_root.xml"/>
		<SceneObject name="MenuRoot">
			<SceneObject name="BackgroundContainer">
				<Sprite filename="kingdom-views/tex/ui/bg_color.png"><Pivot anchor="top"/></Sprite>
			</SceneObject>

			<SceneObject name="MoverOrgPosition" />
			<SceneObject name="MoverChoosePasswordPosition" />
			<SceneObject name="Scrollable">
				<SceneObject name="InputMover">
					<SceneObject name="PasswordPromptMenu">
						<SceneObject name="Content">
							<Translation x="0" y="0" z="3.0"/>
							<SceneObject name="TitleText">
								<Translation x="0" y="0" z="2.45"/>
								<Text style="KingdomOrangeHeader" key="kingdom_choose_password_title" />
							</SceneObject>

							<SceneObject name="MessageText">
								<Translation x="0" y="0" z="3.45"/>
								<Text maxWidth="550" style="KingdomGrey" key="kingdom_choose_password_restrictions" overflowBehaviour="cut"/>
							</SceneObject>

							<SceneObject name="PasswordInput" class="TextField Password">
								<Animation name="ShakeTextField" animationData="KingdomShakeTextField" loopCount="2"/>
								<Import filename="kingdom-views/scenes/text_input_panel.xml"/>
							</SceneObject>

							<SceneObject name="ButtonFinish" class="Button">
								<SceneObject name="ButtonImage">
									<Panel filename="kingdom-views/tex/ui/kv_green_button.png" vertexColors="true">
										<Pivot anchor="top"/>
										<Insets left="15" top="14" right="15" bottom="26"/>
										<Size width="450" height="96"/>
									</Panel>
								</SceneObject>
								<SceneObject name="ButtonDownImage">
									<Panel filename="kingdom-views/tex/ui/kv_green_button_down.png" vertexColors="true">
										<Pivot anchor="top"/>
										<Insets left="15" top="14" right="15" bottom="26"/>
										<Size width="450" height="96"/>
									</Panel>
								</SceneObject>
								<SceneObject name="Text">
									<Translation x="0" y="54" z="2.45"/>
									<Text style="KingdomButton" key="kingdom_choose_password_button_finish" />
								</SceneObject>
								<SceneObject name="Spinner">
									<Animation name="Idle" animationData="KingdomRotateZ" loopCount="-1"/>
									<Translation x="0" y="43" z="0.0"/>
									<Sprite filename="kingdom-views/tex/ui/white_preloader.png">
										<Pivot anchor="center"/>
									</Sprite>
								</SceneObject>
								<SceneObject name="Checkmark">
									<Translation x="0" y="43" z="0.0"/>
									<Sprite filename="kingdom-views/tex/ui/round_white_check_icon.png">
										<Pivot anchor="center"/>
									</Sprite>
								</SceneObject>
								<SceneObject name="ButtonIcon" visibility="never">
									<Translation x="-157" y="44" z="0.0"/>
									<Panel filename="kingdom-views/tex/ui/bg_color.png" vertexColors="true">
										<Pivot anchor="right"/>
										<Insets left="0" top="0" right="0" bottom="0"/>
										<Size width="40" height="40"/>
									</Panel>
								</SceneObject>
							</SceneObject>

							<SceneObject name="EulaInfo">
								<SceneObject name="EulaSpeechBubble">
									<Animation name="OnFadeOut" animationData="KingdomFadeOut" loopCount="0"/>
									<Animation name="OnFadeIn" animationData="KingdomFadeIn" loopCount="0"/>
									<Panel filename="kingdom-views/tex/ui/eula_box.png">
										<Pivot anchor="top"/>
										<Insets left="128" top="43" right="21" bottom="20"/>
										<Size width="450" height="126"/>
									</Panel>
									<SceneObject name="CheckMark">
										<Animation name="OnFadeOut" animationData="KingdomFadeOut" loopCount="0"/>
										<Animation name="OnFadeIn" animationData="KingdomFadeIn" loopCount="0"/>
										<Sprite filename="kingdom-views/tex/ui/white_check_icon.png">
											<Pivot anchor="center"/>
										</Sprite>
									</SceneObject>
									<SceneObject name="AgreeText">
										<Translation x="0" y="0" z="2.45"/>
										<Animation name="OnFadeOut" animationData="KingdomFadeOut" loopCount="0"/>
										<Animation name="OnFadeIn" animationData="KingdomFadeIn" loopCount="0"/>
										<Text style="KingdomButton" key="kingdom_choose_password_agree_terms" maxWidth="430" alignment="left" verticalAlignment="visualCenter"/>
									</SceneObject>
								</SceneObject>
								
								<SceneObject name="ButtonViewTerms" class="Button CenterHorizontally">
									<SceneObject class="LinkBorder ExcludeFromCenterBoundingBox">
										<Animation name="OnFadeOut" animationData="KingdomFadeOut" loopCount="0"/>
										<Animation name="OnFadeIn" animationData="KingdomFadeIn" loopCount="0"/>
										<SceneObject name="ViewTermsText">
											<Animation name="OnFadeOut" animationData="KingdomFadeOut" loopCount="0"/>
											<Animation name="OnFadeIn" animationData="KingdomFadeIn" loopCount="0"/>
											<Translation x="0" y="0" z="2.45"/>
											<Text style="KingdomGreenButtonBold" key="kingdom_choose_password_view_terms" maxWidth="350" verticalAlignment="visualCenter"/>
										</SceneObject>
										<SceneObject name="ViewTermsIcon" visibility="always">
											<Animation name="OnFadeOut" animationData="KingdomFadeOut" loopCount="0"/>
											<Animation name="OnFadeIn" animationData="KingdomFadeIn" loopCount="0"/>
											<Sprite filename="kingdom-views/tex/ui/eula_icon.png">
												<Pivot anchor="right"/>
											</Sprite>
										</SceneObject>
										<SceneObject name="LinkSpinner">
											<Animation name="Idle" animationData="KingdomRotateZ" loopCount="-1"/>
											<Translation x="-15" y="0" z="0.0"/>
											<Sprite filename="kingdom-views/tex/ui/grey_preloader.png">
												<Pivot anchor="center"/>
											</Sprite>
										</SceneObject>
									</SceneObject>
								</SceneObject>
							</SceneObject>
						</SceneObject>
					</SceneObject>
				</SceneObject>
			</SceneObject>
		</SceneObject>
	</SceneObjects>
</Scene>

