<!DOCTYPE Layout SYSTEM "../../../../../../../../core-platform/tools/dtd/layout.dtd">
<Layout>
	<Import filename="kingdom-views/scenes/menu_root_layout.xml"/>
	
	<Object sceneObject="WeakKeyboardAnimTop">
		<Portrait>
			<Translation>
				<Y percentage="-36"/>
			</Translation>
		</Portrait>
		<Landscape>
			<Translation>
				<Y percentage="-60"/>
			</Translation>
		</Landscape>
	</Object>
	<Object sceneObject="WeakKeyboardAnimBottom">
		<Default><Translation><Y percentage="0"/></Translation></Default>
	</Object>

	<Object sceneObject="BackgroundContainerAboveBar">
		<Default>
			<Translation>
				<Y percentage="-150"/>
			</Translation>
			<Size forceUniform="false">
				<Width percentage="100"/>
				<Height percentage="139"/>
			</Size>
		</Default>
	</Object>

	<Object sceneObject="BackgroundContainerBelowBar">
		<Portrait>
			<Translation>
				<Y percentage="-2"/>
			</Translation>
			<Size forceUniform="false">
				<Width percentage="100"/>
				<Height percentage="152"/>
			</Size>
		</Portrait>
		<Landscape>
			<Translation>
				<Y percentage="-8"/>
			</Translation>
			<Size forceUniform="false">
				<Width percentage="100"/>
				<Height percentage="158"/>
			</Size>
		</Landscape>
	</Object>

	<Object sceneObject="AvatarBarContainer">
		<Portrait>
			<Translation>
				<Y percentage="-39"/>
			</Translation>
			<Size forceUniform="false">
				<Width percentage="100"/>
				<Height percentage="37"/>
			</Size>
		</Portrait>
		<Landscape>
			<Translation>
				<Y percentage="-39"/>
			</Translation>
			<Size forceUniform="false">
				<Width percentage="100"/>
				<Height percentage="31" />
			</Size>
		</Landscape>
	</Object>

	<Import filename="kingdom-views/scenes/avatar_bar_layout.xml"/>

	<Object sceneObject="MenuButtonsContainer">
		<Default>
			<Translation>
				<Y percentage="4.4" />
			</Translation>
		</Default>
		<Portrait>
			<Size forceUniform="false">
				<Width percentage="80"/>
				<Height percentage="20"/>
			</Size>
		</Portrait>
	</Object>
	
	<Object sceneObject="SaveGameTitle">
		<Portrait>
			<Translation>
				<Y percentage="5"/>
			</Translation>
			<Size forceUniform="true">
				<OriginalSize width="620" height="115"/>
				<Width percentage="94"/>
				<Height percentage="14"/>
			</Size>
		</Portrait>
		<Landscape>
			<Translation>
				<Y percentage="3"/>
			</Translation>
			<Size forceUniform="true">
				<OriginalSize width="620" height="115"/>
				<Width percentage="94"/>
				<Height percentage="18"/>
			</Size>
		</Landscape>
	</Object>
	<Object sceneObject="SaveGameWhyText">
		<Portrait>
			<Translation>
				<Y percentage="11"/>
			</Translation>
			<Size forceUniform="true">
				<OriginalSize width="550" height="80"/>
				<Width percentage="94"/>
				<Height percentage="14"/>
			</Size> 
		</Portrait>
		<Landscape>
			<Translation>
				<Y percentage="14"/>
			</Translation>
			<Size>
				<OriginalSize width="500" height="80"/>
				<Width percentage="100" />
				<Height percentage="14"/>
			</Size> 
		</Landscape>

	</Object>

	<Object sceneObject="InputAndSave">
		<Default>
			<Translation>
				<Y percentage="20"/>
			</Translation>
		</Default>
	</Object>
	
	<Object sceneObject="EditProfile">
		<Default>
			<Translation>
				<Y percentage="0"/>
			</Translation>
			<Size forceUniform="true">
				<OriginalSize width="600" height="80"/>
				<Width percentage="100"/>
				<Height percentage="10"/>
			</Size>
		</Default>
	</Object>
	
	<Object sceneObject="EmailInput">
		<Portrait>
			<Translation>
				<Y percentage="0"/>
			</Translation>
			<Size>
				<OriginalSize width="600" height="80"/>
				<Width percentage="100"/>
				<Height percentage="10"/>
			</Size>
		</Portrait>
		<Landscape>
			<Translation>
				<Y percentage="10"/>
			</Translation>
			<Size>
				<OriginalSize width="700" height="80"/>
				<Width percentage="100"/>
				<Height percentage="12.5"/>
			</Size>
		</Landscape>
	</Object>

	<Object sceneObject="ButtonContinue">
		<Portrait>
			<Translation>
				<Y percentage="8"/>
			</Translation>
			<Size forceUniform="true">
				<Width percentage="80"/>
				<Height percentage="10" />
			</Size>
		</Portrait>
		<Landscape>
			<Translation>
				<Y percentage="17.5"/>
			</Translation>
			<Size forceUniform="true">
				<Width percentage="100"/>
				<Height percentage="15" />
			</Size>
		</Landscape>
	</Object>	

	<Object sceneObject="Separator">
		<Default>
			<Size forceUniform="false">
				<Width percentage="100"/>
			</Size>
		</Default>
		<Portrait>
			<Translation>
				<Y percentage="22"/>
			</Translation>
		</Portrait>
		<Landscape>
			<Translation>
				<Y percentage="37"/>
			</Translation>
		</Landscape>
	</Object>
	
	<Object sceneObject="ButtonEditProfile">
		<Portrait>
			<Translation>
				<Y percentage="26"/>
			</Translation>
			<Size forceUniform="true">
				<Width percentage="80"/>
				<Height percentage="10" />
			</Size>
		</Portrait>
		<Landscape>
			<Translation>
				<Y percentage="44"/>
			</Translation>
			<Size forceUniform="true">
				<Width percentage="100"/>
				<Height percentage="15" />
			</Size>
		</Landscape>
	</Object>

</Layout>

