<!DOCTYPE Scene SYSTEM "../../../../../../../../core-platform/tools/dtd/scene.dtd">
<Scene>
	<Import filename="kingdom-views/scenes/menu_root.xml"/>
	<SceneObject name="MenuRoot">
		<SceneObject name="BackgroundContainer">
			<Sprite filename="kingdom-views/tex/ui/bg_color.png">
				<Pivot anchor="top"/>
			</Sprite>
		</SceneObject>

		<SceneObject name="Scrollable">
			<Translation z="0"/>
			<SceneObject name="AvatarBarContainer">
				<Import filename="kingdom-views/scenes/avatar_bar.xml"/>
			</SceneObject>
			<SceneObject name="MenuButtonsContainer">
				<Translation z="0"/>
				<SceneObject name="ButtonEditProfile" class="Button">
					<SceneObject name="ButtonImage">
						<Panel filename="kingdom-views/tex/ui/kv_green_button.png" vertexColors="true">
							<Pivot anchor="top"/>
							<Insets left="15" top="14" right="15" bottom="26"/>
							<Size width="450" height="96"/>
						</Panel>
					</SceneObject>
					<SceneObject name="ButtonDownImage">
						<Panel filename="kingdom-views/tex/ui/kv_green_button_down.png" vertexColors="true">
							<Pivot anchor="top"/>
							<Insets left="15" top="14" right="15" bottom="26"/>
							<Size width="450" height="96"/>
						</Panel>
					</SceneObject>
					<SceneObject name="Text">
						<Translation x="0" y="54" z="2.45"/>
						<Text style="KingdomButton" key="kingdom_button_edit_profile" />
					</SceneObject>
					<SceneObject name="Spinner">
						<Animation name="Idle" animationData="KingdomRotateZ" loopCount="-1"/>
						<Translation x="0" y="43" z="0.0"/>
						<Sprite filename="kingdom-views/tex/ui/white_preloader.png">
							<Pivot anchor="center"/>
						</Sprite>
					</SceneObject>
					<SceneObject name="Checkmark">
						<Translation x="0" y="43" z="0.0"/>
						<Sprite filename="kingdom-views/tex/ui/round_white_check_icon.png">
							<Pivot anchor="center"/>
						</Sprite>
					</SceneObject>
					<SceneObject name="ButtonIcon" visibility="never">
						<Translation x="-157" y="44" z="0.0"/>
						<Panel filename="kingdom-views/tex/ui/bg_color.png" vertexColors="true">
							<Pivot anchor="right"/>
							<Insets left="0" top="0" right="0" bottom="0"/>
							<Size width="40" height="40"/>
						</Panel>
					</SceneObject>
				</SceneObject>
				<SceneObject name="ButtonAccountSettings" class="Button">
					<SceneObject name="ButtonImage">
						<Panel filename="kingdom-views/tex/ui/kv_green_button.png" vertexColors="true">
							<Pivot anchor="top"/>
							<Insets left="15" top="14" right="15" bottom="26"/>
							<Size width="450" height="96"/>
						</Panel>
					</SceneObject>
					<SceneObject name="ButtonDownImage">
						<Panel filename="kingdom-views/tex/ui/kv_green_button_down.png" vertexColors="true">
							<Pivot anchor="top"/>
							<Insets left="15" top="14" right="15" bottom="26"/>
							<Size width="450" height="96"/>
						</Panel>
					</SceneObject>
					<SceneObject name="Text">
						<Translation x="0" y="54" z="2.45"/>
						<Text style="KingdomButton" key="kingdom_button_account_settings" />
					</SceneObject>
					<SceneObject name="Spinner">
						<Animation name="Idle" animationData="KingdomRotateZ" loopCount="-1"/>
						<Translation x="0" y="43" z="0.0"/>
						<Sprite filename="kingdom-views/tex/ui/white_preloader.png">
							<Pivot anchor="center"/>
						</Sprite>
					</SceneObject>
					<SceneObject name="Checkmark">
						<Translation x="0" y="43" z="0.0"/>
						<Sprite filename="kingdom-views/tex/ui/round_white_check_icon.png">
							<Pivot anchor="center"/>
						</Sprite>
					</SceneObject>
					<SceneObject name="ButtonIcon" visibility="never">
						<Translation x="-157" y="44" z="0.0"/>
						<Panel filename="kingdom-views/tex/ui/bg_color.png" vertexColors="true">
							<Pivot anchor="right"/>
							<Insets left="0" top="0" right="0" bottom="0"/>
							<Size width="40" height="40"/>
						</Panel>
					</SceneObject>
				</SceneObject>
			</SceneObject>

			<SceneObject name="ButtonLogout" class="Button CenterHorizontally">
				<SceneObject class="LinkBorder ExcludeFromCenterBoundingBox">
					<Animation name="OnFadeOut" animationData="KingdomFadeOut" loopCount="0"/>
					<Animation name="OnFadeIn" animationData="KingdomFadeIn" loopCount="0"/>
					<SceneObject name="LinkText">
						<Animation name="OnFadeOut" animationData="KingdomFadeOut" loopCount="0"/>
						<Animation name="OnFadeIn" animationData="KingdomFadeIn" loopCount="0"/>
						<Translation x="0" y="54" z="2.45"/>
						<Text style="KingdomGreenButtonBold" key="kingdom_button_log_out" maxWidth="" verticalAlignment=""/>
					</SceneObject>
					<SceneObject name="LinkIcon" visibility="always">
						<Animation name="OnFadeOut" animationData="KingdomFadeOut" loopCount="0"/>
						<Animation name="OnFadeIn" animationData="KingdomFadeIn" loopCount="0"/>
						<Sprite filename="kingdom-views/tex/ui/log_out_icon.png">
							<Pivot anchor="right"/>
						</Sprite>
					</SceneObject>
					<SceneObject name="LinkSpinner">
						<Animation name="Idle" animationData="KingdomRotateZ" loopCount="-1"/>
						<Translation x="-15" y="0" z="0.0"/>
						<Sprite filename="kingdom-views/tex/ui/grey_preloader.png">
							<Pivot anchor="center"/>
						</Sprite>
					</SceneObject>
				</SceneObject>
			</SceneObject>
		</SceneObject>
		
		<SceneObject name="Overlay">
			<Translation z="90"/>
			<SceneObject name="OverlayBackground">
				<Translation z="0"/>
                <Animation name="KingdomFadeInOverlay" animationData="KingdomOverlayBackgroundFadeIn" loopCount="0"/>
                <Animation name="KingdomFadeOutOverlay" animationData="KingdomOverlayBackgroundFadeOut" loopCount="0"/>
				<Sprite filename="kingdom-views/tex/ui/bg_color.png">
					<Pivot anchor="top"/>
				</Sprite>
			</SceneObject>
			
			<SceneObject name="OverlayContentPositioner">
                <SceneObject name="OverlayContent">
                    <Animation name="KingdomFadeInOverlay" animationData="KingdomOverlayFadeIn" loopCount="0"/>
                    <Animation name="KingdomFadeOutOverlay" animationData="KingdomOverlayFadeOut" loopCount="0"/>
                    <Translation z="1"/>
                    <SceneObject name="ProgressAssociatedTitle">
                        <Text style="KingdomOrangeHeader" key="kingdom_game_saved"/>
                    </SceneObject>
                    <SceneObject name="ProgressAssociatedText">
                        <Text style="KingdomGrey" maxWidth="450" overflowBehaviour="fit" key="kingdom_game_saved_descr"/>
                    </SceneObject>
                    <SceneObject name="Email">
                        <Text style="KingdomGreyHeader" maxWidth="450" overflowBehaviour="fit" key="kingdom_no_email_entered"/>
                    </SceneObject>

					<SceneObject name="ButtonLogOutForSure" class="Button">
						<SceneObject name="ButtonImage">
							<Panel filename="kingdom-views/tex/ui/kv_green_button.png" vertexColors="true">
								<Pivot anchor="top"/>
								<Insets left="15" top="14" right="15" bottom="26"/>
								<Size width="450" height="96"/>
							</Panel>
						</SceneObject>
						<SceneObject name="ButtonDownImage">
							<Panel filename="kingdom-views/tex/ui/kv_green_button_down.png" vertexColors="true">
								<Pivot anchor="top"/>
								<Insets left="15" top="14" right="15" bottom="26"/>
								<Size width="450" height="96"/>
							</Panel>
						</SceneObject>
						<SceneObject name="Text">
							<Translation x="0" y="54" z="2.45"/>
							<Text style="KingdomButton" key="kingdom_button_log_out" />
						</SceneObject>
						<SceneObject name="Spinner">
							<Animation name="Idle" animationData="KingdomRotateZ" loopCount="-1"/>
							<Translation x="0" y="43" z="0.0"/>
							<Sprite filename="kingdom-views/tex/ui/white_preloader.png">
								<Pivot anchor="center"/>
							</Sprite>
						</SceneObject>
						<SceneObject name="Checkmark">
							<Translation x="0" y="43" z="0.0"/>
							<Sprite filename="kingdom-views/tex/ui/round_white_check_icon.png">
								<Pivot anchor="center"/>
							</Sprite>
						</SceneObject>
						<SceneObject name="ButtonIcon" visibility="never">
							<Translation x="-157" y="44" z="0.0"/>
							<Panel filename="kingdom-views/tex/ui/bg_color.png" vertexColors="true">
								<Pivot anchor="right"/>
								<Insets left="0" top="0" right="0" bottom="0"/>
								<Size width="40" height="40"/>
							</Panel>
						</SceneObject>
					</SceneObject>
					<SceneObject name="ButtonStayLoggedIn" class="Button">
						<SceneObject name="ButtonImage">
							<Panel filename="kingdom-views/tex/ui/kv_orange_button.png" vertexColors="true">
								<Pivot anchor="top"/>
								<Insets left="15" top="14" right="15" bottom="26"/>
								<Size width="450" height="96"/>
							</Panel>
						</SceneObject>
						<SceneObject name="ButtonDownImage">
							<Panel filename="kingdom-views/tex/ui/kv_orange_button_down.png" vertexColors="true">
								<Pivot anchor="top"/>
								<Insets left="15" top="14" right="15" bottom="26"/>
								<Size width="450" height="96"/>
							</Panel>
						</SceneObject>
						<SceneObject name="Text">
							<Translation x="0" y="54" z="2.45"/>
							<Text style="KingdomButton" key="kingdom_button_stay_loggedin" />
						</SceneObject>
						<SceneObject name="Spinner">
							<Animation name="Idle" animationData="KingdomRotateZ" loopCount="-1"/>
							<Translation x="0" y="43" z="0.0"/>
							<Sprite filename="kingdom-views/tex/ui/white_preloader.png">
								<Pivot anchor="center"/>
							</Sprite>
						</SceneObject>
						<SceneObject name="Checkmark">
							<Translation x="0" y="43" z="0.0"/>
							<Sprite filename="kingdom-views/tex/ui/round_white_check_icon.png">
								<Pivot anchor="center"/>
							</Sprite>
						</SceneObject>
						<SceneObject name="ButtonIcon" visibility="never">
							<Translation x="-157" y="44" z="0.0"/>
							<Panel filename="kingdom-views/tex/ui/bg_color.png" vertexColors="true">
								<Pivot anchor="right"/>
								<Insets left="0" top="0" right="0" bottom="0"/>
								<Size width="40" height="40"/>
							</Panel>
						</SceneObject>
					</SceneObject>
                </SceneObject>
            </SceneObject>
		</SceneObject>
	</SceneObject>
</Scene>

