<!DOCTYPE Layout SYSTEM "../../../../../../../../core-platform/tools/dtd/layout.dtd">
<Layout>
	<Import filename="kingdom-views/scenes/menu_root_layout.xml"/>

	<Object sceneObject="LoginMenuActivePosition">
		<Landscape>
			<Translation>
				<Y percentage="-25"/>
			</Translation>
		</Landscape>
	</Object>

	<Object sceneObject="BackgroundContainer">
		<Default>
			<Translation>
				<Y percentage="-39"/>
			</Translation>
			<Size forceUniform="false">
				<Width percentage="100"/>
				<Height percentage="89"/>
			</Size>
		</Default>
	</Object>

	<Object sceneObject="TitleText">
		<Portrait>
			<Translation>
				<Y percentage="-31"/>
			</Translation>
			<Size forceUniform="true">
				<OriginalSize width="600" height="113"/>
				<Width percentage="100"/>
				<Height percentage="14"/>
			</Size>
		</Portrait>
		<Landscape>
			<Translation>
				<Y percentage="-28"/>
			</Translation>
			<Size forceUniform="true">
				<OriginalSize width="600" height="113"/>
				<Width percentage="100"/>
				<Height percentage="18"/>
			</Size>
		</Landscape>
	</Object>

	<Object sceneObject="MessageText">
		<Portrait>
			<Translation>
				<Y percentage="-24"/>
			</Translation>
			<Size forceUniform="true">
				<OriginalSize width="550" height="80"/>
				<Width percentage="94"/>
				<Height percentage="14"/>
			</Size>
		</Portrait>
		<Landscape>
			<Translation>
				<Y percentage="-18"/>
			</Translation>
			<Size>
				<OriginalSize width="500" height="80"/>
				<Width percentage="100" />
				<Height percentage="14"/>
			</Size>
		</Landscape>
	</Object>

	<Object sceneObject="EmailInput">
		<Portrait>
			<Translation>
				<Y percentage="-14"/>
			</Translation>
			<Size>
				<OriginalSize width="600" height="80"/>
				<Width percentage="100"/>
				<Height percentage="10"/>
			</Size>
		</Portrait>
		<Landscape>
			<Translation>
				<Y percentage="-5"/>
			</Translation>
			<Size>
				<OriginalSize width="700" height="80"/>
				<Width percentage="100"/>
				<Height percentage="12.5"/>
			</Size>
		</Landscape>
	</Object>
	
	<Object sceneObject="BricksGraphics">
		<Portrait>
			<Size>
				<Width percentage="18" />
			</Size>
			<Translation>
				<Y percentage="-14"/>
				<X percentage="50"/>
			</Translation>
		</Portrait>
		<Landscape>
			<Size>
				<Width percentage="18" />
			</Size>
			<Translation>
				<Y percentage="0"/>
				<X percentage="50"/>
			</Translation>
		</Landscape>
	</Object>
	
	<Object sceneObject="ButtonContinue">
		<Portrait>
			<Translation>
				<Y percentage="-7"/>
			</Translation>
			<Size>
				<Width percentage="80"/>
				<Height percentage="10"/>
			</Size>
		</Portrait>
		<Landscape>
			<Translation>
				<Y percentage="2.5"/>
			</Translation>
			<Size>
				<Width percentage="80"/>
				<Height percentage="15"/>
			</Size>
		</Landscape>
	</Object>

	<Import filename="kingdom-views/scenes/userinfo_layout.xml" />
	
</Layout>

