<!DOCTYPE Layout SYSTEM "../../../../../../../../core-platform/tools/dtd/layout.dtd">
<Layout>
	<Import filename="kingdom-views/scenes/menu_root_layout.xml"/>
	
	<Object sceneObject="BackgroundContainer">
		<Default>
			<Translation>
				<Y percentage="-39"/>
			</Translation>
			<Size forceUniform="false">
				<Width percentage="100"/>
				<Height percentage="89"/>
			</Size>
		</Default>
	</Object>

	<Object sceneObject="TitleText">
		<Default>
			<Translation>
				<Y percentage="-31"/>
			</Translation>
			<Size forceUniform="true">
				<OriginalSize width="600" height="113"/>
				<Width percentage="100"/>
				<Height percentage="14"/>
			</Size>
		</Default>
	</Object>

	<Object sceneObject="MessageText">
		<Default>
			<Translation>
				<Y percentage="-24"/>
			</Translation>
			<Size forceUniform="true">
				<OriginalSize width="550" height="80"/>
				<Width percentage="94"/>
				<Height percentage="14"/>
			</Size>
		</Default>
	</Object>

	<Object sceneObject="PasswordInput">
		<Default>
			<Translation>
				<Y percentage="-14"/>
			</Translation>
			<Size>
				<OriginalSize width="600" height="80"/>
				<Width percentage="100"/>
				<Height percentage="10"/>
			</Size>
		</Default>
	</Object>
	
	<Object sceneObject="ButtonMerge">
		<Default>
			<Translation>
				<Y percentage="-7"/>
			</Translation>
			<Size>
				<Width percentage="80"/>
				<Height percentage="10"/>
			</Size>
		</Default>
	</Object>

	<Object sceneObject="ButtonForgotPassword">
		<Default>
			<Translation>
				<Y percentage="-3" />
			</Translation>
			<Size>
				<Width percentage="20"/>
				<Height percentage="3.5"/>
			</Size>
		</Default>
	</Object>
	
	<Object sceneObject="ForgotPasswordIcon">
		<Default>
			<Size forceUniform="true">
				<Height percentage="130"/>
			</Size>
		</Default>
	</Object>

	<Object sceneObject="ForgotPasswordText">
		<Default>
			<Translation>
				<X percentage="5" />
				<Y percentage="34" />
			</Translation>
			<Size foceUniform="true">
				<OriginalSize width="600" height="30"/>
				<Height percentage="100"/>
			</Size>
		</Default>
	</Object>
	
</Layout>

