<!DOCTYPE Layout SYSTEM "../../../../../../../../core-platform/tools/dtd/layout.dtd">
<Layout>
	<Import filename="kingdom-views/scenes/menu_root_layout.xml"/>
	
	<Object sceneObject="BackgroundImage">
		<Default>
			<Translation>
				<Y percentage="-39"/>
			</Translation>
			<Size forceUniform="false">
				<Width percentage="100"/>
				<Height percentage="89"/>
			</Size>
		</Default>
	</Object>
	
	<Object sceneObject="MoverEnteringPasswordPosition">
		<Portrait>
			<Translation>
				<Y percentage="-30" />
			</Translation>
		</Portrait>
		<Landscape>
			<Translation>
				<Y percentage="-52" />
			</Translation>
		</Landscape>
	</Object> 
	
	
	<Object sceneObject="HeaderContainer">
		<Portrait>
			<Translation>
				<Y percentage="-28" />
			</Translation>
			<Size>
				<Height percentage="10" />
			</Size>
		</Portrait>
		<Landscape>
			<Translation>
				<Y percentage="-27" />
			</Translation>
			<Size>
				<Height percentage="14" />
			</Size>
		</Landscape>
		<Default>
			<Size>
				<OriginalSize width="600" height="113"/>
				<Width percentage="100"/>
			</Size>
		</Default>
	</Object> 
	
	<Object sceneObject="EmailAlreadyExistsText">
		<Default>
			<Size forceUniform="true">
				<OriginalSize width="600" height="113"/>
				<Width percentage="97"/>
				<Height percentage="100"/>
			</Size>
		</Default>
	</Object> 
	
	<Object sceneObject="UserInfoContainer">
		<Portrait>
			<Translation>
				<Y percentage="-15" />
			</Translation>
			<Size>
				<Height percentage="15" />
			</Size>
		</Portrait>
		<Landscape>
			<Translation>
				<Y percentage="-11" />
			</Translation>
			<Size>
				<Height percentage="18" />
			</Size>
		</Landscape>
		<Default>
			<Size>
				<OriginalSize width="600" height="113"/>
				<Width percentage="100"/>
			</Size>
		</Default>
	</Object>
	
	<Object sceneObject="LoginToSaveContainer">
		<Portrait>
			<Translation>
				<Y percentage="-1.5" />
			</Translation>
			<Size>
				<Height percentage="15" />
			</Size>
		</Portrait>
		<Landscape>
			<Translation>
				<Y percentage="7" />
			</Translation>
			<Size>
				<Height percentage="18" />
			</Size>
		</Landscape>
		<Default>
			<Size>
				<OriginalSize width="600" height="113"/>
				<Width percentage="100"/>
			</Size>
		</Default>
	</Object>
	
	<Object sceneObject="PasswordInput">
		<Portrait>
			<Translation>
				<Y percentage="10"/>
			</Translation>
			<Size>
				<OriginalSize width="600" height="80"/>
				<Width percentage="100"/>
				<Height percentage="10"/>
			</Size>
		</Portrait>
		<Landscape>
			<Translation>
				<Y percentage="22"/>
			</Translation>
			<Size>
-				<OriginalSize width="700" height="80"/>
-				<Width percentage="100"/>
-				<Height percentage="12.5"/>
-			</Size>
		</Landscape>
	</Object>
	
	<Object sceneObject="ButtonSignInVisiblePosition">
		<Portrait>
			<Translation>
				<Y percentage="17"/>
			</Translation>
		</Portrait>
		<Landscape>
			<Translation>
				<Y percentage="29"/>
			</Translation>
		</Landscape>
	</Object>
	
	<Object sceneObject="ButtonSignInInvisiblePosition">
		<Portrait>
			<Translation>
				<Y percentage="90"/>
			</Translation>
		</Portrait>
		<Landscape>
			<Translation>
				<Y percentage="100"/>
			</Translation>
		</Landscape>
	</Object>
	
	<Object sceneObject="ButtonSignIn">
		<Portrait>
			<Translation>
				<Y percentage="19"/>
			</Translation>
			<Size>
				<Width percentage="80"/>
				<Height percentage="10"/>
			</Size>
		</Portrait>
		<Landscape>
			<Translation>
				<Y percentage="29.4"/>
			</Translation>
			<Size>
				<Width percentage="100"/>
				<Height percentage="15"/>
			</Size>
		</Landscape>
	</Object>

	<Object sceneObject="ButtonForgotPassword">
		<Portrait>
			<Translation>
				<Y percentage="22"/>
			</Translation>
			<Size>
				<Width percentage="20"/>
				<Height percentage="3.5"/>
			</Size>
		</Portrait>
		<Landscape>
			<Translation>
				<Y percentage="37"/>
			</Translation>
			<Size>
				<Width percentage="20"/>
				<Height percentage="5"/>
			</Size>
		</Landscape>
	</Object>
	
	<Import filename="kingdom-views/scenes/templates/button_link_layout.xml" />

	<Object sceneObject="BottomBarContainer">
-		<Default>
-			<Translation>
-				<Y percentage="50"/>
-			</Translation>
-			<Size forceUniform="true">
-				<Width percentage="100"/>
-			</Size>
-		</Default>
-	</Object>

	<Import filename="kingdom-views/scenes/userinfo_layout.xml" />
</Layout>

