<!DOCTYPE Scene SYSTEM "../../../../../../../../core-platform/tools/dtd/scene.dtd">
<Scene>
	<Import filename="kingdom-views/scenes/menu_root.xml"/>
	<SceneObject name="MenuRoot">
		<!-- Dummy objects for animation. -->
		<SceneObject name="KeyboardAnimTop"/>
		<SceneObject name="KeyboardAnimBottom"/>

		<SceneObject name="ScrollToOnEdit"/>

		<SceneObject name="BackgroundImage">
			<Sprite filename="kingdom-views/tex/ui/bg_color.png">
				<Pivot anchor="top"/>
				<Size width="640" height="640"/>
			</Sprite>
		</SceneObject>

		<SceneObject name="Scrollable">
			<SceneObject name="ScrollableContent">
				<SceneObject name="JoinTheKingdomText">
					<Translation x="0" y="0" z="2.45"/>
					<Text key="kingdom_choose_text" style="KingdomOrangeHeader"/>
				</SceneObject>

				<SceneObject name="JoinTheKingdomWhyText">
					<Translation x="0" y="0" z="3.45"/>
					<Text maxWidth="600" key="kingdom_choose_why_text" style="KingdomGrey"/>
				</SceneObject>

				<SceneObject name="AvatarListRoot" class="ExcludeFromBoundingBox">
					<SceneObject name="AvatarList"/>
				</SceneObject>

				<SceneObject name="InputAndSave">
					<SceneObject name="UsernameInput" class="TextField">
						<Import filename="kingdom-views/scenes/text_input_panel.xml"/>
					</SceneObject>

					<SceneObject name="ButtonSave" class="Button">
						<SceneObject name="ButtonImage">
							<Panel filename="kingdom-views/tex/ui/kv_green_button.png" vertexColors="true">
								<Pivot anchor="top"/>
								<Insets left="15" top="14" right="15" bottom="26"/>
								<Size width="450" height="96"/>
							</Panel>
						</SceneObject>
						<SceneObject name="ButtonDownImage">
							<Panel filename="kingdom-views/tex/ui/kv_green_button_down.png" vertexColors="true">
								<Pivot anchor="top"/>
								<Insets left="15" top="14" right="15" bottom="26"/>
								<Size width="450" height="96"/>
							</Panel>
						</SceneObject>
						<SceneObject name="Text">
							<Translation x="0" y="54" z="2.45"/>
							<Text style="KingdomButton" key="kingdom_button_save" />
						</SceneObject>
						<SceneObject name="Spinner">
							<Animation name="Idle" animationData="KingdomRotateZ" loopCount="-1"/>
							<Translation x="0" y="43" z="0.0"/>
							<Sprite filename="kingdom-views/tex/ui/white_preloader.png">
								<Pivot anchor="center"/>
							</Sprite>
						</SceneObject>
						<SceneObject name="Checkmark">
							<Translation x="0" y="43" z="0.0"/>
							<Sprite filename="kingdom-views/tex/ui/round_white_check_icon.png">
								<Pivot anchor="center"/>
							</Sprite>
						</SceneObject>
						<SceneObject name="ButtonIcon" visibility="never">
							<Translation x="-157" y="44" z="0.0"/>
							<Panel filename="kingdom-views/tex/ui/bg_color.png" vertexColors="true">
								<Pivot anchor="right"/>
								<Insets left="0" top="0" right="0" bottom="0"/>
								<Size width="40" height="40"/>
							</Panel>
						</SceneObject>
					</SceneObject>
				</SceneObject>

				<SceneObject name="ButtonLogin" class="Button">
					<SceneObject name="ButtonImage">
						<Panel filename="kingdom-views/tex/ui/kv_orange_button.png" vertexColors="true">
							<Pivot anchor="top"/>
							<Insets left="15" top="14" right="15" bottom="26"/>
							<Size width="450" height="96"/>
						</Panel>
					</SceneObject>
					<SceneObject name="ButtonDownImage">
						<Panel filename="kingdom-views/tex/ui/kv_orange_button_down.png" vertexColors="true">
							<Pivot anchor="top"/>
							<Insets left="15" top="14" right="15" bottom="26"/>
							<Size width="450" height="96"/>
						</Panel>
					</SceneObject>
					<SceneObject>
						<Translation x="0" y="54" z="2.45"/>
						<Text style="KingdomButton" key="kingdom_button_login" />
					</SceneObject>
				</SceneObject>
			</SceneObject>

			<SceneObject name="Separator">
				<Translation x="0" y="0" z="1.0"/>
				<Panel filename="kingdom-views/tex/ui/kv_divider_line.png">
					<Pivot anchor="top"/>
					<Insets left="2" top="2" right="2" bottom="2"/>
					<Size width="640" height="9"/>
				</Panel>
			</SceneObject>
		</SceneObject>
	</SceneObject>
</Scene>

