<!DOCTYPE Layout SYSTEM "../../../../../../../../core-platform/tools/dtd/layout.dtd">
<Layout>
	<Import filename="kingdom-views/scenes/menu_root_layout.xml"/>
	
	<Object sceneObject="LoginMenuPromptPasswordActivePosition">
		<Landscape>
			<Translation>
				<Y percentage="-25"/>
			</Translation>
		</Landscape>
	</Object>

	<Object sceneObject="BackgroundContainer">
		<Default>
			<Translation>
				<Y percentage="-39"/>
			</Translation>
			<Size forceUniform="false">
				<Width percentage="100"/>
				<Height percentage="89"/>
			</Size>
		</Default>
	</Object>

	<Object sceneObject="PasswordInput">
		<Portrait>
			<Translation>
				<Y percentage="-14"/>
			</Translation>
			<Size>
				<OriginalSize width="600" height="80"/>
				<Width percentage="100"/>
				<Height percentage="10"/>
			</Size>
		</Portrait>
		<Landscape>
			<Translation>
				<Y percentage="-5"/>
			</Translation>
			<Size>
				<OriginalSize width="700" height="80"/>
				<Width percentage="100"/>
				<Height percentage="12.5"/>
			</Size>
		</Landscape>
	</Object>
	
	<Object sceneObject="UserInfoContainer">
		<Portrait>
			<Size>
				<Height percentage="15" />
			</Size>
			<Translation>
				<Y percentage="-28" />
			</Translation>
		</Portrait>
		<Landscape>
			<Size>
				<Height percentage="22" />
			</Size>
			<Translation>
				<Y percentage="-24" />
			</Translation>
		</Landscape>
	</Object>
	
	<Object sceneObject="ButtonForgotPassword">
		<Portrait>
			<Translation>
				<Y percentage="-3" />
			</Translation>
			<Size>
				<Width percentage="20"/>
				<Height percentage="3.5"/>
			</Size>
		</Portrait>
		<Landscape>
			<Translation>
				<Y percentage="9"/>
			</Translation>
			<Size>
				<Width percentage="20"/>
				<Height percentage="5"/>
			</Size>
		</Landscape>
	</Object>

	<Import filename="kingdom-views/scenes/templates/button_link_layout.xml" />
	
	<Object sceneObject="ButtonLoginVisiblePosition">
		<Portrait>
			<Translation>
				<Y percentage="-7"/>
			</Translation>
		</Portrait>
		<Landscape>
			<Translation>
				<Y percentage="4"/>
			</Translation>
		</Landscape>
	</Object>
	
	<Object sceneObject="ButtonLoginInvisiblePosition">
		<Portrait>
			<Translation>
				<Y percentage="50"/>
			</Translation>
		</Portrait>
		<Landscape>
			<Translation>
				<Y percentage="75"/>
			</Translation>
		</Landscape>
	</Object>
	
	<Object sceneObject="ButtonLogin">
		<Portrait>
			<Translation>
				<Y percentage="-6"/>
			</Translation>
			<Size>
				<Width percentage="80"/>
				<Height percentage="10"/>
			</Size>
		</Portrait>
		<Landscape>
			<Translation>
				<Y percentage="2.5"/>
			</Translation>
			<Size>
				<Width percentage="80"/>
				<Height percentage="15"/>
			</Size>
		</Landscape>
	</Object>
	
	<Import filename="kingdom-views/scenes/userinfo_layout.xml" />
	
</Layout>

