<!DOCTYPE Layout SYSTEM "../../../../../../../../core-platform/tools/dtd/layout.dtd">
<Layout>
	<Import filename="kingdom-views/scenes/menu_root_layout.xml"/>

	<Object sceneObject="BackgroundContainer">
		<Default>
			<Translation>
				<Y percentage="-39"/>
			</Translation>
			<Size forceUniform="false">
				<Width percentage="100"/>
				<Height percentage="89"/>
			</Size>
		</Default>
	</Object>
	
	<Object sceneObject="MoverChoosePasswordPosition">
		<Landscape>
			<Translation>
				<Y percentage="-16" />
			</Translation>
		</Landscape>
	</Object> 
	
	<Object sceneObject="TitleText">
		<Default>
			<Size forceUniform="true">
				<OriginalSize width="600" height="113"/>
				<Width percentage="100"/>
				<Height percentage="14"/>
			</Size>
		</Default>
		<Portrait>
			<Translation>
				<Y percentage="-31"/>
			</Translation>
		</Portrait>
		<Landscape>
			<Translation>
				<Y percentage="-31"/>
			</Translation>
		</Landscape>
	</Object>

	<Object sceneObject="MessageText">
		<Default>
			<Translation>
				<Y percentage="-24"/>
			</Translation>
			<Size forceUniform="true">
				<OriginalSize width="550" height="80"/>
				<Width percentage="94"/>
				<Height percentage="14"/>
			</Size>
		</Default>
	</Object>

	<Object sceneObject="PasswordInput">
		<Default>
			<Translation>
				<Y percentage="-14"/>
			</Translation>
		</Default>
		<Portrait>
			<Size>
				<OriginalSize width="600" height="80"/>
				<Width percentage="100"/>
				<Height percentage="10"/>
			</Size>
		</Portrait>
		<Landscape>
			<Size>
				<OriginalSize width="700" height="80"/>
				<Width percentage="100"/>
				<Height percentage="12.5"/>
			</Size>
		</Landscape>
	</Object>
	
	<Object sceneObject="ButtonSignInVisiblePosition">
		<Default>
			<Translation>
				<Y percentage="-7"/>
			</Translation>
		</Default>
	</Object>
	
	<Object sceneObject="ButtonSignInInvisiblePosition">
		<Default>
			<Translation>
				<Y percentage="50"/>
			</Translation>
		</Default>
	</Object>
	
	<Object sceneObject="ButtonFinish">
		<Portrait>
			<Translation>
				<Y percentage="-7"/>
			</Translation>
			<Size>
				<Width percentage="80"/>
				<Height percentage="10"/>
			</Size>
		</Portrait>
		<Landscape>
			<Translation>
				<Y percentage="-6.5"/>
			</Translation>
			<Size>
				<Width percentage="100"/>
				<Height percentage="15"/>
			</Size>
		</Landscape>
	</Object>

	<Object sceneObject="EulaSpeechBubble">
		<Portrait>
			<Translation>
				<Y percentage="4"/>
			</Translation>
			<Size>
				<Width percentage="78"/>
				<Height percentage="13"/>
			</Size>
		</Portrait>
		<Landscape>
			<Translation>
				<Y percentage="9.8"/>
			</Translation>
			<Size>
				<Width percentage="100"/>
				<Height percentage="19.5"/>
			</Size>
		</Landscape>
	</Object>

	<Object sceneObject="CheckMark">
		<Default>
			<Translation>
				<Y percentage="55"/>
				<X percentage="-38.5"/>
			</Translation>
			<Size>
				<Height percentage="22"/>
			</Size>
		</Default>
	</Object>

	<Object sceneObject="AgreeText">
		<Default>
			<Translation>
				<Y percentage="55"/>
				<X percentage="-28.5"/>
			</Translation>
			<Size>
				<Height percentage="60"/>
				<Width percentage="70"/>
			</Size>
		</Default>
	</Object>

	<Object sceneObject="ButtonViewTerms">
		<Default>
			<Size>
				<Height percentage="60"/>
			</Size>
		</Default>
		<Portrait>
			<Translation>
				<Y percentage="25"/>
			</Translation>
		</Portrait>
		<Landscape>
			<Translation>
				<Y percentage="37.5"/>
			</Translation>
		</Landscape>
	</Object>

	<Import filename="kingdom-views/scenes/templates/button_link_layout.xml" />
	
	<Object sceneObject="ViewTermsIcon">
		<Portrait>
			<Size forceUniform="true">
				<Height percentage="7"/>
			</Size>
		</Portrait>
		<Landscape>
			<Size forceUniform="true">
				<Height percentage="10.7"/>
			</Size>
		</Landscape>
	</Object>
		
	<Object sceneObject="ViewTermsText">
		<Default>
			<Translation>
				<X percentage="1.3" />
			</Translation>
			<Size>
				<Height percentage="11"/>
			</Size>
		</Default>
		<Portrait>
			<Size>
				<Width percentage="47"/>
			</Size>
		</Portrait>
		<Landscape>
			<Size>
				<Width percentage="30"/>
			</Size>
		</Landscape>
	</Object>

	<Object sceneObject="BottomBarContainer">
		<Default>
			<Translation>
				<Y percentage="50"/>
			</Translation>
			<Size forceUniform="true">
				<Width percentage="100"/>
			</Size>
		</Default>
	</Object>
	
</Layout>

