<!DOCTYPE Layout SYSTEM "../../../../../../../../core-platform/tools/dtd/layout.dtd">
<Layout>
	<Import filename="kingdom-views/scenes/menu_root_layout.xml"/>

	<Object sceneObject="Content">
		<Landscape>
			<Translation>
				<Y percentage="2"/>
			</Translation>
		</Landscape>
	</Object>

	<Object sceneObject="ScrollToOnEdit">
		<Landscape>
			<Translation>
				<Y percentage="-52.0"/>
			</Translation>
		</Landscape>
	</Object>
	
	<Object sceneObject="BackgroundImageTop">
		<Portrait>
			<Translation>
				<Y percentage="-139"/>
			</Translation>
			<Size forceUniform="false">
				<Width percentage="100"/>
				<Height percentage="100"/>
			</Size>
		</Portrait>
		<Landscape>
			<Translation>
				<Y percentage="-139"/>
			</Translation>
			<Size forceUniform="false">
				<Width percentage="100"/>
				<Height percentage="100"/>
			</Size>
		</Landscape>
	</Object>

	<Object sceneObject="BackgroundImageBottom">
		<Portrait>
			<Translation>
				<Y percentage="-2"/>
			</Translation>
			<Size forceUniform="false">
				<Width percentage="100"/>
				<Height percentage="89"/>
			</Size>
		</Portrait>
		<Landscape>
			<Translation>
				<Y percentage="-8"/>
			</Translation>
			<Size forceUniform="false">
				<Width percentage="100"/>
				<Height percentage="200"/>
			</Size>
		</Landscape>
	</Object>
	
	<Object sceneObject="AvatarBarContainerTop">
		<Portrait><Translation><Y percentage="-39"/></Translation></Portrait>
	</Object>
	<Object sceneObject="AvatarBarContainerBottom">
		<Portrait>
			<Translation>
				<Y percentage="-2"/>
			</Translation>
		</Portrait>
	</Object>
	<Object sceneObject="AvatarBarContainer">
		<Portrait>
			<Translation>
				<Y percentage="-39"/>
			</Translation>
			<Size forceUniform="false">
				<Width percentage="100"/>
				<Height percentage="37"/>
			</Size>
		</Portrait>
		<Landscape>
			<Translation>
				<Y percentage="-39"/>
			</Translation>
			<Size forceUniform="false">
				<Width percentage="100"/>
				<Height percentage="31" />
			</Size>
		</Landscape>
	</Object>
	<Import filename="kingdom-views/scenes/avatar_bar_layout.xml"/>
	<Import filename="kingdom-views/scenes/avatar_bar_welcome_layout.xml"/>

	<Object sceneObject="SaveGameTitle">
		<Portrait>
			<Translation>
				<Y percentage="5"/>
			</Translation>
			<Size forceUniform="true">
				<OriginalSize width="620" height="115"/>
				<Width percentage="94"/>
				<Height percentage="14"/>
			</Size>

		</Portrait>
		<Landscape>
			<Translation>
				<Y percentage="0"/>
			</Translation>
			<Size forceUniform="true">
				<OriginalSize width="620" height="115"/>
				<Width percentage="94"/>
				<Height percentage="18"/>
			</Size>

		</Landscape>
	</Object>

	<Object sceneObject="SaveGameWhyText">
		<Portrait>
			<Translation>
				<Y percentage="11"/>
			</Translation>
			<Size forceUniform="true">
				<OriginalSize width="550" height="80"/>
				<Width percentage="80"/>
				<Height percentage="14"/>
			</Size> 
		</Portrait>
		<Landscape>
			<Translation>
				<Y percentage="8"/>
			</Translation>
			<Size>
				<OriginalSize width="500" height="80"/>
				<Width percentage="100" />
				<Height percentage="14"/>
			</Size>
		</Landscape>
	</Object>

	<Object sceneObject="InputAndSave">
		<Portrait>
			<Translation>
				<Y percentage="20"/>
			</Translation>
		</Portrait>
		<Landscape>
			<Translation>
				<Y percentage="22"/>
			</Translation>
		</Landscape>
	</Object>
	
	<Object sceneObject="ButtonSave">
		<Portrait>
			<Translation>
				<Y percentage="7"/>
			</Translation>
		</Portrait>
		<Landscape>
			<Translation>
				<Y percentage="7.5"/>
			</Translation>
		</Landscape>
	</Object>

	<Object sceneObject="SkipButton">
		<Portrait>
			<Translation>
				<Y percentage="42"/>
			</Translation>
			<Size>
				<Width percentage="20"/>
				<Height percentage="3.5"/>
			</Size>
		</Portrait>
		<Landscape>
			<Translation>
				<Y percentage="49"/>
			</Translation>
			<Size>
				<Width percentage="13"/>
				<Height percentage="5"/>
			</Size>
		</Landscape>
	</Object>
	
	<Import filename="kingdom-views/scenes/templates/button_link_layout.xml" />
</Layout>

