<!DOCTYPE Scene SYSTEM "../../../../../../../../core-platform/tools/dtd/scene.dtd">
<Scene>
	<Import filename="kingdom-views/scenes/menu_root.xml"/>
	<SceneObject name="MenuRoot">
		<!-- background -->
		<SceneObject name="BackgroundContainer">
			<Sprite filename="kingdom-views/tex/ui/bg_color.png">
				<Pivot anchor="top"/>
			</Sprite>
		</SceneObject>
		<SceneObject name="Scrollable">
			<!-- avatar bar -->
			<SceneObject name="AvatarBarContainer">
				<Import filename="kingdom-views/scenes/avatar_bar.xml"/>
			</SceneObject>
					
			<!-- celebration carrot -->
			<SceneObject name="CelebrationCarrot">
				<Translation x="0" y="0" z="5.0"/>
				<Sprite filename="kingdom-views/tex/ui/carrot_celebration_graphic.png">
					<Pivot anchor="right"/>
				</Sprite>
			</SceneObject>
					
			<!-- text container -->
			<SceneObject name="TextContainer">
				<SceneObject name="AllDoneText">
					<Translation x="0" y="0" z="2.45"/>
					<Text style="KingdomOrangeHeader" key="kingdom_login_all_done_title" />
				</SceneObject>
							
				<SceneObject name="YouCanNowAccess">
					<Text maxWidth="300" style="KingdomGrey" key="kingdom_login_all_done_message" />
				</SceneObject>
							
				<SceneObject name="ButtonBackToGame" class="Button">
					<SceneObject name="ButtonImage">
						<Panel filename="kingdom-views/tex/ui/kv_green_button.png" vertexColors="true">
							<Pivot anchor="top"/>
							<Insets left="15" top="14" right="15" bottom="26"/>
							<Size width="450" height="96"/>
						</Panel>
					</SceneObject>
					<SceneObject name="ButtonDownImage">
						<Panel filename="kingdom-views/tex/ui/kv_green_button_down.png" vertexColors="true">
							<Pivot anchor="top"/>
							<Insets left="15" top="14" right="15" bottom="26"/>
							<Size width="450" height="96"/>
						</Panel>
					</SceneObject>
					<SceneObject>
						<Translation x="0" y="54" z="2.45"/>
						<Text style="KingdomButton" key="kingdom_button_back_to_game" />
					</SceneObject>
				</SceneObject>
			</SceneObject>
		</SceneObject>
	</SceneObject>
</Scene>

