<!DOCTYPE Scene SYSTEM "../../../../../../../../core-platform/tools/dtd/scene.dtd">
<Scene>
	<Import filename="kingdom-views/scenes/menu_root.xml"/>
	<SceneObject name="MenuRoot">
		<SceneObject name="BackgroundContainer">
			<Sprite filename="kingdom-views/tex/ui/bg_color.png">
				<Pivot anchor="top"/>
			</Sprite>
		</SceneObject>
				
		<SceneObject name="LoginMenuNormalPosition"/>
		<SceneObject name="LoginMenuActivePosition"/>
		<SceneObject name="Scrollable">
			<SceneObject name="LoginMenuPromptEmail">
				<SceneObject name="Content">
					<Translation x="0" y="0" z="3.0"/>

					<SceneObject name="BricksGraphics">
						<Sprite filename="kingdom-views/tex/ui/bricks_graphic.png">
							<Pivot anchor="right"/>
						</Sprite>
					</SceneObject>
									
					<SceneObject name="TitleText">
						<Text style="KingdomOrangeHeader" key="kingdom_login_title_text" />
					</SceneObject>

					<SceneObject name="MessageText">
						<Text maxWidth="300" style="KingdomGrey" key="kingdom_login_enter_email" overflowBehaviour="cut"/>
					</SceneObject>
					
					<SceneObject name="EmailInput" class="TextField">
						<Animation name="ShakeTextField" animationData="KingdomShakeTextField" loopCount="2"/>
						<Import filename="kingdom-views/scenes/text_input_panel.xml"/>
					</SceneObject>
		
					<SceneObject name="ButtonContinue" class="Button">
						<SceneObject name="ButtonImage">
							<Panel filename="kingdom-views/tex/ui/kv_green_button.png" vertexColors="true">
								<Pivot anchor="top"/>
								<Insets left="15" top="14" right="15" bottom="26"/>
								<Size width="450" height="96"/>
							</Panel>
						</SceneObject>
						<SceneObject name="ButtonDownImage">
							<Panel filename="kingdom-views/tex/ui/kv_green_button_down.png" vertexColors="true">
								<Pivot anchor="top"/>
								<Insets left="15" top="14" right="15" bottom="26"/>
								<Size width="450" height="96"/>
							</Panel>
						</SceneObject>
						<SceneObject name="Text">
							<Translation x="0" y="54" z="2.45"/>
							<Text style="KingdomButton" key="kingdom_button_continue" />
						</SceneObject>
						<SceneObject name="Spinner">
							<Animation name="Idle" animationData="KingdomRotateZ" loopCount="-1"/>
							<Translation x="0" y="43" z="0.0"/>
							<Sprite filename="kingdom-views/tex/ui/white_preloader.png">
								<Pivot anchor="center"/>
							</Sprite>
						</SceneObject>
						<SceneObject name="Checkmark">
							<Translation x="0" y="43" z="0.0"/>
							<Sprite filename="kingdom-views/tex/ui/round_white_check_icon.png">
								<Pivot anchor="center"/>
							</Sprite>
						</SceneObject>
						<SceneObject name="ButtonIcon" visibility="never">
							<Translation x="-157" y="44" z="0.0"/>
							<Panel filename="kingdom-views/tex/ui/bg_color.png" vertexColors="true">
								<Pivot anchor="right"/>
								<Insets left="0" top="0" right="0" bottom="0"/>
								<Size width="40" height="40"/>
							</Panel>
						</SceneObject>
					</SceneObject>
				</SceneObject>
			</SceneObject>
		</SceneObject>
	</SceneObject>
</Scene>

