<!DOCTYPE Layout SYSTEM "../../../../../../../../core-platform/tools/dtd/layout.dtd">
<Layout>
	<Import filename="kingdom-views/scenes/menu_root_layout.xml"/>
	
	<Object sceneObject="ScrollableContent">
		<Portrait>
			<Translation>
				<Y percentage="0"/>
			</Translation>
			<Size>
				<Width percentage="100"/>
				<Height percentage="100"/>
			</Size>
		</Portrait>
		<Landscape>
			<Translation>
				<Y percentage="18"/>
			</Translation>
			<Size>
				<OriginalSize width="960" height="480"/>
				<Width percentage="300"/>
				<Height percentage="145"/>
			</Size>
		</Landscape>
	</Object>

	<Object sceneObject="BackgroundImage">
		<Default>
			<Translation>
				<Y percentage="-39"/>
			</Translation>
			<Size forceUniform="false">
				<Width percentage="100"/>
				<Height percentage="89"/>
			</Size>
		</Default>
	</Object>

	<Object sceneObject="ScrollToOnEdit">
		<Portrait>
			<Translation>
				<Y percentage="0"/>
			</Translation>
		</Portrait>
		<Landscape>
			<Translation>
				<Y percentage="-55.0"/>
			</Translation>
		</Landscape>
	</Object>

	<Object sceneObject="KeyboardAnimTop">
		<Portrait><Translation><Y percentage="-17"/></Translation></Portrait>
	</Object>
	<Object sceneObject="KeyboardAnimBottom">
		<Portrait><Translation><Y percentage="0"/></Translation></Portrait>
	</Object>

	<Object sceneObject="JoinTheKingdomText">
		<Default>
			<Translation>
				<Y percentage="-31.5"/>
			</Translation>
			<Size forceUniform="true">
				<OriginalSize width="600" height="113"/>
				<Width percentage="100"/>
				<Height percentage="14"/>
			</Size>
		</Default>
	</Object>

	<Object sceneObject="JoinTheKingdomWhyText">
		<Default>
			<Translation>
				<Y percentage="-25.5"/>
			</Translation>
			<Size forceUniform="true">
				<OriginalSize width="620" height="115"/>
				<Width percentage="94"/>
				<Height percentage="14"/>
			</Size>
		</Default>
	</Object>

	<Object sceneObject="AvatarListRoot">
		<Default>
			<Translation>
				<Y percentage="-3"/>
			</Translation>
			<Size forceUniform="true">
				<OriginalSize width="100" height="80"/>
				<Width percentage="100" />
				<Height percentage="8"/>
			</Size>
		</Default>
	</Object>

	<Object sceneObject="InputAndSave">
		<Default>
			<Translation>
				<Y percentage="1"/>
			</Translation>
			<Size forceUniform="true">
				<OriginalSize width="640" height="960"/>
				<Width percentage="100"/>
				<Height percentage="100"/>
			</Size>
		</Default>
	</Object>
	
	<Object sceneObject="UsernameInput">
		<Default>
			<Translation>
				<Y percentage="4"/>
			</Translation>
			<Size forceUniform="true">
				<OriginalSize width="600" height="80"/>
				<Width percentage="100"/>
				<Height percentage="10"/>
			</Size>
		</Default>
	</Object>
	
	<Object sceneObject="ButtonSave">
		<Default>
			<Size forceUniform="true">
				<OriginalSize width="480" height="96"/>
				<Width percentage="80"/>
				<Height percentage="12"/>
			</Size>
		</Default>
		<Portrait>
			<Translation>
				<Y percentage="9.7"/>
			</Translation>
		</Portrait>
		<Landscape>
			<Translation>
				<Y percentage="9.2"/>
			</Translation>
		</Landscape>
	</Object>

	<Object sceneObject="Separator">
		<Portrait>
			<Size forceUniform="false">
				<Width percentage="100"/>
				<Height percentage="1"/>
			</Size>
			<Translation>
				<Y percentage="25"/>
			</Translation>
		</Portrait>
		<Landscape>
			<Size forceUniform="false">
				<Width percentage="100"/>
				<Height percentage="1"/>
			</Size>
			<Translation>
				<Y percentage="58"/>
			</Translation>
		</Landscape>
	</Object>

	<Object sceneObject="ButtonLogin">
		<Portrait>
			<Size forceUniform="true">
				<OriginalSize width="480" height="96"/>
				<Width percentage="80"/>
				<Height percentage="12"/>
			</Size>
			<Translation>
				<Y percentage="30"/>
			</Translation>
		</Portrait>
		<Landscape>
			<Size forceUniform="true">
				<OriginalSize width="480" height="96"/>
				<Width percentage="80"/>
				<Height percentage="10.65"/>
			</Size>
			<Translation>
				<Y percentage="35"/>
			</Translation>
		</Landscape>
	</Object>

	<Object sceneObject="BottomBarContainer">
		<Portrait>
			<Size forceUniform="true">
				<Width percentage="100"/>
			</Size>
			<Translation>
				<Y percentage="50"/>
			</Translation>
		</Portrait>
		<Landscape>
			<Size forceUniform="true">
				<Width percentage="100"/>
			</Size>
			<Translation>
				<Y percentage="100"/>
			</Translation>
		</Landscape>
	</Object>
</Layout>

