<!DOCTYPE Scene SYSTEM "../../../../../../../../core-platform/tools/dtd/scene.dtd">
<Scene>
	<Import filename="kingdom-views/scenes/menu_root.xml"/>
	<SceneObject name="MenuRoot">
		<!-- Dummy objects for animation. -->
		<SceneObject name="WeakKeyboardAnimTop"/>
		<SceneObject name="WeakKeyboardAnimBottom"/>
				
		<!--
			This object determines the scrollable content!
		-->

		<SceneObject name="Scrollable">
			<SceneObject name="BackgroundContainerAboveBar" class="ExcludeFromBoundingBox">
				<Sprite filename="kingdom-views/tex/ui/bg_color.png">
					<Pivot anchor="top"/>
				</Sprite>
			</SceneObject>

			<SceneObject name="BackgroundContainerBelowBar" class="ExcludeFromBoundingBox">
				<Sprite filename="kingdom-views/tex/ui/bg_color.png">
					<Pivot anchor="top"/>
				</Sprite>
			</SceneObject>
		
			<SceneObject name="AvatarBarContainer">
				<Import filename="kingdom-views/scenes/avatar_bar.xml"/>
			</SceneObject>

			<SceneObject name="SaveGameTitle">
				<Translation x="0" y="0" z="2.45"/>
				<Text key="kingdom_save_game" style="KingdomOrangeHeader"/>
			</SceneObject>

			<SceneObject name="SaveGameWhyText">
				<Translation x="0" y="0" z="3.45"/>
				<Text maxWidth="500" style="KingdomGrey" key="kingdom_save_game_why"/>
			</SceneObject>

			<SceneObject name="InputAndSave">
				<SceneObject name="EmailInput" class="TextField">
					<Import filename="kingdom-views/scenes/text_input_panel.xml"/>
				</SceneObject>
			
				<SceneObject name="ButtonContinue" class="Button">
					<SceneObject name="ButtonImage">
						<Panel filename="kingdom-views/tex/ui/kv_green_button.png" vertexColors="true">
							<Pivot anchor="top"/>
							<Insets left="15" top="14" right="15" bottom="26"/>
							<Size width="450" height="96"/>
						</Panel>
					</SceneObject>
					<SceneObject name="ButtonDownImage">
						<Panel filename="kingdom-views/tex/ui/kv_green_button_down.png" vertexColors="true">
							<Pivot anchor="top"/>
							<Insets left="15" top="14" right="15" bottom="26"/>
							<Size width="450" height="96"/>
						</Panel>
					</SceneObject>
					<SceneObject name="Text">
						<Translation x="0" y="54" z="2.45"/>
						<Text style="KingdomButton" key="kingdom_button_continue" />
					</SceneObject>
					<SceneObject name="Spinner">
						<Animation name="Idle" animationData="KingdomRotateZ" loopCount="-1"/>
						<Translation x="0" y="43" z="0.0"/>
						<Sprite filename="kingdom-views/tex/ui/white_preloader.png">
							<Pivot anchor="center"/>
						</Sprite>
					</SceneObject>
					<SceneObject name="Checkmark">
						<Translation x="0" y="43" z="0.0"/>
						<Sprite filename="kingdom-views/tex/ui/round_white_check_icon.png">
							<Pivot anchor="center"/>
						</Sprite>
					</SceneObject>
					<SceneObject name="ButtonIcon" visibility="never">
						<Translation x="-157" y="44" z="0.0"/>
						<Panel filename="kingdom-views/tex/ui/bg_color.png" vertexColors="true">
							<Pivot anchor="right"/>
							<Insets left="0" top="0" right="0" bottom="0"/>
							<Size width="40" height="40"/>
						</Panel>
					</SceneObject>
				</SceneObject>

				<SceneObject name="Separator">
					<Animation name="OnFadeIn" animationData="KingdomFadeIn" loopCount="0"/> 
					<Animation name="OnFadeOut" animationData="KingdomFadeOut" loopCount="0"/>
					<Translation x="0" y="0" z="1.0"/>
					<Panel filename="kingdom-views/tex/ui/kv_divider_line.png">
						<Pivot anchor="center"/>
						<Insets left="2" top="2" right="2" bottom="2"/>
						<Size width="640" height="9"/>
					</Panel>
				</SceneObject> 

				<SceneObject name="ButtonEditProfile" class="Button">
					<SceneObject name="ButtonImage">
						<Panel filename="kingdom-views/tex/ui/kv_green_button.png" vertexColors="true">
							<Pivot anchor="top"/>
							<Insets left="15" top="14" right="15" bottom="26"/>
							<Size width="450" height="96"/>
						</Panel>
					</SceneObject>
					<SceneObject name="ButtonDownImage">
						<Panel filename="kingdom-views/tex/ui/kv_green_button_down.png" vertexColors="true">
							<Pivot anchor="top"/>
							<Insets left="15" top="14" right="15" bottom="26"/>
							<Size width="450" height="96"/>
						</Panel>
					</SceneObject>
					<SceneObject name="Text">
						<Translation x="0" y="54" z="2.45"/>
						<Text style="KingdomButton" key="kingdom_button_edit_profile" />
					</SceneObject>
					<SceneObject name="Spinner">
						<Animation name="Idle" animationData="KingdomRotateZ" loopCount="-1"/>
						<Translation x="0" y="43" z="0.0"/>
						<Sprite filename="kingdom-views/tex/ui/white_preloader.png">
							<Pivot anchor="center"/>
						</Sprite>
					</SceneObject>
					<SceneObject name="Checkmark">
						<Translation x="0" y="43" z="0.0"/>
						<Sprite filename="kingdom-views/tex/ui/round_white_check_icon.png">
							<Pivot anchor="center"/>
						</Sprite>
					</SceneObject>
					<SceneObject name="ButtonIcon" visibility="never">
						<Translation x="-157" y="44" z="0.0"/>
						<Panel filename="kingdom-views/tex/ui/bg_color.png" vertexColors="true">
							<Pivot anchor="right"/>
							<Insets left="0" top="0" right="0" bottom="0"/>
							<Size width="40" height="40"/>
						</Panel>
					</SceneObject>
				</SceneObject>
			</SceneObject>
		</SceneObject>
	</SceneObject>
</Scene>

