<!DOCTYPE Layout SYSTEM "../../../../../../../../core-platform/tools/dtd/layout.dtd">
<Layout>
	<Import filename="kingdom-views/scenes/menu_root_layout.xml"/>
	
	<Object sceneObject="Content">
		<Default>
			<Translation>
				<Y percentage="-39"/>
			</Translation>
			<Size>
				<Height percentage="89" />
			</Size>
		</Default>
	</Object>

	<Object sceneObject="BackgroundImage">
		<Default>
			<Translation>
				<Y percentage="-39"/>
			</Translation>
			<Size forceUniform="false">
				<Width percentage="100"/>
				<Height percentage="89"/>
			</Size>
		</Default>
	</Object>

	<Object sceneObject="PostStamp">
		<Portrait>
			<Translation>
				<X percentage="2"/>
				<Y percentage="21"/>
			</Translation>
			<Size forceUniform="true">
				<Width percentage="50"/>
				<Height percentage="30"/>
			</Size>
		</Portrait>
		<Landscape>
			<Translation>
				<X percentage="2"/>
				<Y percentage="18"/>
			</Translation>
			<Size forceUniform="true">
				<Width percentage="50"/>
				<Height percentage="30"/>
			</Size>
		</Landscape>
	</Object>

	<Object sceneObject="MailCall">
		<Portrait>
			<Size forceUniform="true">
				<OriginalSize width="600" height="113"/>
				<Width percentage="100"/>
				<Height percentage="14"/>
			</Size>
			<Translation>
				<Y percentage="43"/>
			</Translation>
		</Portrait>
		<Landscape>
			<Size forceUniform="true">
				<OriginalSize width="600" height="113"/>
				<Width percentage="100"/>
				<Height percentage="18"/>
			</Size>
			<Translation>
				<Y percentage="40"/>
			</Translation>
		</Landscape>
	</Object>

	<Object sceneObject="WeSentTo">
		<Portrait>
			<Translation>
				<Y percentage="50"/>
			</Translation>
			<Size>
				<OriginalSize width="500" height="80"/>
				<Width percentage="100"/>
				<Height percentage="100"/>
			</Size>
		</Portrait>
		<Landscape>
			<Translation>
				<Y percentage="47"/>
			</Translation>
			<Size>
				<OriginalSize width="500" height="80"/>
				<Width percentage="100" />
				<Height percentage="16"/>
			</Size>
		</Landscape>
	</Object>

	<Object sceneObject="Email">
		<Portrait>
			<Translation>
				<Y percentage="58"/>
			</Translation>
			<Size>
				<OriginalSize width="500" height="80"/>
			</Size>
		</Portrait>
		<Landscape>
			<Translation>
				<Y percentage="56"/>
			</Translation>
			<Size>
				<OriginalSize width="500" height="80"/>
			</Size>
		</Landscape>
	</Object>

	<Object sceneObject="TapLink">
		<Portrait>
			<Translation>
				<Y percentage="69"/>
			</Translation>
			<Size>
				<OriginalSize width="500" height="80"/>
				<Width percentage="100"/>
				<Height percentage="100"/>
			</Size>
		</Portrait>
		<Landscape>
			<Translation>
				<Y percentage="68"/>
			</Translation>
			<Size>
				<OriginalSize width="500" height="80"/>
				<Width percentage="100" />
				<Height percentage="16"/>
			</Size>
		</Landscape>
	</Object>

	<Object sceneObject="ButtonBack">
		<Portrait>
			<Translation>
				<Y percentage="81"/>
			</Translation>
			<Size forceUniform="true">
				<OriginalSize width="480" height="96"/>
				<Width percentage="80"/>
				<Height percentage="12"/>
			</Size>
		</Portrait>
		<Landscape>
			<Translation>
				<Y percentage="82"/>
			</Translation>
			<Size forceUniform="true">
				<OriginalSize width="480" height="96"/>
				<Width percentage="80"/>
				<Height percentage="17"/>
			</Size>
		</Landscape>
	</Object>

</Layout>

