<!DOCTYPE Scene SYSTEM "../../../../../../../../core-platform/tools/dtd/scene.dtd">
<Scene>
	<Import filename="kingdom-views/scenes/menu_root.xml"/>
	<SceneObject name="MenuRoot">
		<SceneObject name="BackgroundImage">
			<Sprite filename="kingdom-views/tex/ui/bg_color.png">
				<Pivot anchor="top"/>
				<Size width="640" height="640"/>
			</Sprite>
		</SceneObject>
		<SceneObject name="Scrollable">
			<SceneObject name="Content">
				<SceneObject name="PostStamp">
					<Sprite filename="kingdom-views/tex/ui/post_stamp_graphic.png">
						<Pivot anchor="center"/>
					</Sprite>
				</SceneObject>
				
				<SceneObject name="MailCall">
					<Translation x="0" y="0" z="2.45"/>
					<Text key="kingdom_mail_call_title" style="KingdomOrangeHeader"/>
				</SceneObject>
				
				<SceneObject name="WeSentTo">
					<Translation x="0" y="0" z="3.45"/>
					<Text key="kingdom_mail_call_text_1" style="KingdomGrey"/>
				</SceneObject>
				
				<SceneObject name="Email">
					<Translation x="0" y="0" z="2.45"/>
					<Text key="kingdom_no_email_entered"  maxWidth="450" overflowBehaviour="fit" style="KingdomGreyHeader"/>
				</SceneObject>
				
				<SceneObject name="TapLink">
					<Translation x="0" y="0" z="3.45"/>
					<Text key="kingdom_mail_call_text_2" style="KingdomGrey" maxWidth="360"/>
				</SceneObject>
				
				<SceneObject name="ButtonBack" class="Button">
					<Panel filename="kingdom-views/tex/ui/kv_green_button.png" vertexColors="true">
						<Pivot anchor="center"/>
						<Insets left="15" top="14" right="15" bottom="26"/>
						<Size width="450" height="96"/>
					</Panel>
					<SceneObject name="Text">
						<Translation x="0" y="7" z="2.45"/>
						<Text style="KingdomButton" key="kingdom_button_back_all_caps"/>
					</SceneObject>
				</SceneObject>
			</SceneObject>
			
		</SceneObject>
	</SceneObject>
</Scene>

