<!DOCTYPE Layout SYSTEM "../../../../../../../../core-platform/tools/dtd/layout.dtd">
<Layout>
	<Import filename="kingdom-views/scenes/menu_root_layout.xml"/>

	<!-- background -->
	<Object sceneObject="BackgroundContainer">
		<Default>
			<Translation>
				<Y percentage="-39"/>
			</Translation>
			<Size forceUniform="false">
				<Width percentage="100"/>
				<Height percentage="89"/>
			</Size>
		</Default>
	</Object>
	
	<!-- avatar bar -->
	<Object sceneObject="AvatarBarContainer">
		<Portrait>
			<Translation>
				<Y percentage="-39"/>
			</Translation>
			<Size forceUniform="false">
				<Width percentage="100"/>
				<Height percentage="37"/>
			</Size>
		</Portrait>
		<Landscape>
			<Translation>
				<Y percentage="-39"/>
			</Translation>
			<Size forceUniform="false">
				<Width percentage="100"/>
				<Height percentage="31" />
			</Size>
		</Landscape>
	</Object>

	<Import filename="kingdom-views/scenes/avatar_bar_layout.xml"/>

	<!-- celebration carrot -->
	<Object sceneObject="CelebrationCarrot">
		<Portrait>
			<Translation>
				<X percentage="50" />
				<Y percentage="-1" />
			</Translation>
			<Size>
				<Width percentage="34"/>
				<Height percentage="26"/>
			</Size>
		</Portrait>
		<Landscape>
			<Translation>
				<X percentage="50" />
				<Y percentage="-7" />
			</Translation>
			<Size>
				<Width percentage="39"/>
				<Height percentage="34"/>
			</Size>
		</Landscape>
	</Object>
	
	<!-- text container -->
	<Object sceneObject="TextContainer">
		<Portrait>
			<Size>
				<Width percentage="100" />
				<Height percentage="40" />
			</Size>
			<Translation>
				<Y percentage="1"/>
			</Translation>
		</Portrait>
	</Object>
	
	<Object sceneObject="AllDoneText">
		<Portrait>
			<Size>
				<OriginalSize width="600" height="113"/>
				<Width percentage="100"/>
			</Size>
			<Translation>
				<Y percentage="23"/>
			</Translation>
		</Portrait>
		<Landscape>
			<Size>
				<OriginalSize width="600" height="113"/>
				<Width percentage="100"/>
				<Height percentage="18"/>
			</Size>
			<Translation>
				<Y percentage="4"/>
			</Translation>
		</Landscape>
	</Object>
	
	<Object sceneObject="YouCanNowAccess">
		<Portrait>
			<Size>
				<OriginalSize width="600" height="113"/>
				<Width percentage="100"/>
				<Height percentage="100"/>
			</Size>
			<Translation>
				<Y percentage="42"/>
			</Translation>
		</Portrait>
		<Landscape>
			<Size>
				<OriginalSize width="600" height="113"/>
				<Width percentage="100"/>
				<Height percentage="20"/>
			</Size>
			<Translation>
				<Y percentage="14"/>
			</Translation>
		</Landscape>
	</Object>
	
	<Object sceneObject="ButtonBackToGame">
		<Portrait>
			<Translation>
				<Y percentage="57"/>
			</Translation>
			<Size forceUniform="true">
				<Width percentage="80"/>
				<Height percentage="25"/>
			</Size>
		</Portrait>
		<Landscape>
			<Translation>
				<Y percentage="22"/>
			</Translation>
			<Size forceUniform="true">
				<Width percentage="100"/>
				<Height percentage="15"/>
			</Size>
		</Landscape>
	</Object>

	<!-- footer -->
	<Object sceneObject="BottomBarContainer">
		<Default>
			<Translation>
				<Y percentage="50"/>
			</Translation>
			<Size forceUniform="true">
				<Width percentage="100"/>
			</Size>
		</Default>
	</Object>
	
	<Import filename="kingdom-views/scenes/footer_layout.xml" />
</Layout>

