<!DOCTYPE Scene SYSTEM "../../../../../../../../core-platform/tools/dtd/scene.dtd">
<Scene>
	<SceneObjects>
		<Import filename="kingdom-views/scenes/menu_root.xml"/>
		<SceneObject name="MenuRoot">
			<!-- background -->
			<SceneObject name="BackgroundContainer">
				<Sprite filename="kingdom-views/tex/ui/bg_color.png">
					<Pivot anchor="top"/>
				</Sprite>
			</SceneObject>
			<SceneObject name="ButtonContinue" class="Button">
				<SceneObject name="ButtonImage">
					<Panel filename="kingdom-views/tex/ui/kv_%%color=green%%_button.png" vertexColors="true">
						<Pivot anchor="top"/>
						<Insets left="15" top="14" right="15" bottom="26"/>
						<Size width="450" height="96"/>
					</Panel>
				</SceneObject>
				<SceneObject name="ButtonDownImage">
					<Panel filename="kingdom-views/tex/ui/kv_green_button_down.png" vertexColors="true">
						<Pivot anchor="top"/>
						<Insets left="15" top="14" right="15" bottom="26"/>
						<Size width="450" height="96"/>
					</Panel>
				</SceneObject>
				<SceneObject>
					<Translation x="0" y="54" z="2.45"/>
					<Text style="KingdomButton" key="kingdom_button_continue" />
				</SceneObject>
			</SceneObject>
			<SceneObject name="ButtonContinue" class="Button">
				<SceneObject name="ButtonImage">
					<Panel filename="kingdom-views/tex/ui/kv_green_button.png" vertexColors="true">
						<Pivot anchor="top"/>
						<Insets left="15" top="14" right="15" bottom="26"/>
						<Size width="450" height="96"/>
					</Panel>
				</SceneObject>
				<SceneObject name="ButtonDownImage">
					<Panel filename="kingdom-views/tex/ui/kv_green_button_down.png" vertexColors="true">
						<Pivot anchor="top"/>
						<Insets left="15" top="14" right="15" bottom="26"/>
						<Size width="450" height="96"/>
					</Panel>
				</SceneObject>
				<SceneObject>
					<Translation x="0" y="54" z="2.45"/>
					<Text style="KingdomButton" key="kingdom_button_continue" />
				</SceneObject>
			</SceneObject>
		</SceneObject>
	</SceneObjects>
</Scene>

