<!DOCTYPE Layout SYSTEM "../../../../../../../../core-platform/tools/dtd/layout.dtd">
<Layout>
	<Import filename="kingdom-views/scenes/menu_root_layout.xml"/>
	
	<Object sceneObject="EditAccountMenu">
		<Default>
			<Translation>
				<Y percentage="-50"/>
			</Translation>
		</Default>
	</Object>

	<Object sceneObject="BackgroundImage">
		<Default>
			<Translation>
				<Y percentage="-39"/>
			</Translation>
			<Size forceUniform="false">
				<Width percentage="100"/>
				<Height percentage="89"/>
			</Size>
		</Default>
	</Object>

	<Object sceneObject="TitleEditContent">
		<Portrait>
			<Translation>
				<Y percentage="20.4" />
			</Translation>
		</Portrait>
		<Landscape>
			<Translation>
				<Y percentage="26" />

			</Translation>
		</Landscape>
	</Object>

	<Object sceneObject="ActivePosition">
		<Portrait>
			<Translation>
				<Y percentage="35.8" />
			</Translation>
		</Portrait>
		<Landscape>
			<Translation>
				<Y percentage="20" />
			</Translation>
		</Landscape>
	</Object>

	<Object sceneObject="ChangeEmailContentPosition">
		<Portrait>
			<Translation>
				<Y percentage="45.2" />
			</Translation>
		</Portrait>
		<Landscape>
			<Translation>
				<Y percentage="42" />
			</Translation>
		</Landscape>
	</Object>

	<Object sceneObject="ChangePasswordContentPosition">
		<Portrait>
			<Translation>
				<Y percentage="63.9" />
			</Translation>
		</Portrait>
		<Landscape>
			<Translation>
				<Y percentage="68" />
			</Translation>
		</Landscape>
	</Object>

	<Object sceneObject="ChangeEmailContent">
		<!--if you change this also change ChangeEmailContentPosition-->
		<Portrait>
			<Translation>
				<Y percentage="45.2" />
			</Translation>
		</Portrait>
		<Landscape>
			<Translation>
				<Y percentage="42" />
			</Translation>
		</Landscape>
	</Object>

	<Object sceneObject="ChangePasswordContent">
		<!--if you change this also change ChangePasswordContentPosition-->
		<Portrait>
			<Translation>
				<Y percentage="63.9" />
			</Translation>
		</Portrait>
		<Landscape>
			<Translation>
				<Y percentage="68" />
			</Translation>
		</Landscape>
	</Object>

	<Object sceneObject="ErrorMessage">
		<Portrait>
			<Translation>
				<Y percentage="82" />
			</Translation>
		</Portrait>
		<Landscape>
			<Translation>
				<Y percentage="85" />
			</Translation>
		</Landscape>
	</Object>


	<Object sceneObject="SuccessMessage">
		<Portrait>
			<Translation>
				<Y percentage="82" />
			</Translation>
		</Portrait>
		<Landscape>
			<Translation>
				<Y percentage="85" />
			</Translation>
		</Landscape>
	</Object>

	<Object sceneObject="BottomBarContainer">
		<Default>
			<Translation>
				<Y percentage="50" />
			</Translation>
		</Default>
	</Object>
	
	<!-- orange header elements -->
	
	<Object sceneObject="TitleText">
		<Portrait>
			<Size>
				<OriginalSize width="600" height="113"/>
				<Width percentage="100"/>
				<Height percentage="14"/>
			</Size>
			<Translation>
				<Y percentage="27.5" />
			</Translation>
		</Portrait>
		<Landscape>
			<Size>
				<OriginalSize width="600" height="113"/>
				<Width percentage="100"/>
				<Height percentage="18"/>
			</Size>
			<Translation>
				<Y percentage="23" />
			</Translation>
		</Landscape>
	</Object>

	<Object sceneObject="TitleTextEditEmail">
		<Default>
			<Size>
				<OriginalSize width="600" height="113"/>
				<Width percentage="100"/>
				<Height percentage="14"/>
			</Size>
		</Default>
	</Object>
	
	<Object sceneObject="TitleTextEditPassword">
		<Default>
			<Size>
				<OriginalSize width="600" height="113"/>
				<Width percentage="100"/>
				<Height percentage="14"/>
			</Size>
		</Default>
	</Object>
	
	<!-- text input fields -->
	
	<Object sceneObject="EmailInput">
		<Portrait>
			<Size>
				<OriginalSize width="600" height="80"/>
				<Width percentage="100"/>
				<Height percentage="10"/>
			</Size>
		</Portrait>
		<Landscape>
			<Size>
				<OriginalSize width="700" height="80"/>
				<Width percentage="100"/>
				<Height percentage="12.5"/>
			</Size>
		</Landscape>
	</Object>
	
	<Object sceneObject="PasswordInput">
		<Portrait>
			<Size>
				<OriginalSize width="600" height="80"/>
				<Width percentage="100"/>
				<Height percentage="10"/>
			</Size>
		</Portrait>
		<Landscape>
			<Size>
				<OriginalSize width="700" height="80"/>
				<Width percentage="100"/>
				<Height percentage="12.5"/>
			</Size>
		</Landscape>
	</Object>
	
	<!-- black subheader/helptext/messages elements -->
	
	<Object sceneObject="TitleEmail">
		<Portrait>
			<Translation>
				<Y percentage="-6.7" />
			</Translation>
			<Size forceUniform="true">
				<OriginalSize width="550" height="80"/>
				<Width percentage="100"/>
				<Height percentage="100"/>
			</Size>
		</Portrait>
		<Landscape>
			<Translation>
				<Y percentage="-9.7" />
			</Translation>
			<Size forceUniform="true">
				<OriginalSize width="550" height="80"/>
				<Width percentage="94"/>
				<Height percentage="14"/>
			</Size>
		</Landscape>
	</Object>
	
	<Object sceneObject="TitlePassword">
		<Portrait>
			<Translation>
				<Y percentage="-6.7" />
			</Translation>
			<Size forceUniform="true">
				<OriginalSize width="550" height="80"/>
				<Width percentage="100"/>
				<Height percentage="100"/>
			</Size>
		</Portrait>
		<Landscape>
			<Translation>
				<Y percentage="-9.7" />
			</Translation>
			<Size forceUniform="true">
				<OriginalSize width="550" height="80"/>
				<Width percentage="94"/>
				<Height percentage="14"/>
			</Size>
		</Landscape>
	</Object>
	
	<Object sceneObject="TitleEditEmail">
		<Default>
			<Translation>
				<Y percentage="-9.3" />
			</Translation>
			<Size forceUniform="true">
				<OriginalSize width="550" height="80"/>
				<Width percentage="100"/>
				<Height percentage="100"/>
			</Size>
		</Default>
	</Object>
	
	<Object sceneObject="TitleEditPassword">
		<Default>
			<Translation>
				<Y percentage="-9.3" />
			</Translation>
			<Size forceUniform="true">
				<OriginalSize width="550" height="80"/>
				<Width percentage="100"/>
				<Height percentage="100"/>
			</Size>
		</Default>
	</Object>
	
	<Object sceneObject="ErrorMessageText">
		<Portrait>
			<Size>
				<OriginalSize width="600" height="113"/>
				<Width percentage="100"/>
				<Height percentage="14"/>
			</Size>
		</Portrait>
		<Landscape>
			<Size>
				<OriginalSize width="600" height="113"/>
				<Width percentage="100"/>
				<Height percentage="20"/>
			</Size>
		</Landscape>
	</Object>
	
	<Object sceneObject="SuccessMessageText">
		<Portrait>
			<Size>
				<OriginalSize width="600" height="113"/>
				<Width percentage="100"/>
				<Height percentage="14"/>
			</Size>
		</Portrait>
		<Landscape>
			<Size>
				<OriginalSize width="600" height="113"/>
				<Width percentage="100"/>
				<Height percentage="20"/>
			</Size>
		</Landscape>
	</Object>
	
	<!-- save buttons -->
	
	<Object sceneObject="ButtonSaveEmail">
		<Portrait>
			<Translation>
				<Y percentage="7" />
			</Translation>
			<Size forceUniform="true">
				<OriginalSize width="450" height="96"/>
				<Width percentage="75"/>
			</Size>
		</Portrait>
		<Landscape>
			<Translation>
				<Y percentage="7.5"/>
			</Translation>
			<Size forceUniform="true">
				<OriginalSize width="450" height="96"/>
				<Height percentage="14"/>
			</Size>
		</Landscape>
	</Object>
	
	<Object sceneObject="ButtonSavePassword">
		<Portrait>
			<Translation>
				<Y percentage="7" />
			</Translation>
			<Size>
				<OriginalSize width="450" height="96"/>
				<Width percentage="75"/>
			</Size>
		</Portrait>
		<Landscape>
			<Translation>
				<Y percentage="7.5"/>
			</Translation>
			<Size>
				<OriginalSize width="450" height="96"/>
				<Height percentage="14"/>
			</Size>
		</Landscape>
	</Object>
	
</Layout>

