<!DOCTYPE Scene SYSTEM "../../../../../../../../core-platform/tools/dtd/scene.dtd">
<Scene>
	<SceneObjects>
		<Import filename="kingdom-views/scenes/menu_root.xml"/>
		<SceneObject name="MenuRoot">
			<SceneObject name="BackgroundImage">
				<Sprite filename="kingdom-views/tex/ui/bg_color.png"><Pivot anchor="top"/></Sprite>
			</SceneObject>
					
			<SceneObject name="Scrollable">
				<SceneObject name="EditAccountMenu">
					<SceneObject name="TitleText">
						<Translation x="0" y="0" z="2.45"/>
						<Animation name="FadeIn"		animationData="KingdomFadeIn" loopCount="0"/>
						<Animation name="FadeOut"		animationData="KingdomFadeOut" loopCount="0"/>
						<Text style="KingdomOrangeHeader" key="kingdom_edit_account_title_text" />
					</SceneObject>
					<SceneObject name="TitleEditContent">
						<SceneObject name="TitleTextEditPassword">
							<Translation x="0" y="0" z="2.45"/>
							<Animation name="FadeIn"		animationData="KingdomFadeIn" loopCount="0"/>
							<Animation name="FadeOut"		animationData="KingdomFadeOut" loopCount="0"/>
							<Text style="KingdomOrangeHeader" key="kingdom_edit_account_title_text_edit_password"/>
						</SceneObject>

						<SceneObject name="TitleTextEditEmail">
							<Translation x="0" y="0" z="2.45"/>
							<Animation name="FadeIn"		animationData="KingdomFadeIn" loopCount="0"/>
							<Animation name="FadeOut"		animationData="KingdomFadeOut" loopCount="0"/>
							<Text style="KingdomOrangeHeader" key="kingdom_edit_account_title_text_edit_email"/>
						</SceneObject>
					</SceneObject>

					<SceneObject name="ActivePosition"/>
					<SceneObject name="ChangeEmailContentPosition"/>
					<SceneObject name="ChangePasswordContentPosition"/>

					<SceneObject name="ChangeEmailContent">
						<SceneObject name="TitleEmail">
							<Animation name="FadeIn"		animationData="KingdomFadeIn" loopCount="0"/>
							<Animation name="FadeOut"		animationData="KingdomFadeOut" loopCount="0"/>
							<Translation z="8"/>
							<Text style="KingdomGrey" key="kingdom_edit_account_title_text_edit_email" />
						</SceneObject>

						<SceneObject name="TitleEditEmail">
							<Animation name="FadeIn"		animationData="KingdomFadeIn" loopCount="0"/>
							<Animation name="FadeOut"		animationData="KingdomFadeOut" loopCount="0"/>
							<Translation z="8"/>
							<Text style="KingdomGrey" key="kingdom_edit_account_new_email" />
						</SceneObject>

						<SceneObject name="EmailInput" class="TextField">
							<Import filename="kingdom-views/scenes/text_input_panel.xml"/>
						</SceneObject>
						
						<SceneObject name="ButtonSaveEmail" class="Button">
							<SceneObject name="ButtonImage">
								<Panel filename="kingdom-views/tex/ui/kv_green_button.png" vertexColors="true">
									<Pivot anchor="top"/>
									<Insets left="15" top="14" right="15" bottom="26"/>
									<Size width="450" height="96"/>
								</Panel>
							</SceneObject>
							<SceneObject name="ButtonDownImage">
								<Panel filename="kingdom-views/tex/ui/kv_green_button_down.png" vertexColors="true">
									<Pivot anchor="top"/>
									<Insets left="15" top="14" right="15" bottom="26"/>
									<Size width="450" height="96"/>
								</Panel>
							</SceneObject>
							<SceneObject name="Text">
								<Translation x="0" y="54" z="2.45"/>
								<Text style="KingdomButton" key="kingdom_button_save" />
							</SceneObject>
							<SceneObject name="Spinner">
								<Animation name="Idle" animationData="KingdomRotateZ" loopCount="-1"/>
								<Translation x="0" y="43" z="0.0"/>
								<Sprite filename="kingdom-views/tex/ui/white_preloader.png">
									<Pivot anchor="center"/>
								</Sprite>
							</SceneObject>
							<SceneObject name="Checkmark">
								<Translation x="0" y="43" z="0.0"/>
								<Sprite filename="kingdom-views/tex/ui/round_white_check_icon.png">
									<Pivot anchor="center"/>
								</Sprite>
							</SceneObject>
							<SceneObject name="ButtonIcon" visibility="never">
								<Translation x="-157" y="44" z="0.0"/>
								<Panel filename="kingdom-views/tex/ui/bg_color.png" vertexColors="true">
									<Pivot anchor="right"/>
									<Insets left="0" top="0" right="0" bottom="0"/>
									<Size width="40" height="40"/>
								</Panel>
							</SceneObject>
						</SceneObject>
					</SceneObject>

					<SceneObject name="ChangePasswordContent">
						<SceneObject name="TitlePassword">
							<Animation name="FadeIn"		animationData="KingdomFadeIn" loopCount="0"/>
							<Animation name="FadeOut"		animationData="KingdomFadeOut" loopCount="0"/>
							<Translation z="8"/>
							<Text style="KingdomGrey" key="kingdom_edit_account_title_text_edit_password" />
						</SceneObject>

						<SceneObject name="TitleEditPassword">
							<Animation name="FadeIn"		animationData="KingdomFadeIn" loopCount="0"/>
							<Animation name="FadeOut"		animationData="KingdomFadeOut" loopCount="0"/>
							<Translation z="8"/>
							<Text style="KingdomGrey" key="kingdom_edit_account_new_password" />
						</SceneObject>

						<SceneObject name="PasswordInput" class="TextField Password">
							<Import filename="kingdom-views/scenes/text_input_panel.xml"/>
						</SceneObject>
						
						<SceneObject name="ButtonSavePassword" class="Button">
							<SceneObject name="ButtonImage">
								<Panel filename="kingdom-views/tex/ui/kv_green_button.png" vertexColors="true">
									<Pivot anchor="top"/>
									<Insets left="15" top="14" right="15" bottom="26"/>
									<Size width="450" height="96"/>
								</Panel>
							</SceneObject>
							<SceneObject name="ButtonDownImage">
								<Panel filename="kingdom-views/tex/ui/kv_green_button_down.png" vertexColors="true">
									<Pivot anchor="top"/>
									<Insets left="15" top="14" right="15" bottom="26"/>
									<Size width="450" height="96"/>
								</Panel>
							</SceneObject>
							<SceneObject name="Text">
								<Translation x="0" y="54" z="2.45"/>
								<Text style="KingdomButton" key="kingdom_button_save" />
							</SceneObject>
							<SceneObject name="Spinner">
								<Animation name="Idle" animationData="KingdomRotateZ" loopCount="-1"/>
								<Translation x="0" y="43" z="0.0"/>
								<Sprite filename="kingdom-views/tex/ui/white_preloader.png">
									<Pivot anchor="center"/>
								</Sprite>
							</SceneObject>
							<SceneObject name="Checkmark">
								<Translation x="0" y="43" z="0.0"/>
								<Sprite filename="kingdom-views/tex/ui/round_white_check_icon.png">
									<Pivot anchor="center"/>
								</Sprite>
							</SceneObject>
							<SceneObject name="ButtonIcon" visibility="never">
								<Translation x="-157" y="44" z="0.0"/>
								<Panel filename="kingdom-views/tex/ui/bg_color.png" vertexColors="true">
									<Pivot anchor="right"/>
									<Insets left="0" top="0" right="0" bottom="0"/>
									<Size width="40" height="40"/>
								</Panel>
							</SceneObject>
						</SceneObject>
					</SceneObject>

				<SceneObject name="ErrorMessage" class="CenterHorizontally">
					<SceneObject name="FailIcon">
						<Animation name="FadeIn"		animationData="KingdomFadeIn" loopCount="0"/>
						<Animation name="FadeOut"		animationData="KingdomFadeOut" loopCount="0"/>
						<Sprite filename="kingdom-views/tex/ui/info_icon.png">
							<Pivot anchor="right"/>
						</Sprite>
						</SceneObject>
						<SceneObject name="ErrorMessageText">
							<Animation name="FadeIn"		animationData="KingdomFadeIn" loopCount="0"/>
							<Animation name="FadeOut"		animationData="KingdomFadeOut" loopCount="0"/>
							<Translation x="10" y="18"/>
							<Text style="KingdomResultMessage" key="kingdom_error_save_changes">
								<Pivot y="-6"/>
							</Text>
						</SceneObject>
					</SceneObject>

					<SceneObject name="SuccessMessage" class="CenterHorizontally">
						<SceneObject name="SuccessIcon">
							<Animation name="FadeIn"		animationData="KingdomFadeIn" loopCount="0"/>
							<Animation name="FadeOut"		animationData="KingdomFadeOut" loopCount="0"/>
							<Sprite filename="kingdom-views/tex/ui/kv_check_icon.png">
								<Pivot anchor="right"/>
							</Sprite>
						</SceneObject>
						<SceneObject name="SuccessMessageText">
							<Animation name="FadeIn"		animationData="KingdomFadeIn" loopCount="0"/>
							<Animation name="FadeOut"		animationData="KingdomFadeOut" loopCount="0"/>
							<Translation x="10" y="18"/>
							<Text style="KingdomResultMessage" key="kingdom_success_save_changes">
								<Pivot y="-6"/>
							</Text>
						</SceneObject>
					</SceneObject>
				</SceneObject>
			</SceneObject>
		</SceneObject>
	</SceneObjects>
</Scene>

