<!DOCTYPE Layout SYSTEM "../../../../../../../../core/tools/dtd/layout.dtd">
<Layout>
	<Object sceneObject="EntryPoint">
		<Default>
			<Translation>
				<X percentage="50"/>
			</Translation>
		</Default>
		<Portrait>
		  <Size forceUniform="true">
			<Height percentage="11" />
		  </Size>
		  <Translation>
			<Y percentage="102.125" />
		  </Translation>
		</Portrait>
		<Landscape>
		  <Size forceUniform="true">
			<Height percentage="20" />
		  </Size>
		  <Translation>
			<Y percentage="103.875" />
		  </Translation>
		</Landscape>
		<PortraitTablet>
		  <Size forceUniform="true">
			<Height percentage="9" />
		  </Size>
		  <Translation>
			<Y percentage="101.5" />
		  </Translation>
		</PortraitTablet>
		<LandscapeTablet>
		  <Size forceUniform="true">
			<Height percentage="13" />
		  </Size>
		  <Translation>
			<Y percentage="102.25" />
		  </Translation>
		</LandscapeTablet>
	</Object>
</Layout>

