<!DOCTYPE Layout SYSTEM "../../../../../../../../core-platform/tools/dtd/layout.dtd">
<Layout>
	<!-- same as ErrorDisplayStart -->
	<Object sceneObject="ErrorDisplay">
		<Default>
			<Translation>
				<Y percentage="-50" />
				<X percentage="0" />
			</Translation>
		</Default>
	</Object>
	
	<Object sceneObject="ErrorDisplayStart">
		<Default>
			<Translation>
				<Y percentage="-150" />
				<X percentage="0" />
			</Translation>
		</Default>
	</Object>
	
	<Object sceneObject="ErrorDisplayEnd">
		<Default>
			<Translation>
				<Y percentage="-50" />
				<X percentage="0" />
			</Translation>
		</Default>
	</Object>
	<Object sceneObject="ErrorDisplayBackground">
		<Default>
			<Size forceUniform="false">
				<Width percentage="100"/>
				<Height percentage="100"/>
			</Size>
		</Default>
	</Object>
	<Object sceneObject="ErrorDisplayText">
		<Portrait>
			<Size forceUniform="true">
				<OriginalSize width="500" height="80"/>
				<Width percentage="100"/>
				<Height percentage="100"/>
			</Size>
		</Portrait>
		<Landscape>
			<Size forceUniform="true">
				<OriginalSize width="500" height="80"/>
				<Height percentage="140"/>
			</Size>
		</Landscape>
	</Object>
</Layout>

