<!DOCTYPE Scene SYSTEM "../../../../../../../../core-platform/tools/dtd/scene.dtd">
<Scene>
	<SceneObject name="ErrorDisplayStart"/>
	<SceneObject name="ErrorDisplayEnd"/>
	<SceneObject name="ErrorDisplay">
		<Translation x="0" y="0" z="0" />
		<SceneObject name="ErrorDisplayBackground">
			<Sprite filename="kingdom-views/tex/ui/error_background_texture.png">
				<Pivot anchor="center"/> 
			</Sprite>
		</SceneObject>				
		<SceneObject name="ErrorDisplayText">
			<Text style="KingdomErrorDisplay">
				<TextString>Error message missing</TextString>
			</Text>
		</SceneObject>
	</SceneObject>
</Scene>

