<!DOCTYPE Scene SYSTEM "../../../../../../../../core-platform/tools/dtd/scene.dtd">
<Scene>
	<SceneObject name="ExistInfoBackground">
		<Sprite filename="kingdom-views/tex/ui/orange_field.png"/>
	</SceneObject>
	<SceneObject name="ExistInfoBackgroundTopShadow">
		<Sprite filename="kingdom-views/tex/ui/border_shadow.png"/>
	</SceneObject>
	<SceneObject name="ExistInfoBackgroundBottomShadow">
		<Sprite filename="kingdom-views/tex/ui/border_shadow.png"/>
	</SceneObject>

	<SceneObject name="AvatarOne">
		<Sprite filename="kingdom-views/tex/ui/grey_avatar_dog.png"/>
	</SceneObject>
	<SceneObject name="AvatarTwo">
		<Sprite filename="kingdom-views/tex/ui/grey_avatar_peacock.png"/>
	</SceneObject>
	
	<SceneObject name="MergeInfoContainer">
		<SceneObject name="MergeBetweenAvatarIcon">
			<Sprite filename="kingdom-views/tex/ui/white_plus_icon.png">
				<Pivot anchor="center"/>
			</Sprite>
		</SceneObject>
		<SceneObject name="MergeInfoHeaderText">
			<Text style="KingdomAvatarBarNamePortrait" key="kingdom_merge_info_header"/>
		</SceneObject>
		<SceneObject name="MergeInfoBodyText">
			<Text style="KingdomAvatarBarParagraphPortrait" key="kingdom_merge_info_body" maxWidth="500"/>
		</SceneObject>
	</SceneObject>		

	<SceneObject name="SwitchInfoContainer">
		<SceneObject name="SwitchBetweenAvatarIcon">
			<Sprite filename="kingdom-views/tex/ui/white_switch_icon.png">
				<Pivot anchor="center"/>
			</Sprite>
		</SceneObject>
		<SceneObject name="SwitchInfoHeaderText">
			<Text style="KingdomAvatarBarNamePortrait" key="kingdom_switch_info_header"/>
		</SceneObject>
		<SceneObject name="SwitchInfoBodyText">
			<Text style="KingdomAvatarBarParagraphPortrait" key="kingdom_switch_info_body" maxWidth="500"/>
		</SceneObject>
	</SceneObject>			
</Scene>

