<!DOCTYPE Layout SYSTEM "../../../../../../../../core-platform/tools/dtd/layout.dtd">
<Layout>
	<Object sceneObject="ExistInfoBackground">
		<Default>
			<Translation>
				<X percentage="0"/>
				<Y percentage="0"/>
			</Translation>
			<Size forceUniform="false">
				<Width percentage="100"/>
				<Height percentage="100"/>
			</Size>
		</Default>
	</Object>
	
	<Object sceneObject="ExistInfoBackgroundTopShadow">
		<Default>
			<Translation>
				<X percentage="0"/>
				<Y percentage="0"/>
			</Translation>
			<Size forceUniform="false">
				<Width percentage="100"/>
				<Height percentage="2"/>
			</Size>
		</Default>
	</Object>
	
	<Object sceneObject="ExistInfoBackgroundBottomShadow">
		<Default>
			<Translation>
				<X percentage="0"/>
				<Y percentage="100"/>
			</Translation>
			<Size forceUniform="false">
				<Width percentage="100"/>
				<Height percentage="-2"/>
			</Size>
		</Default>
	</Object>
	
	<Object sceneObject="AvatarOne">
		<Default>
			<Translation>
				<X percentage="23"/>
				<Y percentage="15"/>
			</Translation>
			<Size forceUniform="true">
				<Width percentage="24"/>
				<Height percentage="24"/>
			</Size>
		</Default>
	</Object>
	<Object sceneObject="AvatarTwo">
		<Default>
			<Translation>
				<X percentage="54"/>
				<Y percentage="15"/>
			</Translation>
			<Size forceUniform="true">
				<Width percentage="24"/>
				<Height percentage="24"/>
			</Size>
		</Default>
	</Object>
	<Object sceneObject="MergeBetweenAvatarIcon">
		<Default>
			<Translation>
				<X percentage="50"/>
				<Y percentage="26"/>
			</Translation>
			<Size forceUniform="true">
				<Width percentage="7"/>
				<Height percentage="7"/>
			</Size>
		</Default>
	</Object>
	<Object sceneObject="MergeInfoHeaderText">
		<Default>
			<Translation>
				<X percentage="50"/>
				<Y percentage="47.5"/>
			</Translation>
			<Size forceUniform="true">
				<OriginalSize width="100" height="62"/>
				<Width percentage="95" />
				<Height percentage="10"/>
			</Size>
		</Default>
	</Object>
	<Object sceneObject="MergeInfoBodyText">
		<Default>
			<Translation>
				<X percentage="50"/>
				<Y percentage="67"/>
			</Translation>
			<Size forceUniform="true">
				<OriginalSize width="100" height="36"/>
				<Width percentage="95" />
				<Height percentage="6"/>
			</Size>
		</Default>
	</Object>
	
	<Object sceneObject="SwitchBetweenAvatarIcon">
		<Default>
			<Translation>
				<X percentage="50"/>
				<Y percentage="26"/>
			</Translation>
			<Size forceUniform="true">
				<Width percentage="7"/>
				<Height percentage="7"/>
			</Size>
		</Default>
	</Object>
	<Object sceneObject="SwitchInfoHeaderText">
		<Default>
			<Translation>
				<X percentage="50"/>
				<Y percentage="47.5"/>
			</Translation>
			<Size forceUniform="true">
				<OriginalSize width="100" height="62"/>
				<Width percentage="95" />
				<Height percentage="10"/>
			</Size>
		</Default>
	</Object>
	<Object sceneObject="SwitchInfoBodyText">
		<Default>
			<Translation>
				<X percentage="50"/>
				<Y percentage="67"/>
			</Translation>
			<Size forceUniform="true">
				<OriginalSize width="100" height="36"/>
				<Width percentage="95" />
				<Height percentage="6"/>
			</Size>
		</Default>
	</Object>
</Layout>

