<!DOCTYPE Layout SYSTEM "../../../../../../../../core-platform/tools/dtd/layout.dtd">
<Layout>
	<Object sceneObject="BottomBarLeft">
		<Default>
			<Translation>
				<X percentage="-50" />
			</Translation>
		</Default>
		<Portrait>
			<Size forceUniform="true">
				<Width percentage="35"/>
			</Size>
		</Portrait>
		<Landscape>
			<Size forceUniform="true">
				<Height percentage="16.3"/>
			</Size>
		</Landscape>
	</Object>

	<Object sceneObject="BottomBarCenter">
		<Portrait>
			<Size forceUniform="true">
				<Width percentage="88"/>
			</Size>
		</Portrait>
		
		<Landscape>
			<Translation>
				<X percentage="-10" />
			</Translation>
			<Size forceUniform="true">
				<Height percentage="5.5"/>
			</Size>
		</Landscape>
	</Object>
	
	<Object sceneObject="BottomBarCenterLandscape2">
		<Portrait>
			<Size forceUniform="true">
				<Width percentage="0"/>
			</Size>
		</Portrait>
		
		<Landscape>
			<Translation>
				<X percentage="10" />
			</Translation>
			<Size forceUniform="true">
				<Height percentage="5.5"/>
			</Size>
		</Landscape>
	</Object>	
	

	<Object sceneObject="BottomBarRight">
		<Default>
			<Translation>
				<X percentage="50" />
			</Translation>
		</Default>
		<Portrait>
			<Size forceUniform="true">
				<Width percentage="33"/>
			</Size>
		</Portrait>
		<Landscape>
			<Size forceUniform="true">
				<Height percentage="19.5"/>
			</Size>
		</Landscape>
	</Object>
</Layout>

