<!DOCTYPE Scene SYSTEM "../../../../../../../../core-platform/tools/dtd/scene.dtd">
<Scene>
	<SceneObject name="BottomBarOuter">
		<Translation z="10" />
		<SceneObject name="BottomBarLeft">
			<Animation name="OnFadeIn" animationData="KingdomFadeIn" loopCount="0"/> 
			<Animation name="OnFadeOut" animationData="KingdomFadeOut" loopCount="0"/>
			<Translation z="1.1" />
			<Sprite filename="kingdom-views/tex/ui/global_bottom_graphics_left_corner.png">
				<Pivot anchor="bottomLeft"/>
			</Sprite>
		</SceneObject>
		<SceneObject name="BottomBarCenter">
			<Animation name="OnFadeIn" animationData="KingdomFadeIn" loopCount="0"/> 
			<Animation name="OnFadeOut" animationData="KingdomFadeOut" loopCount="0"/>
			<Translation z="1" />
			<Sprite filename="kingdom-views/tex/ui/global_bottom_graphics_middle.png">
				<Pivot anchor="bottom"/>
			</Sprite>
		</SceneObject>
		<SceneObject name="BottomBarCenterLandscape2">
			<Animation name="OnFadeIn" animationData="KingdomFadeIn" loopCount="0"/> 
			<Animation name="OnFadeOut" animationData="KingdomFadeOut" loopCount="0"/>
			<Translation z="1" />
			<Sprite filename="kingdom-views/tex/ui/global_bottom_graphics_middle.png">
				<Pivot anchor="bottom"/>
			</Sprite>
		</SceneObject>
		<SceneObject name="BottomBarRight">
			<Animation name="OnFadeIn" animationData="KingdomFadeIn" loopCount="0"/> 
			<Animation name="OnFadeOut" animationData="KingdomFadeOut" loopCount="0"/>
			<Translation z="1.1" />
			<Sprite filename="kingdom-views/tex/ui/global_bottom_graphics_right_corner.png">
				<Pivot anchor="bottomRight"/>
			</Sprite>
		</SceneObject>
	</SceneObject>
</Scene>

