<!DOCTYPE Scene SYSTEM "../../../../../../../../core-platform/tools/dtd/scene.dtd">
<Scene>
	<SceneObjects>
		<SceneObject name="HeaderView">
			<Translation x="0" y="0" z="100"/>
			<SceneObject name="HeaderBackgroundContainer">
				<SceneObject name="HeaderBackgroundImage">
					<Sprite filename="kingdom-views/tex/ui/orange_topbar.png">
						<Pivot anchor="top"/>
					</Sprite>
				</SceneObject>
			</SceneObject>
				
			<SceneObject name="HeaderButtons">
				<Translation z="1"/>
				<SceneObject name="CenterButton" class="Button">
          <Animation name="KingdomOnFadeOut" animationData="KingdomFadeOutAllKinds" loopCount="0"/>
          <Animation name="KingdomOnFadeIn" animationData="KingdomFadeInAllKinds" loopCount="0"/>
					<SceneObject name="KingLogo">
						<Sprite filename="kingdom-views/tex/ui/kingdom_icon_topbar.png">
							<Pivot anchor="center"/>
						</Sprite>
					</SceneObject>
					<SceneObject name="CenterText" visibility="never">
						<Text style="KingdomHeaderTitle" key="" maxWidth="500"/>
					</SceneObject>
				</SceneObject>

				<SceneObject name="LeftButton" class="Button">
					<SceneObject name="LeftTextArrowless">
						<Animation name="KingdomOnFadeOut" animationData="KingdomFadeOut" loopCount="0"/>
						<Animation name="KingdomOnFadeIn" animationData="KingdomFadeIn" loopCount="0"/>
						<Text style="KingdomButtonLeft" key="kingdom_button_cancel" maxWidth="200">
							<Pivot y="9"/>
						</Text>
					</SceneObject>
					<SceneObject name="BackArrow">
						<Animation name="KingdomOnFadeOut" animationData="KingdomFadeOut" loopCount="0"/>
						<Animation name="KingdomOnFadeIn" animationData="KingdomFadeIn" loopCount="0"/>
						<Sprite filename="kingdom-views/tex/ui/back_arrow_icon_white.png">
							<Pivot anchor="left"/>
						</Sprite>
					</SceneObject>
					<SceneObject name="LeftText">
						<Animation name="KingdomOnFadeOut" animationData="KingdomFadeOut" loopCount="0"/>
						<Animation name="KingdomOnFadeIn" animationData="KingdomFadeIn" loopCount="0"/>
						<Translation x="28"/>
						<Text style="KingdomButtonLeft" key="kingdom_button_back" maxWidth="200">
							<Pivot y="9"/>
						</Text>
					</SceneObject>
				</SceneObject>

				<SceneObject name="HeaderTitleText">
					<Animation name="KingdomOnFadeOut" animationData="KingdomFadeOut" loopCount="0"/>
					<Animation name="KingdomOnFadeIn" animationData="KingdomFadeIn" loopCount="0"/>
					<Text style="KingdomHeaderTitle" key="kingdom_settings" maxWidth="560">
						<Pivot y="9"/>
					</Text>
				</SceneObject>

				<SceneObject name="RightButton" class="Button">
					<SceneObject name="RightText">
						<Animation name="KingdomOnFadeOut" animationData="KingdomFadeOut" loopCount="0"/>
						<Animation name="KingdomOnFadeIn" animationData="KingdomFadeIn" loopCount="0"/>
						<Text style="KingdomButtonRight" key="kingdom_button_close" maxWidth="200">
							<Pivot y="9"/>
						</Text>
					</SceneObject>
				</SceneObject>
			</SceneObject>
		</SceneObject>
	</SceneObjects>
</Scene>

