<!DOCTYPE Layout SYSTEM "../../../../../../../../core-platform/tools/dtd/layout.dtd">
<Layout>
	<Object sceneObject="HeaderBackgroundImage">
		<Tablet visible="false"/>
		<Default visible="true">
			<Size forceUniform="false">
				<Width percentage="100"/>
				<Height percentage="100"/>
			</Size>
		</Default>
	</Object>

	<Object sceneObject="HeaderView">
		<Default>
			<Size forceUniform="true">
				<Height percentage="100"/>
			</Size>
		</Default>
		<Tablet>
			<Size forceUniform="true">
				<Height percentage="70"/>
			</Size>
		</Tablet>
	</Object>

	<Object sceneObject="LeftButton">
		<Default>
			<Translation>
				<X percentage="-46"/>
				<Y percentage="45"/>
			</Translation>
		</Default>
		<Portrait>
			<Size>
				<OriginalSize width="500" height="80"/>
				<Width percentage="100"/>
				<Height percentage="100"/>
			</Size>
		</Portrait>
		<Landscape>
			<Size>
				<OriginalSize width="500" height="80"/>
				<Width percentage="100"/>
				<Height percentage="130"/>
			</Size>
		</Landscape>
	</Object>
	
	<Object sceneObject="BackArrow">
		<Default>
			<Size forceUniform="true">
				<Width percentage="3"/>
			</Size>
		</Default>
	</Object>

	<Object sceneObject="RightButton">
		<Default>
			<Translation>
				<X percentage="46"/>
				<Y percentage="45"/>
			</Translation>
		</Default>
		<Portrait>
			<Size>
				<OriginalSize width="500" height="80"/>
				<Width percentage="100"/>
				<Height percentage="100"/>
			</Size>
		</Portrait>
		<Landscape>
			<Size>
				<OriginalSize width="500" height="80"/>
				<Width percentage="100"/>
				<Height percentage="130"/>
			</Size>
		</Landscape>
	</Object>

	<Object sceneObject="HeaderTitleText">
		<Default>
			<Translation>
				<Y percentage="45"/>
			</Translation>
		</Default>
		<Portrait>
			<Size>
				<OriginalSize width="500" height="80"/>
				<Width percentage="100"/>
				<Height percentage="100"/>
			</Size>
		</Portrait>
		<Landscape>
			<Size>
				<OriginalSize width="500" height="80"/>
				<Height percentage="140"/>
			</Size>
		</Landscape>
	</Object>

	<Object sceneObject="KingLogo">
		<Default>
			<Translation>
				<Y percentage="40"/>
			</Translation>
			<Size forceUniform="true">
				<Height percentage="60"/>
			</Size>
		</Default>
	</Object>

	<Object sceneObject="CenterText">
		<Portrait>
			<Translation>
				<Y percentage="50"/>
			</Translation>
			<Size forceUniform="true">
				<OriginalSize width="550" height="80"/>
				<Width percentage="94"/>
				<Height percentage="50"/>
			</Size> 
		</Portrait>
		<Landscape>
			<Translation>
				<Y percentage="50"/>
			</Translation>
			<Size>
				<OriginalSize width="500" height="80"/>
				<Width percentage="100" />
				<Height percentage="60"/>
			</Size> 
		</Landscape>
	</Object>
</Layout>

