<!DOCTYPE Layout SYSTEM "../../../../../../../../core-platform/tools/dtd/layout.dtd">
<Layout>
	<Import filename="kingdom-views/scenes/scroll_bar_layout.xml"/>
	<Object sceneObject="MenuRootLeftPosition">
		<Default>
			<Translation>
				<X percentage="-25"/>
				<Y percentage="0"/>
			</Translation>
		</Default>
	</Object>
	<Object sceneObject="MenuRootRightPosition">
		<Default>
			<Translation>
				<X percentage="100"/>
				<Y percentage="0"/>
			</Translation>
		</Default>
	</Object>
	<Object sceneObject="MenuRootInPosition">
		<Default>
			<Translation>
				<X percentage="0"/>
				<Y percentage="0"/>
			</Translation>
		</Default>
	</Object>
	<Object sceneObject="ScrollViewport">
		<Default visible="false">
			<Translation>
				<Y percentage="-39"/>
				<X percentage="-50"/>
			</Translation>
			<Size forceUniform="false">
				<OriginalSize width="50" height="50" />
				<Width percentage="100" />
			</Size>
		</Default>

		<Portrait>
			<Size forceUniform="false">
				<Height percentage="79" />
			</Size>
		</Portrait>
		<Landscape>
			<Size forceUniform="false">
				<Height percentage="75" />
			</Size>
		</Landscape>

		<ProfileCardDisabled>
			<Translation>
				<Y percentage="-39"/>
				<X percentage="-50"/>
			</Translation>
			<Size forceUniform="false">
				<OriginalSize width="50" height="50" />
				<Width percentage="100" />
				<Height percentage="89" />
			</Size>
		</ProfileCardDisabled>
	</Object>
	
</Layout>

