<!DOCTYPE Scene SYSTEM "../../../../../../../../core-platform/tools/dtd/scene.dtd">
<Scene>
	<SceneObject name="MenuRootLeftPosition">
		<Translation x="0" y="0" z="-80"/>
	</SceneObject>
	<SceneObject name="MenuRootRightPosition">
		<Translation x="0" y="0" z="-4"/>
	</SceneObject>
	<SceneObject name="MenuRootInPosition">
		<Translation x="0" y="0" z="-40"/>
	</SceneObject>
	<SceneObject name="ScrollBar">
		<Import filename="kingdom-views/scenes/scroll_bar.xml"/>
	</SceneObject>
	<SceneObject name="ScrollViewport">
		<Translation z="512" />
		<Sprite filename="kingdom-views/tex/ui/error_background_texture.png">
			<Size width="50" height="50" />
			<Pivot anchor="topLeft"/>
		</Sprite>
	</SceneObject>
</Scene>

