<!DOCTYPE Layout SYSTEM "../../../../../../../../core-platform/tools/dtd/layout.dtd">
<Layout>
	<Import filename="kingdom-views/scenes/menu_root_layout.xml"/>

	<!-- background -->
	<Object sceneObject="BackgroundContainer">
		<Default>
			<Translation>
				<Y percentage="-39"/>
			</Translation>
			<Size forceUniform="false">
				<Width percentage="100"/>
				<Height percentage="89"/>
			</Size>
		</Default>
	</Object>
	
	<!-- celebration carrot -->
	<Object sceneObject="CelebrationCarrot">
		<Portrait visible="true">
			<Translation>
				<X percentage="0" />
				<Y percentage="-27" />
			</Translation>
			<Size>
				<Width percentage="34"/>
				<Height percentage="26"/>
			</Size>
		</Portrait>
		<Landscape visible="false">
		</Landscape>
	</Object>
	
	<!-- text container -->
	<Object sceneObject="Container">
		<Portrait>
			<Size>
				<Width percentage="100" />
				<Height percentage="40" />
			</Size>
			<Translation>
				<Y percentage="-5"/>
			</Translation>
		</Portrait>
		<Landscape>
			<!-- <Size>
				<Width percentage="100"/>
				<Height percentage="40"/>
			</Size> -->
			<Translation>
				<Y percentage="-25"/>
			</Translation>
		</Landscape>
	</Object>
	
	<Object sceneObject="AllDoneText">
		<Portrait>
			<Size>
				<OriginalSize width="600" height="113"/>
				<Width percentage="100"/>
			</Size>
			<Translation>
				<Y percentage="-10"/>
			</Translation>
		</Portrait>
		<Landscape>
			<Size>
				<OriginalSize width="600" height="113"/>
				<Width percentage="100"/>
				<Height percentage="18"/>
			</Size>
			<Translation>
				<Y percentage="4"/>
			</Translation>
		</Landscape>
	</Object>

	<Object sceneObject="YouCanNowAccess">
		<Portrait>
			<Size>
				<OriginalSize width="600" height="113"/>
				<Width percentage="100"/>
				<Height percentage="100"/>
			</Size>
			<Translation>
				<Y percentage="10"/>
			</Translation>
		</Portrait>
		<Landscape>
			<Size>
				<OriginalSize width="600" height="113"/>
				<Width percentage="100"/>
				<Height percentage="20"/>
			</Size>
			<Translation>
				<Y percentage="14"/>
			</Translation>
		</Landscape>
	</Object>

	<Object sceneObject="Separator">
		<Portrait>
			<Size forceUniform="false">
				<Width percentage="65"/>
				<Height percentage="0.5"/>
			</Size>
			<Translation>
				<Y percentage="18"/>
			</Translation>
		</Portrait>
		<Landscape>
			<Size forceUniform="false">
				<Width percentage="50"/>
				<Height percentage="0.5"/>
			</Size>
			<Translation>
				<Y percentage="20"/>
			</Translation>
		</Landscape>
	</Object>
	
	<Object sceneObject="PlayWithFriends">
		<Portrait>
			<Size>
				<OriginalSize width="600" height="113"/>
				<Width percentage="100"/>
			</Size>
			<Translation>
				<Y percentage="37"/>
			</Translation>
		</Portrait>
		<Landscape>
			<Size>
				<OriginalSize width="600" height="113"/>
				<Width percentage="100"/>
				<Height percentage="18"/>
			</Size>
			<Translation>
				<Y percentage="28"/>
			</Translation>
		</Landscape>
	</Object>

	<Object sceneObject="ButtonFacebookContainer">
		<Portrait>
			<Translation>
				<Y percentage="50"/>
			</Translation>
			<Size forceUniform="true">
                <OriginalSize width="450" height="96"/>
				<Width percentage="70"/>
            </Size>
		</Portrait>
		<Landscape>
			<Translation>
				<Y percentage="35"/>
			</Translation>
			<Size forceUniform="true">
				<OriginalSize width="450" height="96"/>
				<Height percentage="15"/>
            </Size>
		</Landscape>
	</Object>

	<Object sceneObject="ButtonBackToGame">
		<Portrait>
			<Translation>
				<Y percentage="90"/>
			</Translation>
			<Size>
				<Width percentage="80"/>
				<Height percentage="10"/>
			</Size>
		</Portrait>
		<Landscape>
			<Translation>
				<Y percentage="60"/>
			</Translation>
			<Size>
				<Width percentage="100"/>
				<Height percentage="7"/>
			</Size>
		</Landscape>
	</Object>

	<Import filename="kingdom-views/scenes/templates/button_link_layout.xml" />
</Layout>

