<!DOCTYPE Scene SYSTEM "../../../../../../../../core-platform/tools/dtd/scene.dtd">
<Scene>
	<SceneObjects>
		<Import filename="kingdom-views/scenes/menu_root.xml"/>
		<SceneObject name="MenuRoot">
			<!-- background -->
			<SceneObject name="BackgroundContainer">
				<Sprite filename="kingdom-views/tex/ui/bg_color.png">
					<Pivot anchor="top"/>
				</Sprite>
			</SceneObject>
			<SceneObject name="Scrollable">
				<!-- celebration carrot -->
				<SceneObject name="CelebrationCarrot">
					<Transformation>
						<Translation x="0" y="0" z="5.0"/>
					</Transformation>
					<Sprite filename="kingdom-views/tex/ui/kv_img_carrot.png">
						<Pivot anchor="center"/>
					</Sprite>
				</SceneObject>
				
				<!-- text container -->
				<SceneObject name="Container">
					<SceneObject name="AllDoneText">
						<Translation x="0" y="0" z="2.45"/>
						<Text style="KingdomOrangeHeader" key="kingdom_all_done_title" />
					</SceneObject>
					
					<SceneObject name="YouCanNowAccess">
						<Translation x="0" y="0" z="3.45"/>
						<Text style="KingdomGrey" key="kingdom_all_done_confirmation_info" maxWidth="500" />
					</SceneObject>

					<SceneObject name="Separator">
						<Translation x="0" y="0" z="1.0"/>
						<Sprite filename="kingdom-views/tex/ui/kv_divider_line.png">
							<Pivot anchor="top"/>
						</Sprite>
					</SceneObject>

					<SceneObject name="PlayWithFriends">
						<Translation x="0" y="0" z="3.45"/>
						<Text style="KingdomGrey" key="kingdom_signup_play_w_friends" maxWidth="200" />
					</SceneObject>

					<SceneObject name="ButtonFacebookContainer">	
						<SceneObject name="FbFindFriends" class="Button">
							<SceneObject name="ButtonImage">
								<Panel filename="kingdom-views/tex/ui/kv_blue_button.png" vertexColors="true">
									<Pivot anchor="top"/>
									<Insets left="15" top="14" right="15" bottom="26"/>
									<Size width="450" height="96"/>
								</Panel>
							</SceneObject>
							<SceneObject name="ButtonDownImage">
								<Panel filename="kingdom-views/tex/ui/kv_blue_button_down.png" vertexColors="true">
									<Pivot anchor="top"/>
									<Insets left="15" top="14" right="15" bottom="26"/>
									<Size width="450" height="96"/>
								</Panel>
							</SceneObject>
							<SceneObject name="Text">
								<Translation x="0" y="54" z="2.45"/>
								<Scale x="0.9" y="0.9"/>
								<Text style="KingdomButton" key="kingdom_button_find_friends" />
							</SceneObject>
							<SceneObject name="Spinner">
								<Animation name="Idle" animationData="KingdomRotateZ" loopCount="-1"/>
								<Translation x="0" y="43" z="0.0"/>
								<Sprite filename="kingdom-views/tex/ui/white_preloader.png">
									<Pivot anchor="center"/>
								</Sprite>
							</SceneObject>
							<SceneObject name="Checkmark">
								<Translation x="0" y="43" z="0.0"/>
								<Sprite filename="kingdom-views/tex/ui/round_white_check_icon.png">
									<Pivot anchor="center"/>
								</Sprite>
							</SceneObject>
							<SceneObject name="ButtonIcon" visibility="always">
								<Translation x="-157" y="44" z="0.0"/>
								<Panel filename="kingdom-views/tex/ui/fb_icon.png" vertexColors="true">
									<Pivot anchor="right"/>
									<Insets left="0" top="0" right="0" bottom="0"/>
									<Size width="40" height="40"/>
								</Panel>
							</SceneObject>
						</SceneObject>
					</SceneObject>
					
					<SceneObject name="ButtonBackToGame" class="Button CenterHorizontally">
						<SceneObject class="LinkBorder ExcludeFromCenterBoundingBox">
							<Animation name="OnFadeOut" animationData="KingdomFadeOut" loopCount="0"/>
							<Animation name="OnFadeIn" animationData="KingdomFadeIn" loopCount="0"/>
							<SceneObject name="LinkText">
								<Animation name="OnFadeOut" animationData="KingdomFadeOut" loopCount="0"/>
								<Animation name="OnFadeIn" animationData="KingdomFadeIn" loopCount="0"/>
								<Translation x="0" y="54" z="2.45"/>
								<Text style="KingdomGreenButtonBold" key="kingdom_link_not_now" maxWidth="" verticalAlignment=""/>
							</SceneObject>
							<SceneObject name="LinkIcon" visibility="never">
								<Animation name="OnFadeOut" animationData="KingdomFadeOut" loopCount="0"/>
								<Animation name="OnFadeIn" animationData="KingdomFadeIn" loopCount="0"/>
								<Sprite filename="kingdom-views/tex/ui/bg_color.png">
									<Pivot anchor="right"/>
								</Sprite>
							</SceneObject>
							<SceneObject name="LinkSpinner">
								<Animation name="Idle" animationData="KingdomRotateZ" loopCount="-1"/>
								<Translation x="-15" y="0" z="0.0"/>
								<Sprite filename="kingdom-views/tex/ui/grey_preloader.png">
									<Pivot anchor="center"/>
								</Sprite>
							</SceneObject>
						</SceneObject>
					</SceneObject>
				</SceneObject>
 			</SceneObject>
		</SceneObject>
	</SceneObjects>
</Scene>

