<!DOCTYPE Layout SYSTEM "../../../../../../../../core-platform/tools/dtd/layout.dtd">
<Layout>
	<Import filename="kingdom-views/scenes/menu_root_layout.xml"/>
	
	<Object sceneObject="BackgroundContainer">
		<Default>
			<Translation>
				<Y percentage="-39"/>
			</Translation>
			<Size forceUniform="false">
				<Width percentage="100"/>
				<Height percentage="89"/>
			</Size>
		</Default>
	</Object>

	<Object sceneObject="ActivePosition">
		<Portrait>
			<Translation>
				<Y percentage="0" />
			</Translation>
		</Portrait>
		<Landscape>
			<Translation>
				<Y percentage="-9" />
			</Translation>
		</Landscape>
	</Object>

	<Object sceneObject="ContentPosition" />

	<Object sceneObject="LoginMenuPromptEmail" /><!--if you change this also change ContentPosition-->
	
	<Object sceneObject="TitleText">
		<Portrait>
			<Translation>
				<Y percentage="-31"/>
			</Translation>
			<Size forceUniform="true">
				<OriginalSize width="600" height="113"/>
				<Width percentage="100"/>
				<Height percentage="14"/>
			</Size>
		</Portrait>
		<Landscape>
			<Translation>
				<Y percentage="-31"/>
			</Translation>
			<Size forceUniform="true">
				<OriginalSize width="600" height="113"/>
				<Width percentage="100"/>
				<Height percentage="18"/>
			</Size>
		</Landscape>
	</Object>

	<Object sceneObject="EmailInput">
		<Portrait>
			<Translation>
				<Y percentage="-20"/>
			</Translation>
			<Size>
				<OriginalSize width="600" height="80"/>
				<Width percentage="100"/>
				<Height percentage="10"/>
			</Size>
		</Portrait>
		<Landscape>
			<Translation>
				<Y percentage="-21"/>
			</Translation>
			<Size>
				<OriginalSize width="700" height="80"/>
				<Width percentage="100"/>
				<Height percentage="12.5"/>
			</Size>
		</Landscape>
	</Object>
	
	<Object sceneObject="PasswordInput">
		<Portrait>
			<Translation>
				<Y percentage="-8"/>
			</Translation>
			<Size>
				<OriginalSize width="600" height="80"/>
				<Width percentage="100"/>
				<Height percentage="10"/>
			</Size>
		</Portrait>
		<Landscape>
			<Translation>
				<Y percentage="-5"/>
			</Translation>
			<Size>
				<OriginalSize width="700" height="80"/>
				<Width percentage="100"/>
				<Height percentage="12.5"/>
			</Size>
		</Landscape>
	</Object>

	<Object sceneObject="ButtonSignInContainer">
		<Portrait>
			<Translation>
				<Y percentage="0"/>
			</Translation>
			<Size forceUniform="true">
                <OriginalSize width="450" height="96"/>
				<Width percentage="70"/>
            </Size>
		</Portrait>
		<Landscape>
			<Translation>
				<Y percentage="5"/>
			</Translation>
			<Size forceUniform="true">
				<OriginalSize width="450" height="96"/>
				<Height percentage="15"/>
            </Size>
		</Landscape>
	</Object>
	
	<Object sceneObject="SeparatorLeft">
		<Portrait>
			<Size forceUniform="false">
				<Width percentage="60"/>
				<Height percentage="5"/>
			</Size>
			<Translation>
				<Y percentage="130"/>
				<X percentage="-75"/>
			</Translation>
		</Portrait>
		<Landscape>
			<Size forceUniform="false">
				<Width percentage="100"/>
				<Height percentage="4"/>
			</Size>
			<Translation>
				<Y percentage="122"/>
				<X percentage="-115"/>
			</Translation>
		</Landscape>
	</Object>
	
	<Object sceneObject="OrText">
		<Portrait>
			<Translation>
				<Y percentage="140"/>
			</Translation>
		</Portrait>
		<Landscape>
			<Translation>
				<Y percentage="132"/>
			</Translation>
		</Landscape>
	</Object>
	
	<Object sceneObject="SeparatorRight">
		<Portrait>
			<Size forceUniform="false">
				<Width percentage="60"/>
				<Height percentage="5"/>
			</Size>
			<Translation>
				<Y percentage="130"/>
				<X percentage="75"/>
			</Translation>
		</Portrait>
		<Landscape>
			<Size forceUniform="false">
				<Width percentage="100"/>
				<Height percentage="4"/>
			</Size>
			<Translation>
				<Y percentage="122"/>
				<X percentage="115"/>
			</Translation>
		</Landscape>
	</Object>
	
	<Object sceneObject="ButtonFacebookContainer">
		<Portrait>
			<Translation>
				<Y percentage="165"/>
			</Translation>
		</Portrait>
		<Landscape>
			<Translation>
				<Y percentage="147"/>
			</Translation>
		</Landscape>
	</Object>


	<Object sceneObject="ButtonGoogleContainer">
		<GoogleEnabled visible="true"/>
		<GoogleDisabled visible="false"/>
		<Portrait>
			<Translation>
				<Y percentage="285"/>
			</Translation>
		</Portrait>
		<Landscape>
			<Translation>
				<Y percentage="250"/>
			</Translation>
		</Landscape>
	</Object>	
	
	<Object sceneObject="BottomBarContainer">
		<Default>
			<Translation>
				<Y percentage="50"/>
			</Translation>
			<Size forceUniform="true">
				<Width percentage="100"/>
			</Size>
		</Default>
	</Object>
	
	<Import filename="kingdom-views/scenes/userinfo_layout.xml" />
	<Import filename="kingdom-views/scenes/templates/button_link_layout.xml" />
	
</Layout>

