<!DOCTYPE Layout SYSTEM "../../../../../../../../core-platform/tools/dtd/layout.dtd">
<Layout>
    <Import filename="kingdom-views/scenes/menu_root_layout.xml"/>

	<Object sceneObject="ActivePosition">
		<Portrait>
			<Translation>
				<Y percentage="-32" />
			</Translation>
		</Portrait>
		<Landscape>
			<Translation>
				<Y percentage="-38" />
			</Translation>
		</Landscape>
	</Object>

	<Object sceneObject="ContentPosition" />
	
    <Object sceneObject="Content">
        <Default>
            <Translation>
                <Y percentage="-39"/>
            </Translation>
            <Size>
                <Height percentage="89" />
            </Size>
        </Default>
    </Object>

    <Object sceneObject="BackgroundImage">
        <Default>
            <Translation>
                <Y percentage="-39"/>
            </Translation>
            <Size forceUniform="false">
                <Width percentage="100"/>
                <Height percentage="89"/>
            </Size>
        </Default>
    </Object>

    <Object sceneObject="PostStamp">
        <Portrait visible="true">
            <Translation>
                <X percentage="2"/>
                <Y percentage="21"/>
            </Translation>
            <Size forceUniform="true">
                <Width percentage="50"/>
                <Height percentage="30"/>
            </Size>
        </Portrait>
        <Landscape visible="false">
        </Landscape>
    </Object>

    <Object sceneObject="ForgotPasswordQuestion">
        <Portrait>
            <Size forceUniform="true">
                <OriginalSize width="600" height="113"/>
                <Width percentage="100"/>
                <Height percentage="12"/>
            </Size>
            <Translation>
                <Y percentage="43"/>
            </Translation>
        </Portrait>
        <Landscape>
            <Size forceUniform="true">
                <OriginalSize width="600" height="113"/>
                <Width percentage="100"/>
                <Height percentage="18"/>
            </Size>
            <Translation>
                <Y percentage="26"/>
            </Translation>
        </Landscape>
    </Object>

    <Object sceneObject="ForgotPassInfo">
        <Portrait>
            <Translation>
                <Y percentage="50"/>
            </Translation>
            <Size>
                <OriginalSize width="500" height="80"/>
                <Width percentage="100"/>
                <Height percentage="100"/>
            </Size>
        </Portrait>
        <Landscape>
            <Translation>
                <Y percentage="38"/>
            </Translation>
            <Size>
                <OriginalSize width="500" height="80"/>
                <Width percentage="100" />
                <Height percentage="16"/>
            </Size>
        </Landscape>
    </Object>

    <Object sceneObject="EmailInput">
        <Portrait>
            <Translation>
                <Y percentage="62"/>
            </Translation>
            <Size>
                <OriginalSize width="600" height="80"/>
                <Width percentage="100"/>
                <Height percentage="10"/>
            </Size>
        </Portrait>
        <Landscape>
            <Translation>
                <Y percentage="53"/>
            </Translation>
            <Size>
                <OriginalSize width="700" height="80"/>
                <Width percentage="100"/>
                <Height percentage="12.5"/>
            </Size>
        </Landscape>
    </Object>

    <Object sceneObject="ButtonEmail">
        <Portrait>
            <Translation>
                <Y percentage="72"/>
            </Translation>
            <Size forceUniform="true">
                <OriginalSize width="480" height="96"/>
                <Width percentage="80"/>
                <Height percentage="12"/>
            </Size>
        </Portrait>
        <Landscape>
            <Translation>
                <Y percentage="64"/>
            </Translation>
            <Size forceUniform="true">
                <OriginalSize width="480" height="96"/>
                <Width percentage="80"/>
                <Height percentage="17"/>
            </Size>
        </Landscape>
    </Object>

    <Object sceneObject="TapLink">
        <Portrait>
            <Translation>
                <Y percentage="92"/>
            </Translation>
            <Size>
                <OriginalSize width="500" height="80"/>
                <Width percentage="100"/>
                <Height percentage="100"/>
            </Size>
        </Portrait>
        <Landscape>
            <Translation>
                <Y percentage="92"/>
            </Translation>
            <Size>
                <OriginalSize width="500" height="80"/>
                <Width percentage="100" />
                <Height percentage="16"/>
            </Size>
        </Landscape>
    </Object>
</Layout>

