<!DOCTYPE Layout SYSTEM "../../../../../../../../core-platform/tools/dtd/layout.dtd">
<Layout>
    <Import filename="kingdom-views/scenes/menu_root_layout.xml"/>

    <Object sceneObject="BackgroundContainer">
        <Default>
            <Translation>
                <Y percentage="-39"/>
            </Translation>
            <Size forceUniform="false">
                <Width percentage="100"/>
                <Height percentage="89"/>
            </Size>
        </Default>
    </Object>

	<Object sceneObject="NormalPosition"/>

	<Object sceneObject="EmailPosition">
		<Default>
			<Translation>
				<Y percentage="0" />
			</Translation>
		</Default>
	</Object>
	
	<Object sceneObject="PasswordPosition">
		<Default>
			<Translation>
				<Y percentage="-10" />
			</Translation>
		</Default>
	</Object>
	
	<Object sceneObject="FirstNamePosition">
		<Default>
			<Translation>
				<Y percentage="-20" />
			</Translation>
		</Default>
	</Object>
	
	<Object sceneObject="LastNamePosition">
		<Default>
			<Translation>
				<Y percentage="-30" />
			</Translation>
		</Default>
	</Object>
	
    <Object sceneObject="TitleText">
        <Default>
            <Translation>
                <Y percentage="-31"/>
            </Translation>
            <Size forceUniform="true">
                <OriginalSize width="600" height="113"/>
                <Width percentage="100"/>
                <Height percentage="14"/>
            </Size>
        </Default>
    </Object>

    <Object sceneObject="MessageText">
        <Default>
            <Translation>
                <Y percentage="-24"/>
            </Translation>
            <Size forceUniform="true">
                <OriginalSize width="550" height="80"/>
                <Width percentage="94"/>
                <Height percentage="14"/>
            </Size>
        </Default>
    </Object>

    <Object sceneObject="EmailInput">
        <Default>
            <Translation>
                <Y percentage="-22"/>
            </Translation>
            <Size>
                <OriginalSize width="600" height="80"/>
                <Width percentage="100"/>
                <Height percentage="10"/>
            </Size>
        </Default>
    </Object>

    <Object sceneObject="PasswordInput">
        <Portrait>
            <Translation>
                <Y percentage="-11"/>
            </Translation>
            <Size>
                <OriginalSize width="600" height="80"/>
                <Width percentage="100"/>
                <Height percentage="10"/>
            </Size>
        </Portrait>
        <Landscape>
            <Translation>
                <Y percentage="-9"/>
            </Translation>
            <Size>
                <OriginalSize width="600" height="80"/>
                <Width percentage="100"/>
                <Height percentage="10"/>
            </Size>
        </Landscape>
    </Object>

    <Object sceneObject="FirstNameInput">
        <Portrait>
            <Translation>
                <Y percentage="0"/>
            </Translation>
            <Size>
                <OriginalSize width="600" height="80"/>
                <Width percentage="100"/>
                <Height percentage="10"/>
            </Size>
        </Portrait>
        <Landscape>
            <Translation>
                <Y percentage="4"/>
            </Translation>
            <Size>
                <OriginalSize width="600" height="80"/>
                <Width percentage="100"/>
                <Height percentage="10"/>
            </Size>
        </Landscape>
    </Object>

    <Object sceneObject="LastNameInput">
        <Portrait>
            <Translation>
                <Y percentage="11"/>
            </Translation>
            <Size>
                <OriginalSize width="600" height="80"/>
                <Width percentage="100"/>
                <Height percentage="10"/>
            </Size>
        </Portrait>
        <Landscape>
            <Translation>
                <Y percentage="17"/>
            </Translation>
            <Size>
                <OriginalSize width="600" height="80"/>
                <Width percentage="100"/>
                <Height percentage="10"/>
            </Size>
        </Landscape>
    </Object>

    <Object sceneObject="ButtonFinishContainer">
        <Portrait>
            <Translation>
                <Y percentage="19"/>
            </Translation>
            <Size forceUniform="true">
                <OriginalSize width="450" height="96"/>
				<Width percentage="70"/>
            </Size>
        </Portrait>
        <Landscape>
            <Translation>
                <Y percentage="27"/>
            </Translation>
            <Size forceUniform="true">
				<OriginalSize width="450" height="96"/>
				<Height percentage="15"/>
            </Size>
        </Landscape>
    </Object>


    <Object sceneObject="BottomBarContainer">
        <Default>
            <Translation>
                <Y percentage="50"/>
            </Translation>
            <Size forceUniform="true">
                <Width percentage="100"/>
            </Size>
        </Default>
    </Object>

</Layout>

