<!DOCTYPE Layout SYSTEM "../../../../../../../../core-platform/tools/dtd/layout.dtd">
<Layout>
	<Import filename="kingdom-views/scenes/menu_root_layout.xml"/>
	
	<Object sceneObject="ActivePosition">
		<Portrait>
			<Translation>
				<Y percentage="-20" />
			</Translation>
		</Portrait>
		<Landscape>
			<Translation>
				<Y percentage="-38" />
			</Translation>
		</Landscape>
	</Object>

	<Object sceneObject="ContentPosition" />

	<Object sceneObject="Content" /><!--if you change this also change ContentPosition-->
	
	<Object sceneObject="ErrorDisplayContainer">
		<Default>
			<Translation>
				<Y percentage="-39"/>
			</Translation>
			<Size forceUniform="false">
				<Width percentage="100"/>
				<Height percentage="9"/>
			</Size>
		</Default>
	</Object>
	
	<Import filename="kingdom-views/scenes/error_display_layout.xml" />
	
	<Object sceneObject="BackgroundContainer">
		<Default>
			<Translation>
				<Y percentage="-39"/>
			</Translation>
			<Size forceUniform="false">
				<Width percentage="100"/>
				<Height percentage="89"/>
			</Size>
		</Default>
	</Object>
	
	<Object sceneObject="TitleTextContainer">
		<Default>
			<Size>
				<OriginalSize width="600" height="113"/>
				<Width percentage="100"/>
				<Height percentage="14"/>
			</Size>
		</Default>
		<Portrait>
			<Translation>
				<Y percentage="-27"/>
			</Translation>
		</Portrait>
		<Landscape>
			<Translation>
				<Y percentage="-30"/>
			</Translation>
		</Landscape>
	</Object>
	
	<Object sceneObject="AvatarListContainer">
		<Portrait>
			<Translation>
				<Y percentage="-4" />
			</Translation>
			<Size forceUniform="true">
				<OriginalSize width="100" height="80"/>
				<Width percentage="100" />
				<Height percentage="8"/>
			</Size>
		</Portrait>
		
		<Landscape>
			<Translation>
				<Y percentage="-4.5" />
			</Translation>
			<Size forceUniform="true">
				<OriginalSize width="100" height="90"/>
				<Width percentage="100" />
				<Height percentage="11"/>
			</Size>
		</Landscape>
	</Object>

	<Object sceneObject="UserFirstNameInputContainer">
		<Portrait>
			<Translation>
				<Y percentage="3"/>
			</Translation>
			<Size>
				<OriginalSize width="600" height="80"/>
				<Width percentage="100"/>
				<Height percentage="10"/>
			</Size>
		</Portrait>

		<Landscape>
			<Translation>
				<Y percentage="5"/>
			</Translation>
			<Size>
				<OriginalSize width="700" height="80"/>
				<Width percentage="100"/>
				<Height percentage="10.5"/>
			</Size>
		</Landscape>
	</Object>

	<Object sceneObject="UserLastNameInputContainer">
		<Portrait>
			<Translation>
				<Y percentage="16"/>
			</Translation>
			<Size>
				<OriginalSize width="600" height="80"/>
				<Width percentage="100"/>
				<Height percentage="10"/>
			</Size>
		</Portrait>

		<Landscape>
			<Translation>
				<Y percentage="19"/>
			</Translation>
			<Size>
				<OriginalSize width="700" height="80"/>
				<Width percentage="100"/>
				<Height percentage="10.5"/>
			</Size>
		</Landscape>
	</Object>


	<Object sceneObject="SaveButtonContainer">
		<Portrait>
			<Translation>
				<Y percentage="24"/>
			</Translation>
			 <Size forceUniform="true">
                <OriginalSize width="450" height="96"/>
				<Width percentage="75"/>
            </Size>
		</Portrait>
		<Landscape>
			<Translation>
				<Y percentage="28"/>
			</Translation>
			<Size forceUniform="true">
				<OriginalSize width="450" height="96"/>
				<Height percentage="14"/>
            </Size>
		</Landscape>
	</Object>	

	<Object sceneObject="ButtonSave">
		<Portrait>
			<Size>
				<Width percentage="80"/>
				<Height percentage="10"/>
			</Size>
		</Portrait>
		<Landscape>
			<Size forceUniform="true">
				<Width percentage="100"/>
				<Height percentage="50"/>
			</Size>
		</Landscape>
	</Object>
	
	<Object sceneObject="ErrorMessage">
		<Portrait>
			<Translation>
				<Y percentage="39" />
			</Translation>
		</Portrait>
		<Landscape>
			<Translation>
				<Y percentage="46" />
			</Translation>
		</Landscape>
	</Object>

	<Object sceneObject="SuccessMessage">
		<Portrait>
			<Translation>
				<Y percentage="39" />
			</Translation>
		</Portrait>
		<Landscape>
			<Translation>
				<Y percentage="46" />
			</Translation>
		</Landscape>
	</Object>
	
	<Object sceneObject="ErrorMessageText">
		<Portrait>
			<Size forceUniform="true">
				<OriginalSize width="500" height="80"/>
				<Width percentage="100"/>
				<Height percentage="100"/>
			</Size>
		</Portrait>
		<Landscape>
			<Size forceUniform="true">
				<OriginalSize width="500" height="80"/>
				<Width percentage="100"/>
				<Height percentage="12"/>
			</Size>
		</Landscape>
	</Object>
	
	<Object sceneObject="SuccessMessageText">
		<Portrait>
			<Size forceUniform="true">
				<OriginalSize width="500" height="80"/>
				<Width percentage="100"/>
				<Height percentage="100"/>
			</Size>
		</Portrait>
		<Landscape>
			<Size forceUniform="true">
				<OriginalSize width="500" height="80"/>
				<Width percentage="100"/>
				<Height percentage="12"/>
			</Size>
		</Landscape>
	</Object>
	
	<Object sceneObject="FailIcon">
		<Portrait>
			<Size forceUniform="true">
				<Height percentage="4.5"/>
			</Size>
		</Portrait>
		<Landscape>
			<Size forceUniform="true">
				<Height percentage="6.5"/>
			</Size>
		</Landscape>
  	</Object>

	<Object sceneObject="SuccessIcon">
		<Portrait>
			<Size forceUniform="true">
				<Height percentage="4.5"/>
			</Size>
		</Portrait>
		<Landscape>
			<Size forceUniform="true">
				<Height percentage="6.5"/>
			</Size>
		</Landscape>
  	</Object>

</Layout>

