<!-- <!DOCTYPE Layout SYSTEM "../../../../../../../../core-platform/tools/dtd/layout.dtd"> -->
<Layout>
	<Import filename="kingdom-views/scenes/menu_root_layout.xml"/>

	<Object sceneObject="BackgroundContainer">
		<Default>
			<Translation>
				<Y percentage="-39"/>
			</Translation>
			<Size forceUniform="false">
				<Width percentage="100"/>
				<Height percentage="89"/>
			</Size>
		</Default>
	</Object>

	<Object sceneObject="OnboardingCarouselContainer">
		<Portrait>
			<Translation>
				<Y percentage="-39"/>
			</Translation>
			<Size forceUniform="false">
				<Width percentage="100"/>
				<Height percentage="45"/>
			</Size>
		</Portrait>
		<Landscape>
			<Translation>
				<Y percentage="-39"/>
			</Translation>
			<Size forceUniform="false">
				<Width percentage="100"/>
				<Height percentage="30"/>
			</Size>
		</Landscape>
	</Object>

	<Object sceneObject="OnboardingBg">
		<Default>
			<Size forceUniform="false">
				<Width percentage="100"/>
				<Height percentage="100"/>
			</Size>
		</Default>
	</Object>
	
	<Object sceneObject="Cloud1">
		<Portrait>
			<Translation>
				<Y percentage="80"/>
				<X percentage="-35"/>
			</Translation>
			<Size>
				<Width percentage="20"/>
				<Height percentage="8"/>
			</Size>
		</Portrait>
		<Landscape>
			<Translation>
				<Y percentage="80"/>
				<X percentage="-35"/>
			</Translation>
			<Size>
				<Width percentage="20"/>
				<Height percentage="8"/>
			</Size>
		</Landscape>
	</Object>
	
	<Object sceneObject="Cloud2">
		<Portrait>
			<Translation>
				<Y percentage="82"/>
				<X percentage="37"/>
			</Translation>
			<Size>
				<Width percentage="30"/>
				<Height percentage="8"/>
			</Size>
		</Portrait>
		<Landscape>
			<Translation>
				<Y percentage="78"/>
				<X percentage="43"/>
			</Translation>
			<Size>
				<Width percentage="25"/>
				<Height percentage="15"/>
			</Size>
		</Landscape>
	</Object>
	
	<Object sceneObject="Islands1">
		<Portrait>
			<Translation>
				<Y percentage="100"/>
				<X percentage="-40"/>
			</Translation>
			<Size forceUniform="false">
				<Width percentage="30"/>
				<Height percentage="15"/>
			</Size>
		</Portrait>
		<Landscape>
			<Translation>
				<Y percentage="100"/>
				<X percentage="-45"/>
			</Translation>
			<Size forceUniform="false">
				<Width percentage="27"/>
				<Height percentage="35"/>
			</Size>
		</Landscape>
	</Object>

	<Object sceneObject="Islands2">
		<Portrait>
			<Translation>
				<Y percentage="100"/>
				<X percentage="40"/>
			</Translation>
			<Size forceUniform="false">
				<Width percentage="30"/>
				<Height percentage="15"/>
			</Size>
		</Portrait>
		<Landscape>
			<Translation>
				<Y percentage="100"/>
				<X percentage="45"/>
			</Translation>
			<Size forceUniform="false">
				<Width percentage="27"/>
				<Height percentage="30"/>
			</Size>
		</Landscape>
	</Object>
	
	<Object sceneObject="Islands3">
		<Portrait visible="false"/>
		<Landscape visible="true">
			<Translation>
				<Y percentage="100"/>
				<X percentage="-20"/>
			</Translation>
			<Size forceUniform="false">
				<Width percentage="15"/>
				<Height percentage="12"/>
			</Size>
		</Landscape>
	</Object>
	
	<Object sceneObject="OnboardingBottom">
		<Portrait>
			<Translation>
				<Y percentage="100"/>
			</Translation>
			<Size forceUniform="false">
				<Width percentage="100"/>
				<Height percentage="5"/>
			</Size>
		</Portrait>
		<Landscape>
			<Translation>
				<Y percentage="100"/>
			</Translation>
			<Size forceUniform="false">
				<Width percentage="100"/>
				<Height percentage="10"/>
			</Size>
		</Landscape>
	</Object>
	
	<Object sceneObject="Page1Text">
		<Portrait>
			<Translation>
				<Y percentage="20"/>
			</Translation>
			<Size forceUniform="true">
				<Width percentage="90"/>
				<Height percentage="20"/>
			</Size>
		</Portrait>
		<Landscape>
			<Translation>
				<Y percentage="50"/>
			</Translation>
			<Size forceUniform="true">
				<Width percentage="70"/>
				<Height percentage="50"/>
			</Size>
		</Landscape>
	</Object>
	
	<Object sceneObject="Page1Pic">
		<Default>
			<Translation>
				<Y percentage="30"/>
			</Translation>
			<Size forceUniform="true">
				<Width percentage="70"/>
				<Height percentage="40"/>
			</Size>
		</Default>
		<Landscape visible="false"/>
	</Object>
	
	<Object sceneObject="Page2Text">
		<Portrait>
			<Translation>
				<Y percentage="20"/>
			</Translation>
			<Size forceUniform="true">
				<Width percentage="90"/>
				<Height percentage="20"/>
			</Size>
		</Portrait>
		<Landscape>
			<Translation>
				<Y percentage="50"/>
			</Translation>
			<Size forceUniform="true">
				<Width percentage="70"/>
				<Height percentage="50"/>
			</Size>
		</Landscape>
	</Object>
	
	<Object sceneObject="Page2Pic">
		<Default>
			<Translation>
				<Y percentage="30"/>
			</Translation>
			<Size forceUniform="true">
				<Width percentage="70"/>
				<Height percentage="40"/>
			</Size>
		</Default>
		<Landscape visible="false"/>
	</Object>
	
	<Object sceneObject="Page0Text">
		<Portrait>
			<Translation>
				<Y percentage="20"/>
			</Translation>
			<Size forceUniform="true">
				<Width percentage="90"/>
				<Height percentage="20"/>
			</Size>
		</Portrait>
		<Landscape>
			<Translation>
				<Y percentage="50"/>
			</Translation>
			<Size forceUniform="true">
				<Width percentage="70"/>
				<Height percentage="50"/>
			</Size>
		</Landscape>
	</Object>
	
	<Object sceneObject="Page0Pic">
		<Default>
			<Translation>
				<Y percentage="30"/>
			</Translation>
			<Size forceUniform="true">
				<Width percentage="70"/>
				<Height percentage="40"/>
			</Size>
		</Default>
		<Landscape visible="false"/>
	</Object>
	
	<Object sceneObject="PaginationContainer">
		<Portrait>
			<Translation>
				<Y percentage="90"/>
			</Translation>
			<Size forceUniform="false">
				<Width percentage="40"/>
				<Height percentage="2.85"/>
			</Size>
		</Portrait>
		<Landscape>
			<Translation>
				<Y percentage="90"/>
			</Translation>
			<Size forceUniform="false">
				<Width percentage="25"/>
				<Height percentage="6"/>
			</Size>
		</Landscape>
	</Object>
	
	<Object sceneObject="Page0Active">
		<Default>
			<Translation>
				<X percentage="-13"/>
			</Translation>
			<Size forceUniform="false">
				<Width percentage="5"/>
				<Height percentage="100"/>
			</Size>
		</Default>
	</Object>
	
	<Object sceneObject="Page0Inactive">
		<Default>
			<Translation>
				<X percentage="-13"/>
			</Translation>
			<Size forceUniform="false">
				<Width percentage="5"/>
				<Height percentage="100"/>
			</Size>
		</Default>
	</Object>
	
	<Object sceneObject="Page1Active">
		<Default>
			<Translation>
				<X percentage="0"/>
			</Translation>
			<Size forceUniform="false">
				<Width percentage="5"/>
				<Height percentage="100"/>
			</Size>
		</Default>
	</Object>
	
	<Object sceneObject="Page1Inactive">
		<Default>
			<Translation>
				<X percentage="0"/>
			</Translation>
			<Size forceUniform="false">
				<Width percentage="5"/>
				<Height percentage="100"/>
			</Size>
		</Default>
	</Object>
	
	<Object sceneObject="Page2Active">
		<Default>
			<Translation>
				<X percentage="13"/>
			</Translation>
			<Size forceUniform="false">
				<Width percentage="5"/>
				<Height percentage="100"/>
			</Size>
		</Default>
	</Object>
	
	<Object sceneObject="Page2Inactive">
		<Default>
			<Translation>
				<X percentage="13"/>
			</Translation>
			<Size forceUniform="false">
				<Width percentage="5"/>
				<Height percentage="100"/>
			</Size>
		</Default>
	</Object>
	
	<!-- Facebook and Email -->
	
	<Object sceneObject="ButtonGraphContainer">
		<GoogleEnabled visible="false"/>
		<GoogleDisabled visible="true"/>
		<Portrait>
			<Translation>
				<Y percentage="10"/>
			</Translation>
			<Size forceUniform="true">
				<OriginalSize width="450" height="96"/>
				<Width percentage="70"/>
			</Size>
		</Portrait>
		<Landscape>
			<Translation>
				<Y percentage="-6"/>
			</Translation>
			<Size forceUniform="true">
				<OriginalSize width="450" height="96"/>
				<Height percentage="15"/>
			</Size>
		</Landscape>
	</Object>

	<Object sceneObject="SeparatorLeft">
		<Portrait>
			<Size forceUniform="false">
				<Width percentage="60"/>
				<Height percentage="5"/>
			</Size>
			<Translation>
				<Y percentage="130"/>
				<X percentage="-75"/>
			</Translation>
		</Portrait>
		<Landscape>
			<Size forceUniform="false">
				<Width percentage="100"/>
				<Height percentage="4"/>
			</Size>
			<Translation>
				<Y percentage="122"/>
				<X percentage="-115"/>
			</Translation>
		</Landscape>
	</Object>
	
	<Object sceneObject="OrText">
		<Portrait>
			<Translation>
				<Y percentage="140"/>
			</Translation>
		</Portrait>
		<Landscape>
			<Translation>
				<Y percentage="132"/>
			</Translation>
		</Landscape>
	</Object>
	
	<Object sceneObject="SeparatorRight">
		<Portrait>
			<Size forceUniform="false">
				<Width percentage="60"/>
				<Height percentage="5"/>
			</Size>
			<Translation>
				<Y percentage="130"/>
				<X percentage="75"/>
			</Translation>
		</Portrait>
		<Landscape>
			<Size forceUniform="false">
				<Width percentage="100"/>
				<Height percentage="4"/>
			</Size>
			<Translation>
				<Y percentage="122"/>
				<X percentage="115"/>
			</Translation>
		</Landscape>
	</Object>
	
	<Object sceneObject="ButtonEmailContainer">
		<Portrait>
			<Translation>
				<Y percentage="165"/>
			</Translation>
		</Portrait>
		<Landscape>
			<Translation>
				<Y percentage="147"/>
			</Translation>
		</Landscape>
	</Object>
	<!-- End of Facebook and Email-->
	
	<!-- Facebook, Google and Email -->
				
	<Object sceneObject="WGoogleButtonGraphContainer">
		<GoogleEnabled visible="true"/>
		<GoogleDisabled visible="false"/>
		<Portrait>
			<Translation>
				<Y percentage="7.5"/>
			</Translation>
			<Size forceUniform="true">
				<OriginalSize width="450" height="96"/>
				<Width percentage="70"/>
			</Size>
		</Portrait>
		<Landscape>
			<Translation>
				<Y percentage="-8"/>
			</Translation>
			<Size forceUniform="true">
				<OriginalSize width="450" height="96"/>
				<Height percentage="15"/>
			</Size>
		</Landscape>
	</Object>

	<Object sceneObject="WGoogleButtonGoogleContainer">
		<Portrait>
			<Translation>
				<Y percentage="95"/>
			</Translation>
		</Portrait>
		<Landscape>
			<Translation>
				<Y percentage="92"/>
			</Translation>
		</Landscape>
	</Object>
	
	<Object sceneObject="WGoogleSeparatorLeft">
		<Portrait visible="true">
			<Size forceUniform="false">
				<Width percentage="60"/>
				<Height percentage="5"/>
			</Size>
			<Translation>
				<Y percentage="200"/>
				<X percentage="-75"/>
			</Translation>
		</Portrait>
		<Landscape visible="false"/>
	</Object>
	
	<Object sceneObject="WGoogleOrText">
		<Portrait visible="true">
			<Translation>
				<Y percentage="210"/>
			</Translation>
		</Portrait>
		<Landscape visible="false"/>
	</Object>
	
	<Object sceneObject="WGoogleSeparatorRight">
		<Portrait visible="true">
			<Size forceUniform="false">
				<Width percentage="60"/>
				<Height percentage="5"/>
			</Size>
			<Translation>
				<Y percentage="200"/>
				<X percentage="75"/>
			</Translation>
		</Portrait>
		<Landscape visible="false"/>
	</Object>
	
	<Object sceneObject="WGoogleButtonEmailContainer">
		<Portrait>
			<Translation>
				<Y percentage="220"/>
			</Translation>
		</Portrait>
		<Landscape>
			<Translation>
				<Y percentage="184"/>
			</Translation>
		</Landscape>
	</Object>
	
	<!-- End of Facebook, Google and Email -->
	
	<Object sceneObject="ButtonViewTerms">
		<Portrait>
			<Size forceUniform="true">
				<OriginalSize width="500" height="140"/>
				<Height percentage="15"/>
			</Size>
			<Translation>
				<Y percentage="41"/>
			</Translation>
		</Portrait>
		<Landscape>
			<Size forceUniform="true">
				<OriginalSize width="250" height="90"/>
				<Height percentage="15"/>
			</Size>
			<Translation>
				<Y percentage="38"/>
			</Translation>
		</Landscape>
	</Object>

	<Object sceneObject="ButtonSignIn">
		<Portrait>
			<Translation>
				<Y percentage="46"/>
			</Translation>
			<Size forceUniform="true">
				<Width percentage="20"/>
				<Height percentage="3.5"/>
			</Size>
		</Portrait>
		<Landscape>
			<Translation>
				<Y percentage="45"/>
			</Translation>
			<Size forceUniform="true">
				<Width percentage="20"/>
				<Height percentage="5"/>
			</Size>
		</Landscape>
	</Object>
	
	<Import filename="kingdom-views/scenes/templates/button_link_layout.xml" />
</Layout>

