<!DOCTYPE Scene SYSTEM "../../../../../../../../core-platform/tools/dtd/scene.dtd">
<Scene>
	<SceneObjects>
		<Import filename="kingdom-views/scenes/menu_root.xml"/>
		<SceneObject name="MenuRoot">
		
			<SceneObject name="BackgroundContainer">
				<Sprite filename="kingdom-views/tex/ui/bg_color.png">
					<Pivot anchor="top"/>
				</Sprite>
			</SceneObject>
			
			<SceneObject name="Scrollable">
				<SceneObject name="OnboardingCarouselContainer" class="Button">
					<SceneObject name="OnboardingBg">
						<Sprite filename="kingdom-views/tex/ui/kv_onboarding_bg.png">
							<Pivot anchor="top"/>
						</Sprite>
					</SceneObject>
					<SceneObject name="Cloud1">
						<Sprite filename="kingdom-views/tex/ui/kv_cloud1.png">
							<Pivot anchor="top"/>
						</Sprite>
					</SceneObject>
					<SceneObject name="Cloud2">
						<Sprite filename="kingdom-views/tex/ui/kv_cloud2.png">
							<Pivot anchor="top"/>
						</Sprite>
					</SceneObject>
					<SceneObject name="Islands1">
						<Panel filename="kingdom-views/tex/ui/kv_islands_1.png">
							<Pivot anchor="bottom"/>
							<Insets left="0" top="0" right="0" bottom="0"/>
							<Size width="348" height="89"/>
						</Panel>
					</SceneObject>
					<SceneObject name="Islands2">
						<Panel filename="kingdom-views/tex/ui/kv_islands_2.png">
							<Pivot anchor="bottom"/>
							<Insets left="0" top="0" right="0" bottom="0"/>
							<Size width="397" height="100"/>
						</Panel>
					</SceneObject>
					<SceneObject name="Islands3">
						<Panel filename="kingdom-views/tex/ui/kv_islands_2.png">
							<Pivot anchor="bottom"/>
							<Insets left="0" top="0" right="0" bottom="0"/>
							<Size width="397" height="100"/>
						</Panel>
					</SceneObject>
					<SceneObject name="OnboardingBottom">
						<Panel filename="kingdom-views/tex/ui/kv_footerbend.png">
							<Pivot anchor="bottom"/>
							<Insets left="0" top="0" right="0" bottom="0"/>
							<Size width="750" height="25"/>
						</Panel>
					</SceneObject>
					<!-- Device -->
					<SceneObject name="Page1Text">
						<Translation x="0" y="0" z="2.45"/>
						<Text key="kingdom_onboarding_synchronize" style="KingdomOrangeHeader" maxWidth="550" allowWordWrapping="true"/>
					</SceneObject>
					<SceneObject name="Page1Pic">
						<Sprite filename="kingdom-views/tex/ui/kv_devices.png">
							<Pivot anchor="top"/>
						</Sprite>
					</SceneObject>
					<!-- Game -->
					<SceneObject name="Page2Text">
						<Translation x="0" y="0" z="2.45"/>
						<Text key="kingdom_onboarding_quick_signup" style="KingdomOrangeHeader" maxWidth="550" allowWordWrapping="true"/>
					</SceneObject>
					<SceneObject name="Page2Pic">
						<Sprite filename="kingdom-views/tex/ui/kv_games.png">
							<Pivot anchor="top"/>
						</Sprite>
					</SceneObject>
					<!-- Map-->
					<SceneObject name="Page0Text">
						<Translation x="0" y="0" z="2.45"/>
						<Text key="kingdom_onboarding_interact" style="KingdomOrangeHeader" maxWidth="578" allowWordWrapping="true"/>
					</SceneObject>
					<SceneObject name="Page0Pic">
						<Sprite filename="kingdom-views/tex/ui/kv_map.png">
							<Pivot anchor="top"/>
						</Sprite>
					</SceneObject>
					
					<SceneObject name="PaginationContainer">
						<SceneObject name="Page0Active">
							<Sprite filename="kingdom-views/tex/ui/kv_pagination_active.png">
								<Pivot anchor="center"/>
							</Sprite>
						</SceneObject>
						<SceneObject name="Page0Inactive">
							<Sprite filename="kingdom-views/tex/ui/kv_pagination_inactive.png">
								<Pivot anchor="center"/>
							</Sprite>
						</SceneObject>
						<SceneObject name="Page1Active">
							<Sprite filename="kingdom-views/tex/ui/kv_pagination_active.png">
								<Pivot anchor="center"/>
							</Sprite>
						</SceneObject>
						<SceneObject name="Page1Inactive">
							<Sprite filename="kingdom-views/tex/ui/kv_pagination_inactive.png">
								<Pivot anchor="center"/>
							</Sprite>
						</SceneObject>
						<SceneObject name="Page2Active">
							<Sprite filename="kingdom-views/tex/ui/kv_pagination_active.png">
								<Pivot anchor="center"/>
							</Sprite>
						</SceneObject>
						<SceneObject name="Page2Inactive">
							<Sprite filename="kingdom-views/tex/ui/kv_pagination_inactive.png">
								<Pivot anchor="center"/>
							</Sprite>
						</SceneObject>
					</SceneObject>
				</SceneObject>
	
				<!-- With Facebook and Email -->
				<SceneObject name="ButtonGraphContainer">
					<SceneObject name="ButtonFacebookContainer">		
						<SceneObject name="ButtonFacebook" class="Button">
							<SceneObject name="ButtonImage">
								<Panel filename="kingdom-views/tex/ui/kv_blue_button.png" vertexColors="true">
									<Pivot anchor="top"/>
									<Insets left="15" top="14" right="15" bottom="26"/>
									<Size width="550" height="96"/>
								</Panel>
							</SceneObject>
							<SceneObject name="ButtonDownImage">
								<Panel filename="kingdom-views/tex/ui/kv_blue_button_down.png" vertexColors="true">
									<Pivot anchor="top"/>
									<Insets left="15" top="14" right="15" bottom="26"/>
									<Size width="550" height="96"/>
								</Panel>
							</SceneObject>
							<SceneObject name="Text">
								<Translation x="0" y="56" z="2.45"/>
								<Text style="KingdomButton" key="kingdom_btn_facebook_long" maxWidth="400" maxHeight="40" overflowBehaviour="fit" allowWordWrapping="false"/>
							</SceneObject>
							<SceneObject name="Spinner">
								<Animation name="Idle" animationData="KingdomRotateZ" loopCount="-1"/>
								<Translation x="0" y="43" z="0.0"/>
								<Sprite filename="kingdom-views/tex/ui/white_preloader.png">
									<Pivot anchor="center"/>
								</Sprite>
							</SceneObject>
							<SceneObject name="Checkmark">
								<Translation x="0" y="43" z="0.0"/>
								<Sprite filename="kingdom-views/tex/ui/round_white_check_icon.png">
									<Pivot anchor="center"/>
								</Sprite>
							</SceneObject>
							<SceneObject name="ButtonIcon" visibility="always">
								<Translation x="-210" y="44" z="0.0"/>
								<Panel filename="kingdom-views/tex/ui/fb_icon.png" vertexColors="true">
									<Pivot anchor="right"/>
									<Insets left="0" top="0" right="0" bottom="0"/>
									<Size width="40" height="40"/>
								</Panel>
							</SceneObject>
						</SceneObject>
					</SceneObject>	
					
					<SceneObject name="SeparatorLeft">
						<Translation x="0" y="0" z="1.0"/>
						<Sprite filename="kingdom-views/tex/ui/kv_divider_line.png">
							<Pivot anchor="left"/>
						</Sprite>
					</SceneObject>
				
					<SceneObject name="OrText">
						<Translation x="0" y="0" z="3.45"/>
						<Text maxWidth="500" key="kingdom_or" style="KingdomGrey"/>
					</SceneObject>

					<SceneObject name="SeparatorRight">
						<Translation x="0" y="0" z="1.0"/>
						<Sprite filename="kingdom-views/tex/ui/kv_divider_line.png">
							<Pivot anchor="right"/>
						</Sprite>
					</SceneObject>
				
					<SceneObject name="ButtonEmailContainer">
						<SceneObject name="ButtonEmail" class="Button">
							<SceneObject name="ButtonImage">
								<Panel filename="kingdom-views/tex/ui/kv_orange_button.png" vertexColors="true">
									<Pivot anchor="top"/>
									<Insets left="15" top="14" right="15" bottom="26"/>
									<Size width="550" height="96"/>
								</Panel>
							</SceneObject>
							<SceneObject name="ButtonDownImage">
								<Panel filename="kingdom-views/tex/ui/kv_orange_button_down.png" vertexColors="true">
									<Pivot anchor="top"/>
									<Insets left="15" top="14" right="15" bottom="26"/>
									<Size width="550" height="96"/>
								</Panel>
							</SceneObject>
							<SceneObject name="Text">
								<Translation x="0" y="56" z="2.45"/>
								<Text style="KingdomButton" key="kingdom_btn_email_long" maxWidth="400" maxHeight="40" overflowBehaviour="fit" allowWordWrapping="false"/>
							</SceneObject>
							<SceneObject name="Spinner">
								<Animation name="Idle" animationData="KingdomRotateZ" loopCount="-1"/>
								<Translation x="0" y="43" z="0.0"/>
								<Sprite filename="kingdom-views/tex/ui/white_preloader.png">
									<Pivot anchor="center"/>
								</Sprite>
							</SceneObject>
							<SceneObject name="Checkmark">
								<Translation x="0" y="43" z="0.0"/>
								<Sprite filename="kingdom-views/tex/ui/round_white_check_icon.png">
									<Pivot anchor="center"/>
								</Sprite>
							</SceneObject>
							<SceneObject name="ButtonIcon" visibility="always">
								<Translation x="-210" y="44" z="0.0"/>
								<Panel filename="kingdom-views/tex/ui/Kingdom_icon.png" vertexColors="true">
									<Pivot anchor="right"/>
									<Insets left="0" top="0" right="0" bottom="0"/>
									<Size width="40" height="40"/>
								</Panel>
							</SceneObject>
						</SceneObject>
					</SceneObject>
				</SceneObject>-->
				
				<!-- With Facebook, Google and Email -->
				
				<SceneObject name="WGoogleButtonGraphContainer">
					<SceneObject name="WGoogleButtonFacebookContainer">		
						<SceneObject name="WGoogleButtonFacebook" class="Button">
							<SceneObject name="ButtonImage">
								<Panel filename="kingdom-views/tex/ui/kv_blue_button.png" vertexColors="true">
									<Pivot anchor="top"/>
									<Insets left="15" top="14" right="15" bottom="26"/>
									<Size width="550" height="86"/>
								</Panel>
							</SceneObject>
							<SceneObject name="ButtonDownImage">
								<Panel filename="kingdom-views/tex/ui/kv_blue_button_down.png" vertexColors="true">
									<Pivot anchor="top"/>
									<Insets left="15" top="14" right="15" bottom="26"/>
									<Size width="550" height="86"/>
								</Panel>
							</SceneObject>
							<SceneObject name="Text">
								<Translation x="0" y="51" z="2.45"/>
								<Text style="KingdomButton" key="kingdom_btn_facebook_long" maxWidth="400" maxHeight="40" overflowBehaviour="fit" allowWordWrapping="false"/>
							</SceneObject>
							<SceneObject name="Spinner">
								<Animation name="Idle" animationData="KingdomRotateZ" loopCount="-1"/>
								<Translation x="0" y="38" z="0.0"/>
								<Sprite filename="kingdom-views/tex/ui/white_preloader.png">
									<Pivot anchor="center"/>
								</Sprite>
							</SceneObject>
							<SceneObject name="Checkmark">
								<Translation x="0" y="38" z="0.0"/>
								<Sprite filename="kingdom-views/tex/ui/round_white_check_icon.png">
									<Pivot anchor="center"/>
								</Sprite>
							</SceneObject>
							<SceneObject name="ButtonIcon" visibility="always">
								<Translation x="-210" y="39" z="0.0"/>
								<Panel filename="kingdom-views/tex/ui/fb_icon.png" vertexColors="true">
									<Pivot anchor="right"/>
									<Insets left="0" top="0" right="0" bottom="0"/>
									<Size width="40" height="40"/>
								</Panel>
							</SceneObject>
						</SceneObject>
					</SceneObject>	
				
					<SceneObject name="WGoogleButtonGoogleContainer">
						<SceneObject name="WGoogleButtonGoogle" class="Button">
							<SceneObject name="ButtonImage">
								<Panel filename="kingdom-views/tex/ui/kv_google_signin_button.png" vertexColors="true">
									<Pivot anchor="top"/>
									<Insets left="15" top="14" right="15" bottom="26"/>
									<Size width="550" height="86"/>
								</Panel>
							</SceneObject>
							<SceneObject name="ButtonDownImage">
								<Panel filename="kingdom-views/tex/ui/kv_google_signin_button_down.png" vertexColors="true">
									<Pivot anchor="top"/>
									<Insets left="15" top="14" right="15" bottom="26"/>
									<Size width="550" height="86"/>
								</Panel>
							</SceneObject>
							<SceneObject name="Text">
								<Translation x="0" y="51" z="2.45"/>
								<Text style="KingdomGreyHeader" key="kingdom_btn_google_long" maxWidth="400" maxHeight="40" overflowBehaviour="fit" allowWordWrapping="false"/>
							</SceneObject>
							<SceneObject name="Spinner" visibility="never">
								<Animation name="Idle" animationData="KingdomRotateZ" loopCount="-1"/>
								<Translation x="0" y="38" z="0.0"/>
								<Sprite filename="kingdom-views/tex/ui/white_preloader.png">
									<Pivot anchor="center"/>
								</Sprite>
							</SceneObject>
							<SceneObject name="Checkmark" visibility="never">
								<Translation x="0" y="38" z="0.0"/>
								<Sprite filename="kingdom-views/tex/ui/round_white_check_icon.png">
									<Pivot anchor="center"/>
								</Sprite>
							</SceneObject>
							<SceneObject name="ButtonIcon" visibility="always">
								<Translation x="-210" y="39" z="0.0"/>
								<Panel filename="kingdom-views/tex/ui/google_icon.png" vertexColors="true">
									<Pivot anchor="right"/>
									<Insets left="0" top="0" right="0" bottom="0"/>
									<Size width="40" height="40"/>
								</Panel>
							</SceneObject>
						</SceneObject>
					</SceneObject>	
					
					<SceneObject name="WGoogleSeparatorLeft">
						<Translation x="0" y="0" z="1.0"/>
						<Sprite filename="kingdom-views/tex/ui/kv_divider_line.png">
							<Pivot anchor="left"/>
						</Sprite>
					</SceneObject>
				
					<SceneObject name="WGoogleOrText">
						<Translation x="0" y="0" z="3.45"/>
						<Text maxWidth="500" key="kingdom_or" style="KingdomGreyLink"/>
					</SceneObject>

					<SceneObject name="WGoogleSeparatorRight">
						<Translation x="0" y="0" z="1.0"/>
						<Sprite filename="kingdom-views/tex/ui/kv_divider_line.png">
							<Pivot anchor="right"/>
						</Sprite>
					</SceneObject>
					
					<SceneObject name="WGoogleButtonEmailContainer">
						<SceneObject name="WGoogleButtonEmail" class="Button">
							<SceneObject name="ButtonImage">
								<Panel filename="kingdom-views/tex/ui/kv_orange_button.png" vertexColors="true">
									<Pivot anchor="top"/>
									<Insets left="15" top="14" right="15" bottom="26"/>
									<Size width="550" height="86"/>
								</Panel>
							</SceneObject>
							<SceneObject name="ButtonDownImage">
								<Panel filename="kingdom-views/tex/ui/kv_orange_button_down.png" vertexColors="true">
									<Pivot anchor="top"/>
									<Insets left="15" top="14" right="15" bottom="26"/>
									<Size width="550" height="86"/>
								</Panel>
							</SceneObject>
							<SceneObject name="Text">
								<Translation x="0" y="51" z="2.45"/>
								<Text style="KingdomButton" key="kingdom_btn_email_long" maxWidth="400" maxHeight="40" overflowBehaviour="fit" allowWordWrapping="false"/>
							</SceneObject>
							<SceneObject name="Spinner">
								<Animation name="Idle" animationData="KingdomRotateZ" loopCount="-1"/>
								<Translation x="0" y="38" z="0.0"/>
								<Sprite filename="kingdom-views/tex/ui/white_preloader.png">
									<Pivot anchor="center"/>
								</Sprite>
							</SceneObject>
							<SceneObject name="Checkmark">
								<Translation x="0" y="38" z="0.0"/>
								<Sprite filename="kingdom-views/tex/ui/round_white_check_icon.png">
									<Pivot anchor="center"/>
								</Sprite>
							</SceneObject>
							<SceneObject name="ButtonIcon" visibility="always">
								<Translation x="-210" y="39" z="0.0"/>
								<Panel filename="kingdom-views/tex/ui/Kingdom_icon.png" vertexColors="true">
									<Pivot anchor="right"/>
									<Insets left="0" top="0" right="0" bottom="0"/>
									<Size width="40" height="40"/>
								</Panel>
							</SceneObject>
						</SceneObject>
					</SceneObject>
				</SceneObject>
				
				<SceneObject name="ButtonViewTerms" class="Button">
					<!-- for some strange reason the text needs to be nested into 2 scene objects to get the proper color -->
					<SceneObject>
						<SceneObject>
							<Text style="KingdomGreyLink" key="kingdom_terms_and_conditions" maxWidth="300"/>
						</SceneObject>
					</SceneObject>
				</SceneObject>
				
				<SceneObject name="ButtonSignIn" class="Button CenterHorizontally">
					<SceneObject class="LinkBorder ExcludeFromCenterBoundingBox">
						<Animation name="OnFadeOut" animationData="KingdomFadeOut" loopCount="0"/>
						<Animation name="OnFadeIn" animationData="KingdomFadeIn" loopCount="0"/>
						<SceneObject name="LinkText">
							<Animation name="OnFadeOut" animationData="KingdomFadeOut" loopCount="0"/>
							<Animation name="OnFadeIn" animationData="KingdomFadeIn" loopCount="0"/>
							<Translation x="0" y="54" z="2.45"/>
							<Text style="KingdomGreenButtonBold" key="kingdom_join_signin_long" maxWidth="" verticalAlignment=""/>
						</SceneObject>
						<SceneObject name="LinkIcon" visibility="never">
							<Animation name="OnFadeOut" animationData="KingdomFadeOut" loopCount="0"/>
							<Animation name="OnFadeIn" animationData="KingdomFadeIn" loopCount="0"/>
							<Sprite filename="kingdom-views/tex/ui/bg_color.png">
								<Pivot anchor="right"/>
							</Sprite>
						</SceneObject>
						<SceneObject name="LinkSpinner">
							<Animation name="Idle" animationData="KingdomRotateZ" loopCount="-1"/>
							<Translation x="-15" y="0" z="0.0"/>
							<Sprite filename="kingdom-views/tex/ui/grey_preloader.png">
								<Pivot anchor="center"/>
							</Sprite>
						</SceneObject>
					</SceneObject>
				</SceneObject>
			</SceneObject>
			
		</SceneObject>
	</SceneObjects>
</Scene>

