<!DOCTYPE Layout SYSTEM "../../../../../../../../core-platform/tools/dtd/layout.dtd">
<Layout>
	<Import filename="kingdom-views/scenes/menu_root_layout.xml"/>

	<Object sceneObject="BackgroundContainer">
		<Default>
			<Translation>
				<Y percentage="-39"/>
			</Translation>
			<Size forceUniform="false">
				<Width percentage="100"/>
				<Height percentage="89"/>
			</Size>
		</Default>
	</Object>
	
	<Object sceneObject="EnterPicture">
		<Portrait>
			<Size>
				<Width percentage="7"/>
				<Height percentage="4"/>
			</Size>
			<Translation>
				<X percentage="-37" />
				<Y percentage="-35" />
			</Translation>
		</Portrait>
		<Landscape>
			<Size>
				<Width percentage="10"/>
				<Height percentage="6"/>
			</Size>
			<Translation>
				<X percentage="-20" />
				<Y percentage="-33" />
			</Translation>
		</Landscape>
	</Object>
	
	<Object sceneObject="EnterHeaderText">
		<Default>
			<Size forceUniform="true">
				<OriginalSize width="500" height="113"/>
				<Width percentage="80"/>
				<Height percentage="14"/>
			</Size>
		</Default>
		<Portrait>
			<Translation>
				<Y percentage="-23"/>
			</Translation>
		</Portrait>
		<Landscape>
			<Translation>
				<Y percentage="-23"/>
			</Translation>
		</Landscape>
	</Object>

	<Object sceneObject="ButtonGraphContainer">
		<Default>
			<Translation>
				<Y percentage="-15"/>
			</Translation>
		</Default>
		<Portrait>
			<Size forceUniform="true">
				<OriginalSize width="450" height="96"/>
				<Width percentage="70"/>
			</Size>
		</Portrait>
		<Landscape>
			<Size forceUniform="true">
				<OriginalSize width="450" height="96"/>
				<Height percentage="15"/>
			</Size>
		</Landscape>
	</Object>
	
	<Object sceneObject="ButtonEmailContainer">
		<Portrait>
			<Translation>
				<Y percentage="130"/>
			</Translation>
		</Portrait>
		<Landscape>
			<Translation>
				<Y percentage="120"/>
			</Translation>
		</Landscape>
	</Object>
	
	<Object sceneObject="ButtonViewTerms">
		<Default>
			<Size forceUniform="true">
				<OriginalSize width="500" height="140"/>
				<Height percentage="15"/>
			</Size>
		</Default>
		<Portrait>
			<Translation>
				<Y percentage="16"/>
			</Translation>
		</Portrait>
		<Landscape>
			<Translation>
				<Y percentage="25"/>
			</Translation>
		</Landscape>
	</Object>
	
	<Object sceneObject="Separator">
		<Portrait>
			<Size forceUniform="false">
				<Width percentage="65"/>
				<Height percentage="0.5"/>
			</Size>
			<Translation>
				<Y percentage="23"/>
			</Translation>
		</Portrait>
		<Landscape>
			<Size forceUniform="false">
				<Width percentage="50"/>
				<Height percentage="0.5"/>
			</Size>
			<Translation>
				<Y percentage="31"/>
			</Translation>
		</Landscape>
	</Object>

	<Object sceneObject="EnterBirdPicture">
		<Portrait>
			<Size>
				<Width percentage="10"/>
				<Height percentage="20"/>
			</Size>
			<Translation>
				<X percentage="50" />
				<Y percentage="25" />
			</Translation>
		</Portrait>
		<Landscape>
			<Size>
				<Width percentage="8"/>
				<Height percentage="17"/>
			</Size>
			<Translation>
				<X percentage="32" />
				<Y percentage="31" />
			</Translation>
		</Landscape>
	</Object>
	
	<Object sceneObject="ButtonSignUp">
		<Portrait>
			<Translation>
				<Y percentage="32"/>
			</Translation>
			<Size>
				<Width percentage="20"/>
				<Height percentage="3.5"/>
			</Size>
		</Portrait>
		<Landscape>
			<Translation>
				<Y percentage="39"/>
			</Translation>
			<Size>
				<Width percentage="20"/>
				<Height percentage="5"/>
			</Size>
		</Landscape>
	</Object>

	<Object sceneObject="EnterBottomPicture">
		<Portrait visible="true">
			<Size>
				<Width percentage="100"/>
				<Height percentage="15"/>
			</Size>
			<Translation>
				<Y percentage="50" />
			</Translation>
		</Portrait>
		<Landscape visible="false">
			<Size>
				<Width percentage="100"/>
				<Height percentage="15"/>
			</Size>
			<Translation>
				<Y percentage="50" />
			</Translation>
		</Landscape>
	</Object>
	
	<Import filename="kingdom-views/scenes/templates/button_link_layout.xml" />
</Layout>

