<!DOCTYPE Scene SYSTEM "../../../../../../../../core-platform/tools/dtd/scene.dtd">
<Scene>
    <Import filename="kingdom-views/scenes/menu_root.xml"/>
    <SceneObject name="MenuRoot">
        <SceneObject name="BackgroundContainer">
            <Sprite filename="kingdom-views/tex/ui/bg_color.png">
                <Pivot anchor="top"/>
            </Sprite>
        </SceneObject>
		
		<SceneObject name="NormalPosition"/>
		<SceneObject name="EmailPosition"/>
		<SceneObject name="PasswordPosition"/>
		<SceneObject name="FirstNamePosition"/>
		<SceneObject name="LastNamePosition"/>
		
        <SceneObject name="Scrollable">
			<SceneObject name="Content">
				<Translation x="0" y="0" z="3.0"/>

				<SceneObject name="TitleText">
					<Text style="KingdomOrangeHeader" key="kingdom_join_text" />
				</SceneObject>

				<SceneObject name="EmailInput" class="TextField">
					<Animation name="ShakeTextField" animationData="KingdomShakeTextField" loopCount="2"/>
					<Import filename="kingdom-views/scenes/text_input_panel_icon.xml"/>
				</SceneObject>

				<SceneObject name="PasswordInput" class="TextField Password">
					<Animation name="ShakeTextField" animationData="KingdomShakeTextField" loopCount="2"/>
					<Import filename="kingdom-views/scenes/text_input_panel_icon.xml"/>
				</SceneObject>

				<SceneObject name="FirstNameInput" class="TextField">
					<Animation name="ShakeTextField" animationData="KingdomShakeTextField" loopCount="2"/>
					<Import filename="kingdom-views/scenes/text_input_panel_icon.xml"/>
				</SceneObject>

				<SceneObject name="LastNameInput" class="TextField">
					<Animation name="ShakeTextField" animationData="KingdomShakeTextField" loopCount="2"/>
					<Import filename="kingdom-views/scenes/text_input_panel_icon.xml"/>
				</SceneObject>
				
				<SceneObject name="ButtonFinishContainer">
					<SceneObject name="ButtonContinue" class="Button">
						<SceneObject name="ButtonImage">
							<Panel filename="kingdom-views/tex/ui/kv_orange_button.png" vertexColors="true">
								<Pivot anchor="top"/>
								<Insets left="15" top="14" right="15" bottom="26"/>
								<Size width="450" height="96"/>
							</Panel>
						</SceneObject>
						<SceneObject name="ButtonDownImage">
							<Panel filename="kingdom-views/tex/ui/kv_orange_button_down.png" vertexColors="true">
								<Pivot anchor="top"/>
								<Insets left="15" top="14" right="15" bottom="26"/>
								<Size width="450" height="96"/>
							</Panel>
						</SceneObject>
						<SceneObject name="Text">
							<Translation x="0" y="54" z="2.45"/>
							<Text style="KingdomButton" key="kingdom_choose_password_button_finish" />
						</SceneObject>
						<SceneObject name="Spinner">
							<Animation name="Idle" animationData="KingdomRotateZ" loopCount="-1"/>
							<Translation x="0" y="43" z="0.0"/>
							<Sprite filename="kingdom-views/tex/ui/white_preloader.png">
								<Pivot anchor="center"/>
							</Sprite>
						</SceneObject>
						<SceneObject name="Checkmark">
							<Translation x="0" y="43" z="0.0"/>
							<Sprite filename="kingdom-views/tex/ui/round_white_check_icon.png">
								<Pivot anchor="center"/>
							</Sprite>
						</SceneObject>
						<SceneObject name="ButtonIcon" visibility="always">
							<Translation x="-157" y="44" z="0.0"/>
							<Panel filename="kingdom-views/tex/ui/Kingdom_icon.png" vertexColors="true">
								<Pivot anchor="right"/>
								<Insets left="0" top="0" right="0" bottom="0"/>
								<Size width="40" height="40"/>
							</Panel>
						</SceneObject>
					</SceneObject>
				</SceneObject>
			
			</SceneObject>
        </SceneObject>
    </SceneObject>
</Scene>

