<!DOCTYPE Scene SYSTEM "../../../../../../../../core-platform/tools/dtd/scene.dtd">
<Scene>
	<Import filename="kingdom-views/scenes/menu_root.xml"/>
	<SceneObject name="MenuRoot">
		<SceneObject name="BackgroundImage">
			<Sprite filename="kingdom-views/tex/ui/bg_color.png">
				<Pivot anchor="top"/>
				<Size width="640" height="640"/>
			</Sprite>
		</SceneObject>
		
		<SceneObject name="ActivePosition"/>
		<SceneObject name="ContentPosition"/>
			
		<SceneObject name="Scrollable">
			<SceneObject name="Content">
				<SceneObject name="PostStamp">
					<Sprite filename="kingdom-views/tex/ui/post_stamp_graphic.png">
						<Pivot anchor="center"/>
					</Sprite>
				</SceneObject>
				<SceneObject name="ForgotPasswordQuestion">
					<Translation x="0" y="0" z="2.45"/>
					<Text key="kingdom_forgot_pass_question" style="KingdomOrangeHeader"/>
				</SceneObject>
				<SceneObject name="ForgotPassInfo">
					<Translation x="0" y="0" z="3.45"/>
					<Text key="kingdom_forgot_pass_info" style="KingdomGrey" maxWidth="360"/>
				</SceneObject>
				<SceneObject name="EmailInput" class="TextField">
					<Animation name="ShakeTextField" animationData="KingdomShakeTextField" loopCount="2"/>
					<Import filename="kingdom-views/scenes/text_input_panel.xml"/>
				</SceneObject>
				<SceneObject name="ButtonEmail" class="Button">
					<SceneObject name="ButtonImage">
						<Panel filename="kingdom-views/tex/ui/kv_green_button.png" vertexColors="true">
							<Pivot anchor="top"/>
							<Insets left="15" top="14" right="15" bottom="26"/>
							<Size width="450" height="96"/>
						</Panel>
					</SceneObject>
					<SceneObject name="ButtonDownImage">
						<Panel filename="kingdom-views/tex/ui/kv_green_button_down.png" vertexColors="true">
							<Pivot anchor="top"/>
							<Insets left="15" top="14" right="15" bottom="26"/>
							<Size width="450" height="96"/>
						</Panel>
					</SceneObject>
					<SceneObject name="Text">
						<Translation x="0" y="54" z="2.45"/>
						<Text style="KingdomButton" key="kingdom_btn_forgot_email" />
					</SceneObject>
					<SceneObject name="Spinner">
						<Animation name="Idle" animationData="KingdomRotateZ" loopCount="-1"/>
						<Translation x="0" y="43" z="0.0"/>
						<Sprite filename="kingdom-views/tex/ui/white_preloader.png">
							<Pivot anchor="center"/>
						</Sprite>
					</SceneObject>
					<SceneObject name="Checkmark">
						<Translation x="0" y="43" z="0.0"/>
						<Sprite filename="kingdom-views/tex/ui/round_white_check_icon.png">
							<Pivot anchor="center"/>
						</Sprite>
					</SceneObject>
					<SceneObject name="ButtonIcon" visibility="never">
						<Translation x="-157" y="44" z="0.0"/>
						<Panel filename="kingdom-views/tex/ui/bg_color.png" vertexColors="true">
							<Pivot anchor="right"/>
							<Insets left="0" top="0" right="0" bottom="0"/>
							<Size width="40" height="40"/>
						</Panel>
					</SceneObject>
				</SceneObject>
				<SceneObject name="TapLink">
					<Translation x="0" y="0" z="3.45"/>
					<Text key="kingdom_mail_call_text_2" style="KingdomGrey" maxWidth="360"/>
				</SceneObject>
			</SceneObject>
		</SceneObject>
	</SceneObject>
</Scene>

