<!DOCTYPE Scene SYSTEM "../../../../../../../../core-platform/tools/dtd/scene.dtd">
<Scene>
	<SceneObjects>
		<Import filename="kingdom-views/scenes/menu_root.xml"/>
		<SceneObject name="MenuRoot">
		
			<SceneObject name="BackgroundContainer">
				<Sprite filename="kingdom-views/tex/ui/bg_color.png">
					<Pivot anchor="top"/>
				</Sprite>
			</SceneObject>

			<SceneObject name="Scrollable">
				<SceneObject name="EnterPicture">
					<Transformation>
						<Translation x="0" y="0" z="2.45"/>
					</Transformation>
					<Sprite filename="kingdom-views/tex/ui/kv_fly_img.png">
						<Pivot anchor="top"/>
					</Sprite>
				</SceneObject>
				
				<SceneObject name="EnterHeaderText">
					<Translation x="0" y="0" z="2.45"/>
					<Text key="kingdom_signin_hdr" style="KingdomOrangeHeader"/>
				</SceneObject>
				
				<SceneObject name="ButtonGraphContainer">
					<SceneObject name="ButtonFacebookContainer">		
						<SceneObject name="ButtonFacebook" class="Button">
							<SceneObject name="ButtonImage">
								<Panel filename="kingdom-views/tex/ui/kv_blue_button.png" vertexColors="true">
									<Pivot anchor="top"/>
									<Insets left="15" top="14" right="15" bottom="26"/>
									<Size width="450" height="96"/>
								</Panel>
							</SceneObject>
							<SceneObject name="ButtonDownImage">
								<Panel filename="kingdom-views/tex/ui/kv_blue_button_down.png" vertexColors="true">
									<Pivot anchor="top"/>
									<Insets left="15" top="14" right="15" bottom="26"/>
									<Size width="450" height="96"/>
								</Panel>
							</SceneObject>
							<SceneObject name="Text">
								<Translation x="0" y="54" z="2.45"/>
								<Text style="KingdomButton" key="kingdom_btn_facebook" />
							</SceneObject>
							<SceneObject name="Spinner">
								<Animation name="Idle" animationData="KingdomRotateZ" loopCount="-1"/>
								<Translation x="0" y="43" z="0.0"/>
								<Sprite filename="kingdom-views/tex/ui/white_preloader.png">
									<Pivot anchor="center"/>
								</Sprite>
							</SceneObject>
							<SceneObject name="Checkmark">
								<Translation x="0" y="43" z="0.0"/>
								<Sprite filename="kingdom-views/tex/ui/round_white_check_icon.png">
									<Pivot anchor="center"/>
								</Sprite>
							</SceneObject>
							<SceneObject name="ButtonIcon" visibility="always">
								<Translation x="-157" y="44" z="0.0"/>
								<Panel filename="kingdom-views/tex/ui/fb_icon.png" vertexColors="true">
									<Pivot anchor="right"/>
									<Insets left="0" top="0" right="0" bottom="0"/>
									<Size width="40" height="40"/>
								</Panel>
							</SceneObject>
						</SceneObject>
					</SceneObject>
					
					<SceneObject name="ButtonGoogleContainer">		
						<SceneObject name="WGoogleButtonGoogle" class="Button">
							<SceneObject name="ButtonImage">
								<Panel filename="kingdom-views/tex/ui/kv_blue_button.png" vertexColors="true">
									<Pivot anchor="top"/>
									<Insets left="15" top="14" right="15" bottom="26"/>
									<Size width="450" height="96"/>
								</Panel>
							</SceneObject>
							<SceneObject name="ButtonDownImage">
								<Panel filename="kingdom-views/tex/ui/kv_blue_button_down.png" vertexColors="true">
									<Pivot anchor="top"/>
									<Insets left="15" top="14" right="15" bottom="26"/>
									<Size width="450" height="96"/>
								</Panel>
							</SceneObject>
							<SceneObject name="Text">
								<Translation x="0" y="54" z="2.45"/>
								<Text style="KingdomButton" key="kingdom_btn_facebook" />
							</SceneObject>
							<SceneObject name="Spinner">
								<Animation name="Idle" animationData="KingdomRotateZ" loopCount="-1"/>
								<Translation x="0" y="43" z="0.0"/>
								<Sprite filename="kingdom-views/tex/ui/white_preloader.png">
									<Pivot anchor="center"/>
								</Sprite>
							</SceneObject>
							<SceneObject name="Checkmark">
								<Translation x="0" y="43" z="0.0"/>
								<Sprite filename="kingdom-views/tex/ui/round_white_check_icon.png">
									<Pivot anchor="center"/>
								</Sprite>
							</SceneObject>
							<SceneObject name="ButtonIcon" visibility="always">
								<Translation x="-157" y="44" z="0.0"/>
								<Panel filename="kingdom-views/tex/ui/fb_icon.png" vertexColors="true">
									<Pivot anchor="right"/>
									<Insets left="0" top="0" right="0" bottom="0"/>
									<Size width="40" height="40"/>
								</Panel>
							</SceneObject>
						</SceneObject>
					</SceneObject>
										
					<SceneObject name="ButtonEmailContainer">
						<SceneObject name="ButtonEmail" class="Button">
							<SceneObject name="ButtonImage">
								<Panel filename="kingdom-views/tex/ui/kv_orange_button.png" vertexColors="true">
									<Pivot anchor="top"/>
									<Insets left="15" top="14" right="15" bottom="26"/>
									<Size width="450" height="96"/>
								</Panel>
							</SceneObject>
							<SceneObject name="ButtonDownImage">
								<Panel filename="kingdom-views/tex/ui/kv_orange_button_down.png" vertexColors="true">
									<Pivot anchor="top"/>
									<Insets left="15" top="14" right="15" bottom="26"/>
									<Size width="450" height="96"/>
								</Panel>
							</SceneObject>
							<SceneObject name="Text">
								<Translation x="0" y="54" z="2.45"/>
								<Text style="KingdomButton" key="kingdom_btn_email" />
							</SceneObject>
							<SceneObject name="Spinner">
								<Animation name="Idle" animationData="KingdomRotateZ" loopCount="-1"/>
								<Translation x="0" y="43" z="0.0"/>
								<Sprite filename="kingdom-views/tex/ui/white_preloader.png">
									<Pivot anchor="center"/>
								</Sprite>
							</SceneObject>
							<SceneObject name="Checkmark">
								<Translation x="0" y="43" z="0.0"/>
								<Sprite filename="kingdom-views/tex/ui/round_white_check_icon.png">
									<Pivot anchor="center"/>
								</Sprite>
							</SceneObject>
							<SceneObject name="ButtonIcon" visibility="always">
								<Translation x="-157" y="44" z="0.0"/>
								<Panel filename="kingdom-views/tex/ui/Kingdom_icon.png" vertexColors="true">
									<Pivot anchor="right"/>
									<Insets left="0" top="0" right="0" bottom="0"/>
									<Size width="40" height="40"/>
								</Panel>
							</SceneObject>
						</SceneObject>
					</SceneObject>
				</SceneObject>
				
				<SceneObject name="ButtonViewTerms" class="Button">
					<!-- for some strange reason the text needs to be nested into 2 scene objects to get the proper color -->
					<SceneObject>
						<SceneObject>
							<Text style="KingdomGreyLink" key="kingdom_terms_and_conditions" maxWidth="300"/>
						</SceneObject>
					</SceneObject>
				</SceneObject>
				
				<SceneObject name="Separator">
					<Translation x="0" y="0" z="1.0"/>
					<Sprite filename="kingdom-views/tex/ui/kv_divider_line.png">
						<Pivot anchor="top"/>
					</Sprite>
				</SceneObject>
				
				<SceneObject name="EnterBirdPicture">
					<Transformation>
						<Translation x="0" y="0" z="2.45"/>
					</Transformation>
					<Sprite filename="kingdom-views/tex/ui/kv_bird_img.png">
						<Pivot anchor="right"/>
					</Sprite>
				</SceneObject>
				
				<SceneObject name="ButtonSignUp" class="Button CenterHorizontally">
					<SceneObject class="LinkBorder ExcludeFromCenterBoundingBox">
						<Animation name="OnFadeOut" animationData="KingdomFadeOut" loopCount="0"/>
						<Animation name="OnFadeIn" animationData="KingdomFadeIn" loopCount="0"/>
						<SceneObject name="LinkText">
							<Animation name="OnFadeOut" animationData="KingdomFadeOut" loopCount="0"/>
							<Animation name="OnFadeIn" animationData="KingdomFadeIn" loopCount="0"/>
							<Translation x="0" y="54" z="2.45"/>
							<Text style="KingdomGreenButtonBold" key="kingdom_enter_join" maxWidth="" verticalAlignment=""/>
						</SceneObject>
						<SceneObject name="LinkIcon" visibility="never">
							<Animation name="OnFadeOut" animationData="KingdomFadeOut" loopCount="0"/>
							<Animation name="OnFadeIn" animationData="KingdomFadeIn" loopCount="0"/>
							<Sprite filename="kingdom-views/tex/ui/bg_color.png">
								<Pivot anchor="right"/>
							</Sprite>
						</SceneObject>
						<SceneObject name="LinkSpinner">
							<Animation name="Idle" animationData="KingdomRotateZ" loopCount="-1"/>
							<Translation x="-15" y="0" z="0.0"/>
							<Sprite filename="kingdom-views/tex/ui/grey_preloader.png">
								<Pivot anchor="center"/>
							</Sprite>
						</SceneObject>
					</SceneObject>
				</SceneObject>
				<SceneObject name="EnterBottomPicture">
					<Transformation>
						<Translation x="0" y="0" z="2.45"/>
					</Transformation>
					<Panel filename="kingdom-views/tex/ui/kv_img_island.png">
						<Pivot anchor="bottom"/>
						<Insets left="0" top="0" right="0" bottom="0"/>
						<Size width="640" height="122"/>
					</Panel>
				</SceneObject>
			</SceneObject>
		</SceneObject>
	</SceneObjects>
</Scene>

