<!DOCTYPE Scene SYSTEM "../../../../../../../../core-platform/tools/dtd/scene.dtd">
<Scene>
	<Import filename="kingdom-views/scenes/menu_root.xml"/>
	<SceneObject name="MenuRoot">
		<SceneObject name="BackgroundContainer">
			<Sprite filename="kingdom-views/tex/ui/bg_color.png">
				<Pivot anchor="top"/>
			</Sprite>
		</SceneObject>
		
		<SceneObject name="ActivePosition"/>
		<SceneObject name="ContentPosition"/>
			
		<SceneObject name="Scrollable">
			<SceneObject name="LoginMenuPromptEmail">
				<SceneObject name="Content">
					<Translation x="0" y="0" z="3.0"/>
									
					<SceneObject name="TitleText">
						<Text style="KingdomOrangeHeader" key="kingdom_login_title_text" />
					</SceneObject>
					
					<SceneObject name="EmailInput" class="TextField">
						<Animation name="ShakeTextField" animationData="KingdomShakeTextField" loopCount="2"/>
						<Import filename="kingdom-views/scenes/text_input_panel_icon.xml"/>
					</SceneObject>

					<SceneObject name="PasswordInput" class="TextField Password">
						<Animation name="ShakeTextField" animationData="KingdomShakeTextField" loopCount="2"/>
						<SceneObject name="TextFieldPanel">
							<SceneObject name="InactivePanel">
								<SceneObject>
									<Panel filename="kingdom-views/tex/ui/kv_nonactive_input_field.png">
										<Pivot anchor="center"/>
										<Insets left="10" top="0" right="10" bottom="0"/>
										<Size width="530" height="88"/>
									</Panel>
								</SceneObject>
							</SceneObject>
							<SceneObject name="EditingPanel">
								<Panel filename="kingdom-views/tex/ui/kv_active_input_field.png">
									<Pivot anchor="center"/>
									<Insets left="10" top="0" right="10" bottom="0"/>
									<Size width="530" height="88"/>
								</Panel>
							</SceneObject>
							<SceneObject name="ErrorPanel">
								<Animation name="BlinkTwice" animationData="KingdomBlink" loopCount="1" speed="0.3"/>
								<Panel filename="kingdom-views/tex/ui/kv_negative_input_field.png">
									<Pivot anchor="center"/>
									<Insets left="10" top="0" right="10" bottom="0"/>
									<Size width="530" height="88"/>
								</Panel>
							</SceneObject>

							<SceneObject name="TextField">
								<!-- yes leave maxHeight to 1 (Marc) -->
								<Text alignment="left" maxWidth="480" maxHeight="88" allowWordWrapping="false" font="KingSuperGroteskOffcProRegularUnicode" overflowBehaviour="fit">
									<TextString></TextString>
									<Color r="0" g="0" b="0" />
									<Size x="40" y="40"/>
									<Pivot anchor="left"/>
								</Text>
								<Translation x="-240" y="10.0"/>
								<SceneObject name="Cursor">
									<Text alignment="center" maxWidth="380" maxHeight="45" font="KingSuperGroteskOffcProRegular">
										<TextString>|</TextString>
										<Color r="159" g="179" b="255" />
										<Size x="45" y="45"/>
										<Pivot anchor="left"/>
									</Text>
									<Translation y="0"/>
								</SceneObject>

								<SceneObject name="PlaceholderField">
									<Translation x="0" y="0" z="3.45"/>
									<Text alignment="left" maxWidth="480" maxHeight="40" font="KingSuperGroteskOffcProRegular" overflowBehaviour="fit">
										<TextString></TextString>
										<Color r="0" g="0" b="0" a="50"/>
										<Size x="40" y="40"/>
										<Pivot anchor="left"/>
									</Text>
								</SceneObject>
							</SceneObject>
							
							<SceneObject name="ButtonForgotPassword" class="Button" visibility="always">
								<!-- for some strange reason the text needs to be nested into 2 scene objects to get the proper color -->
								<SceneObject>
									<SceneObject>
										<Translation x="245" y="10.0"/>
										<Text alignment="right" style="KingdomGreenLink" key="kingdom_button_forgot_pw_short" maxWidth=""/>
									</SceneObject>
								</SceneObject>
							</SceneObject>

							<SceneObject name="CheckIcon" visibility="never">
								<Translation z="1" x="242"/>
								<Sprite filename="kingdom-views/tex/ui/kv_check_icon.png">
									<Pivot anchor="right"/>
								</Sprite>
							</SceneObject>
							<SceneObject name="RedXIcon" visibility="never">
								<Translation z="1" x="242"/>
								<Sprite filename="kingdom-views/tex/ui/kv_red_x_icon.png">
									<Pivot anchor="right"/>
								</Sprite>
							</SceneObject>
						</SceneObject>
					</SceneObject>
					
					<SceneObject name="ButtonSignInContainer">
						<SceneObject name="ButtonSignIn" class="Button">
							<SceneObject name="ButtonImage">
								<Panel filename="kingdom-views/tex/ui/kv_orange_button.png" vertexColors="true">
									<Pivot anchor="top"/>
									<Insets left="15" top="14" right="15" bottom="26"/>
									<Size width="550" height="96"/>
								</Panel>
							</SceneObject>
							<SceneObject name="ButtonDownImage">
								<Panel filename="kingdom-views/tex/ui/kv_orange_button_down.png" vertexColors="true">
									<Pivot anchor="top"/>
									<Insets left="15" top="14" right="15" bottom="26"/>
									<Size width="550" height="96"/>
								</Panel>
							</SceneObject>
							<SceneObject name="Text">
								<Translation x="0" y="54" z="2.45"/>
								<Text style="KingdomButton" key="kingdom_button_sign_in" />
							</SceneObject>
							<SceneObject name="Spinner">
								<Animation name="Idle" animationData="KingdomRotateZ" loopCount="-1"/>
								<Translation x="0" y="43" z="0.0"/>
								<Sprite filename="kingdom-views/tex/ui/white_preloader.png">
									<Pivot anchor="center"/>
								</Sprite>
							</SceneObject>
							<SceneObject name="Checkmark">
								<Translation x="0" y="43" z="0.0"/>
								<Sprite filename="kingdom-views/tex/ui/round_white_check_icon.png">
									<Pivot anchor="center"/>
								</Sprite>
							</SceneObject>
							<SceneObject name="ButtonIcon" visibility="always">
								<Translation x="-210" y="44" z="0.0"/>
								<Panel filename="kingdom-views/tex/ui/Kingdom_icon.png" vertexColors="true">
									<Pivot anchor="right"/>
									<Insets left="0" top="0" right="0" bottom="0"/>
									<Size width="40" height="40"/>
								</Panel>
							</SceneObject>
						</SceneObject>
						
						<SceneObject name="SeparatorLeft">
							<Translation x="0" y="0" z="1.0"/>
							<Sprite filename="kingdom-views/tex/ui/kv_divider_line.png">
								<Pivot anchor="left"/>
							</Sprite>
						</SceneObject>
					
						<SceneObject name="OrText">
							<Translation x="0" y="0" z="3.45"/>
							<Text maxWidth="500" key="kingdom_or" style="KingdomGrey"/>
						</SceneObject>
						
						<SceneObject name="SeparatorRight">
							<Translation x="0" y="0" z="1.0"/>
							<Sprite filename="kingdom-views/tex/ui/kv_divider_line.png">
								<Pivot anchor="right"/>
							</Sprite>
						</SceneObject>
					
						<SceneObject name="ButtonFacebookContainer">		
							<SceneObject name="ButtonFacebook" class="Button">
								<SceneObject name="ButtonImage">
									<Panel filename="kingdom-views/tex/ui/kv_blue_button.png" vertexColors="true">
										<Pivot anchor="top"/>
										<Insets left="15" top="14" right="15" bottom="26"/>
										<Size width="550" height="96"/>
									</Panel>
								</SceneObject>
								<SceneObject name="ButtonDownImage">
									<Panel filename="kingdom-views/tex/ui/kv_blue_button_down.png" vertexColors="true">
										<Pivot anchor="top"/>
										<Insets left="15" top="14" right="15" bottom="26"/>
										<Size width="550" height="96"/>
									</Panel>
								</SceneObject>
								<SceneObject name="Text">
									<Translation x="0" y="56" z="2.45"/>
									<Text style="KingdomButton" key="kingdom_btn_facebook_long" maxWidth="400" maxHeight="40" overflowBehaviour="fit" allowWordWrapping="false"/>
								</SceneObject>
								<SceneObject name="Spinner">
									<Animation name="Idle" animationData="KingdomRotateZ" loopCount="-1"/>
									<Translation x="0" y="43" z="0.0"/>
									<Sprite filename="kingdom-views/tex/ui/white_preloader.png">
										<Pivot anchor="center"/>
									</Sprite>
								</SceneObject>
								<SceneObject name="Checkmark">
									<Translation x="0" y="43" z="0.0"/>
									<Sprite filename="kingdom-views/tex/ui/round_white_check_icon.png">
										<Pivot anchor="center"/>
									</Sprite>
								</SceneObject>
								<SceneObject name="ButtonIcon" visibility="always">
									<Translation x="-210" y="44" z="0.0"/>
									<Panel filename="kingdom-views/tex/ui/fb_icon.png" vertexColors="true">
										<Pivot anchor="right"/>
										<Insets left="0" top="0" right="0" bottom="0"/>
										<Size width="40" height="40"/>
									</Panel>
								</SceneObject>
							</SceneObject>
						</SceneObject>


						<SceneObject name="ButtonGoogleContainer">		
							<SceneObject name="WGoogleButtonGoogle" class="Button">
								<SceneObject name="ButtonImage">
									<Panel filename="kingdom-views/tex/ui/kv_google_signin_button.png" vertexColors="true">
										<Pivot anchor="top"/>
										<Insets left="15" top="14" right="15" bottom="26"/>
										<Size width="550" height="96"/>
									</Panel>
								</SceneObject>
								<SceneObject name="ButtonDownImage">
									<Panel filename="kingdom-views/tex/ui/kv_google_signin_button_down.png" vertexColors="true">
										<Pivot anchor="top"/>
										<Insets left="15" top="14" right="15" bottom="26"/>
										<Size width="550" height="96"/>
									</Panel>
								</SceneObject>
								<SceneObject name="Text">
									<Translation x="0" y="56" z="2.45"/>
									<Text style="KingdomGreyHeader" key="kingdom_btn_google_long" maxWidth="400" maxHeight="40" overflowBehaviour="fit" allowWordWrapping="false"/>
								</SceneObject>
								<SceneObject name="Spinner" visibility="never">
									<Animation name="Idle" animationData="KingdomRotateZ" loopCount="-1"/>
									<Translation x="0" y="43" z="0.0"/>
									<Sprite filename="kingdom-views/tex/ui/white_preloader.png">
										<Pivot anchor="center"/>
									</Sprite>
								</SceneObject>
								<SceneObject name="Checkmark" visibility="never">
									<Translation x="0" y="43" z="0.0"/>
									<Sprite filename="kingdom-views/tex/ui/round_white_check_icon.png">
										<Pivot anchor="center"/>
									</Sprite>
								</SceneObject>
								<SceneObject name="ButtonIcon" visibility="always">
									<Translation x="-210" y="44" z="0.0"/>
									<Panel filename="kingdom-views/tex/ui/google_icon.png" vertexColors="true">
										<Pivot anchor="right"/>
										<Insets left="0" top="0" right="0" bottom="0"/>
										<Size width="40" height="40"/>
									</Panel>
								</SceneObject>
							</SceneObject>
						</SceneObject>

					</SceneObject>
				</SceneObject>
			</SceneObject>
		</SceneObject>
	</SceneObject>
</Scene>

