<!DOCTYPE Layout SYSTEM "../../../../../../../../core-platform/tools/dtd/layout.dtd">
<Layout>
	<Import filename="kingdom-views/scenes/menu_root_layout.xml"/>
	
	<Object sceneObject="PasswordPromptMenuActivePosition">
		<Landscape>
			<Translation>
				<Y percentage="-35" />
			</Translation>
		</Landscape>		
	</Object>

	<Object sceneObject="BackgroundContainer">
		<Default>
			<Translation>
				<Y percentage="-39"/>
			</Translation>
			<Size forceUniform="false">
				<Width percentage="100"/>
				<Height percentage="89"/>
			</Size>
		</Default>
	</Object>

	<Object sceneObject="TitleText">
		<Portrait>
			<Translation>
				<Y percentage="-31"/>
			</Translation>
			<Size forceUniform="true">
				<OriginalSize width="600" height="113"/>
				<Width percentage="100"/>
				<Height percentage="14"/>
			</Size>
		</Portrait>
		<Landscape>
			<Translation>
				<Y percentage="-14"/>
			</Translation>
			<Size forceUniform="true">
				<OriginalSize width="600" height="113"/>
				<Width percentage="100"/>
				<Height percentage="18"/>
			</Size>
		</Landscape>
	</Object>

	<Object sceneObject="MessageText">
		<Portrait>
			<Translation>
				<Y percentage="-24"/>
			</Translation>
			<Size forceUniform="true">
				<OriginalSize width="550" height="80"/>
				<Width percentage="94"/>
				<Height percentage="14"/>
			</Size>
		</Portrait>
		<Landscape>
			<Translation>
				<Y percentage="-7"/>
			</Translation>
			<Size forceUniform="true">
				<OriginalSize width="550" height="80"/>
				<Width percentage="94"/>
				<Height percentage="14"/>
			</Size>
		</Landscape>
	</Object>

	<Object sceneObject="PasswordInput">
		<Portrait>
			<Translation>
				<Y percentage="-14"/>
			</Translation>
			<Size>
				<OriginalSize width="600" height="80"/>
				<Width percentage="100"/>
				<Height percentage="10"/>
			</Size>
		</Portrait>
		
		<Landscape>
			<Translation>
				<Y percentage="5"/>
			</Translation>
			<Size>
				<OriginalSize width="700" height="80"/>
				<Width percentage="100"/>
				<Height percentage="12.5"/>
			</Size>
		</Landscape>
	</Object>
	
	<Object sceneObject="ButtonSignInVisiblePosition">
		<Portrait>
			<Translation>
				<Y percentage="-7"/>
			</Translation>
		</Portrait>
		<Landscape>
			<Translation>
				<Y percentage="12"/>
			</Translation>
		</Landscape>
	</Object>
	
	<Object sceneObject="ButtonSignInInvisiblePosition">
		<Default>
			<Translation>
				<Y percentage="100"/>
			</Translation>
		</Default>
	</Object>
	
	<Object sceneObject="ButtonSignIn">
		<Portrait>
			<Translation>
				<Y percentage="-6"/>
			</Translation>
			<Size forceUniform="true">
				<OriginalSize width="450" height="96"/>
				<Width percentage="75"/>
			</Size>
		</Portrait>
		<Landscape>
			<Translation>
				<Y percentage="12.5"/>
			</Translation>
			<Size forceUniform="true">
				<OriginalSize width="450" height="96"/>
				<Height percentage="14"/>
			</Size>
		</Landscape>
	</Object>
	
	<Import filename="kingdom-views/scenes/templates/button_link_layout.xml" />
	
</Layout>

