<!DOCTYPE Scene SYSTEM "../../../../../../../../core-platform/tools/dtd/scene.dtd">
<Scene>
	<Import filename="kingdom-views/scenes/menu_root.xml"/>
	<SceneObject name="MenuRoot">
		<SceneObject name="BackgroundContainer">
			<Sprite filename="kingdom-views/tex/ui/bg_color.png">
				<Pivot anchor="top"/>
			</Sprite>
		</SceneObject>

		<SceneObject name="PasswordPromptMenuNormalPosition"/>
		<SceneObject name="PasswordPromptMenuActivePosition"/>
		<SceneObject name="Scrollable">
			<SceneObject name="PasswordPromptMenu">
				<SceneObject name="Content">
					<SceneObject name="TitleText">
						<Translation x="0" y="0" z="2.45"/>
						<Text style="KingdomOrangeHeader" key="kingdom_edit_account_title_text" />
					</SceneObject>

					<SceneObject name="MessageText">
						<Translation x="0" y="0" z="3.45"/>
						<Text maxWidth="550" style="KingdomGrey" key="kingdom_password_prompt_enter_password" overflowBehaviour="cut"/>
					</SceneObject>

					<SceneObject name="PasswordInput" class="TextField Password">
						<Animation name="ShakeTextField" animationData="KingdomShakeTextField" loopCount="2"/>
						<SceneObject name="TextFieldPanel">
							<SceneObject name="InactivePanel">
								<SceneObject>
									<Panel filename="kingdom-views/tex/ui/kv_nonactive_input_field.png">
										<Pivot anchor="center"/>
										<Insets left="10" top="0" right="10" bottom="0"/>
										<Size width="530" height="88"/>
									</Panel>
								</SceneObject>
							</SceneObject>
							<SceneObject name="EditingPanel">
								<Panel filename="kingdom-views/tex/ui/kv_active_input_field.png">
									<Pivot anchor="center"/>
									<Insets left="10" top="0" right="10" bottom="0"/>
									<Size width="530" height="88"/>
								</Panel>
							</SceneObject>
							<SceneObject name="ErrorPanel">
								<Animation name="BlinkTwice" animationData="KingdomBlink" loopCount="1" speed="0.3"/>
								<Panel filename="kingdom-views/tex/ui/kv_negative_input_field.png">
									<Pivot anchor="center"/>
									<Insets left="10" top="0" right="10" bottom="0"/>
									<Size width="530" height="88"/>
								</Panel>
							</SceneObject>

							<SceneObject name="TextField">
								<!-- yes leave maxHeight to 1 (Marc) -->
								<Text alignment="left" maxWidth="480" maxHeight="88" allowWordWrapping="false" font="KingSuperGroteskOffcProRegularUnicode" overflowBehaviour="fit">
									<TextString></TextString>
									<Color r="0" g="0" b="0" />
									<Size x="40" y="40"/>
									<Pivot anchor="left"/>
								</Text>
								<Translation x="-240" y="10.0"/>
								<SceneObject name="Cursor">
									<Text alignment="center" maxWidth="380" maxHeight="45" font="KingSuperGroteskOffcProRegular">
										<TextString>|</TextString>
										<Color r="159" g="179" b="255" />
										<Size x="45" y="45"/>
										<Pivot anchor="left"/>
									</Text>
									<Translation y="0"/>
								</SceneObject>

								<SceneObject name="PlaceholderField">
									<Translation x="0" y="0" z="3.45"/>
									<Text alignment="left" maxWidth="480" maxHeight="40" font="KingSuperGroteskOffcProRegular" overflowBehaviour="fit">
										<TextString></TextString>
										<Color r="0" g="0" b="0" a="50"/>
										<Size x="40" y="40"/>
										<Pivot anchor="left"/>
									</Text>
								</SceneObject>
							</SceneObject>
							
							<SceneObject name="ButtonForgotPassword" class="Button" visibility="always">
								<!-- for some strange reason the text needs to be nested into 2 scene objects to get the proper color -->
								<SceneObject>
									<SceneObject>
										<Translation x="245" y="10.0"/>
										<Text alignment="right" style="KingdomGreenLink" key="kingdom_button_forgot_pw_short" maxWidth=""/>
									</SceneObject>
								</SceneObject>
							</SceneObject>

							<SceneObject name="CheckIcon" visibility="never">
								<Translation z="1" x="242"/>
								<Sprite filename="kingdom-views/tex/ui/kv_check_icon.png">
									<Pivot anchor="right"/>
								</Sprite>
							</SceneObject>
							<SceneObject name="RedXIcon" visibility="never">
								<Translation z="1" x="242"/>
								<Sprite filename="kingdom-views/tex/ui/kv_red_x_icon.png">
									<Pivot anchor="right"/>
								</Sprite>
							</SceneObject>
						</SceneObject>
					</SceneObject>

					<SceneObject name="ButtonSignInVisiblePosition"/>
					<SceneObject name="ButtonSignInInvisiblePosition"/>
					
					<SceneObject name="ButtonSignIn" class="Button">
						<SceneObject name="ButtonImage">
							<Panel filename="kingdom-views/tex/ui/kv_green_button.png" vertexColors="true">
								<Pivot anchor="top"/>
								<Insets left="15" top="14" right="15" bottom="26"/>
								<Size width="450" height="96"/>
							</Panel>
						</SceneObject>
						<SceneObject name="ButtonDownImage">
							<Panel filename="kingdom-views/tex/ui/kv_green_button_down.png" vertexColors="true">
								<Pivot anchor="top"/>
								<Insets left="15" top="14" right="15" bottom="26"/>
								<Size width="450" height="96"/>
							</Panel>
						</SceneObject>
						<SceneObject name="Text">
							<Translation x="0" y="54" z="2.45"/>
							<Text style="KingdomButton" key="kingdom_button_sign_in" />
						</SceneObject>
						<SceneObject name="Spinner">
							<Animation name="Idle" animationData="KingdomRotateZ" loopCount="-1"/>
							<Translation x="0" y="43" z="0.0"/>
							<Sprite filename="kingdom-views/tex/ui/white_preloader.png">
								<Pivot anchor="center"/>
							</Sprite>
						</SceneObject>
						<SceneObject name="Checkmark">
							<Translation x="0" y="43" z="0.0"/>
							<Sprite filename="kingdom-views/tex/ui/round_white_check_icon.png">
								<Pivot anchor="center"/>
							</Sprite>
						</SceneObject>
						<SceneObject name="ButtonIcon" visibility="never">
							<Translation x="-157" y="44" z="0.0"/>
							<Panel filename="kingdom-views/tex/ui/bg_color.png" vertexColors="true">
								<Pivot anchor="right"/>
								<Insets left="0" top="0" right="0" bottom="0"/>
								<Size width="40" height="40"/>
							</Panel>
						</SceneObject>
					</SceneObject>
				</SceneObject>
			</SceneObject>
		</SceneObject>
	</SceneObject>
</Scene>

