<!DOCTYPE Layout SYSTEM "../../../../../../../../core/tools/dtd/layout.dtd">
<Layout>
  <Import filename="kingdom-views/scenes/menu_root_layout.xml"/>
  <Object sceneObject="Background">
    <Default>
      <Size forceUniform="false">
        <Width percentage="100"/>
        <Height percentage="100"/>
      </Size>
      <Translation>
        <X percentage="-50"/>
        <Y percentage="-50"/>
      </Translation>
    </Default>
  </Object>
  <Object sceneObject="ScrollBar">
    <Default visible="false"/>
  </Object>
</Layout>

