<!DOCTYPE Layout SYSTEM "../../../../../../../../core-platform/tools/dtd/layout.dtd">
<Layout>
	<Object sceneObject="SceneRoot">
		<Phone>
			<Translation>
				<X percentage="50"/>
				<Y percentage="50"/>
			</Translation>
			<Size forceUniform="true">
				<Width percentage="100"/>
				<Height percentage="100"/>
			</Size>
		</Phone>
		<Tablet>
			<Translation>
				<X percentage="50"/>
				<Y percentage="50"/>
			</Translation>
			<Size forceUniform="true">
				<OriginalSize width="640" height="960"/>
				<Width percentage="95"/>
				<Height percentage="70"/>
			</Size>
		</Tablet>
	</Object>

	<Object sceneObject="ViewRoot">
		<Tablet>
			<!-- Shift away from center because of tab bar at the bottom -->
			<Translation>
				<X percentage="0"/>
				<Y percentage="-9"/> 
			</Translation>
		</Tablet>
		<Phone>
			<!-- Keep centered for Phone -->
			<Translation>
				<X percentage="0" />
				<Y percentage="0" />
			</Translation>
		</Phone>
	</Object>

	<Object sceneObject="TabletBorder">
		<Tablet visible="true" />
		<Phone visible="false" />
	</Object>


	<Import filename="kingdom-views/scenes/view_root_layout.xml"/>
	
	<Object sceneObject="TabletBorderGameCamera">
		<Default>
			<Size forceUniform="false">
				<Width percentage="124" />
				<Height percentage="130" />
			</Size>
			<Translation>
				<Y percentage="7.75" />
			</Translation>
		</Default>
	</Object>
	
	<Object sceneObject="TabletBorderKingdomCamera">
		<Default>
			<Size forceUniform="false">
				<Width percentage="124" />
				<Height percentage="130" />
			</Size>
			<Translation>
				<Y percentage="7.75" />
			</Translation>
		</Default>
	</Object>
	
	<Object sceneObject="TabletHeaderButtonsContainer">
		<Default>
			<Translation>
				<Y percentage="-50.8"/>
			</Translation>
			<Size>
				<Width percentage="100"/>
				<Height percentage="12"/>
			</Size>
		</Default>
	</Object>

	<Object sceneObject="TopBarContainer">
		<Default>
			<Translation>
				<Y percentage="-50"/>
			</Translation>
			<Size>
				<Width percentage="100"/>
				<Height percentage="11"/>
			</Size>
		</Default>
	</Object>

	<Object sceneObject="ErrorDisplayContainer">
		<Default>
			<Translation>
				<Y percentage="-39"/>
			</Translation>
			<Size forceUniform="false">
				<Width percentage="100"/>
				<Height percentage="9"/>
			</Size>
		</Default>
	</Object>

	<Object sceneObject="TabletTabBarContainer">
		<Default>
			<Translation>
				<Y percentage="38.2"/>
			</Translation>
			<Size forceUniform="false">
				<Width percentage="100"/>
				<Height percentage="15"/>
			</Size>
		</Default>
	</Object>
	
	<Object sceneObject="TabBarBackgroundImage">
		<Tablet visible="false"/>
		<Default visible="true">
			<Translation>
				<Y percentage="-35"/>
			</Translation>
			<Size forceUniform="false">
				<Width percentage="100"/>
				<Height percentage="70"/>
			</Size>
		</Default>
	</Object>
	
	<Object sceneObject="TabBarContainer">
		<Default>
			<Translation>
				<Y percentage="45"/>
			</Translation>
			<Size forceUniform="true">
				<Width percentage="100"/>
				<Height percentage="15"/>
			</Size>
		</Default>
	</Object>

	<Object sceneObject="AccountSettingsButton">
		<Default>
			<Translation>
				<X percentage="16.66667"/>
			</Translation>
			<Size forceUniform="true">
				<OriginalSize width="110" height="100"/>
				<Width percentage="100"/>
				<Height percentage="60"/>
			</Size>
		</Default>
		<Portrait>
			<Translation>
				<Y percentage="-8"/>
			</Translation>
		</Portrait>
	</Object>

	<Object sceneObject="ProfileCardButton">
		<Default>
			<Translation>
				<X percentage="-16.66667"/>
			</Translation>
			<Size forceUniform="true">
				<OriginalSize width="110" height="100"/>
				<Width percentage="100"/>
				<Height percentage="60"/>
			</Size>
		</Default>
		<Portrait>
			<Translation>
				<Y percentage="-8"/>
			</Translation>
		</Portrait>
	</Object>

	<Import filename="kingdom-views/scenes/error_display_layout.xml" />
	<Import filename="kingdom-views/scenes/header_layout.xml"/>
	
</Layout>


