<!DOCTYPE Layout SYSTEM "../../../../../../../../core-platform/tools/dtd/layout.dtd">
<Layout>
	<Object sceneObject="SceneRoot">
		<Default>
			<Translation>
				<X percentage="50"/>
				<Y percentage="50"/>
			</Translation>
			<Size forceUniform="true">
				<Width percentage="100"/>
				<Height percentage="100"/>
			</Size>
		</Default>
	</Object>

	<Object sceneObject="SceneMenuRoot">
		<Phone>
			<Translation>
				<X percentage="50"/>
				<Y percentage="50"/>
			</Translation>
			<Size forceUniform="true">
				<Width percentage="100"/>
				<Height percentage="100"/>
			</Size>
		</Phone>
		<Tablet>
			<Translation>
				<X percentage="50"/>
				<Y percentage="50"/>
			</Translation>
			<Size forceUniform="true">
				<OriginalSize width="640" height="960"/>
				<Width percentage="95"/>
				<Height percentage="70"/>
			</Size>
		</Tablet>
	</Object>

	<Object sceneObject="ViewRoot">
		<Tablet>
			<!-- Shift away from center because of tab bar at the bottom -->
			<Translation>
				<X percentage="0"/>
				<Y percentage="0"/> 
			</Translation>
		</Tablet>
		<Phone>
			<!-- Keep centered for Phone -->
			<Translation>
				<X percentage="0" />
				<Y percentage="0" />
			</Translation>
		</Phone>
	</Object>

	<Object sceneObject="TabletBorder">
		<Tablet visible="true" />
		<Phone visible="false" />
	</Object>
	
	<Object sceneObject="TabletBorderGameCamera">
		<Default>
			<Size forceUniform="false">
				<Width percentage="126" />
				<Height percentage="123" />
			</Size>
			<Translation>
				<Y percentage="1" />
			</Translation>
		</Default>
	</Object>
	
	<Object sceneObject="TabletBorderKingdomCamera">
		<Default>
			<Size forceUniform="false">
				<Width percentage="126" />
				<Height percentage="123" />
			</Size>
			<Translation>
				<Y percentage="1" />
			</Translation>
		</Default>
	</Object>
	
	<Object sceneObject="TabletHeaderButtonsContainer">
		<Default>
			<Translation>
				<Y percentage="-50.8"/>
			</Translation>
			<Size>
				<Width percentage="100"/>
				<Height percentage="12"/>
			</Size>
		</Default>
	</Object>

	<Object sceneObject="TopBarContainer">
		<Default>
			<Translation>
				<Y percentage="-50"/>
			</Translation>
			<Size>
				<Width percentage="100"/>
				<Height percentage="13"/>
			</Size>
		</Default>
	</Object>

	<Object sceneObject="ErrorDisplayContainer">
		<Default>
			<Translation>
				<Y percentage="-39"/>
			</Translation>
			<Size forceUniform="false">
				<Width percentage="100"/>
				<Height percentage="9"/>
			</Size>
		</Default>
	</Object>
	
	<Import filename="kingdom-views/scenes/toast_layout.xml"/>
	<Import filename="kingdom-views/scenes/entry_layout.xml"/>
	<Import filename="kingdom-views/scenes/view_root_layout.xml"/>
	<Import filename="kingdom-views/scenes/error_display_layout.xml" />
	<Import filename="kingdom-views/scenes/header_layout.xml"/>
	<Import filename="kingdom-views/scenes/tab_bar_layout.xml"/>
	
</Layout>


