<!DOCTYPE Scene SYSTEM "../../../../../../../../core-platform/tools/dtd/scene.dtd">
<Scene>
	<SceneObject name="SceneRoot">
		<SceneObject name="ViewRootInPosition"/>
		<SceneObject name="ViewRootOutBottomPosition"/>
		<SceneObject name="ViewRoot">
			<SceneObject name="TabletBorder">
				<!--	These objects and its sub objects are rendered using the game camera, put all
										objects that are OUTSIDE Kingdom in here.
				-->
				<SceneObject name="TabletBorderGameCamera" layerFlags="1">
					<Translation z="1" />
					<Panel filename="kingdom-views/tex/ui/tablets_border_extended.png">
						<Pivot anchor="center"/>
						<Insets left="92" top="195" right="92" bottom="250"/>
						<Size width="780" height="1300" />
						<RemoveQuads center="true" />
					</Panel>
					<SceneObject name="TabletTabBarContainer">
						<Translation z="200"/>
						<Import filename="kingdom-views/scenes/tab_bar.xml"/>
					</SceneObject>
				</SceneObject>

        <SceneObject name="EntryPointContainer">
          <Import filename="kingdom-views/scenes/entry.xml"/>
        </SceneObject>

				<!--	This object is rendered using the Kingdom camera, put all
						objects that are INSIDE Kingdom in here. We have to add the
						border here again, to get the nice rounded effect on the
						insets.
				-->
				<SceneObject>
					<Translation z="101" /><!-- header Z + 1 -->
					<SceneObject name="TabletBorderKingdomCamera">
						<Panel filename="kingdom-views/tex/ui/tablets_border_extended.png">
							<Pivot anchor="center"/>
							<Insets left="92" top="195" right="92" bottom="250"/>
							<Size width="780" height="1300" />
							<RemoveQuads center="true" />
						</Panel>
					</SceneObject>
					<SceneObject name="TabletHeaderButtonsContainer">
						<Translation z="1" />
					</SceneObject>
				</SceneObject>
			</SceneObject>

			<SceneObject name="TopBarContainer">
				<Import filename="kingdom-views/scenes/header.xml"/>
			</SceneObject>
				
			<SceneObject name="TabBarContainer">
				<Translation z="100"/>
				<Import filename="kingdom-views/scenes/tab_bar.xml"/>
			</SceneObject>
					
			<SceneObject name="ErrorDisplayContainer">
				<Import filename="kingdom-views/scenes/error_display.xml"/>
			</SceneObject>

		</SceneObject>
	</SceneObject>
</Scene>

