<!DOCTYPE Scene SYSTEM "../../../../../../../../core-platform/tools/dtd/scene.dtd">
<Scene>
	<SceneObject name="SceneRoot">
		<Import filename="kingdom-views/scenes/toast.xml"/>
	    <Import filename="kingdom-views/scenes/entry.xml"/>
		<SceneObject name="SceneMenuRoot">
			<SceneObject name="ViewRootInPosition"/>
			<SceneObject name="ViewRootOutBottomPosition"/>
	    
			<SceneObject name="ViewRoot">
				<SceneObject name="TabletBorder">
					<!--	These objects and its sub objects are rendered using the game camera, put all
											objects that are OUTSIDE Kingdom in here.
					-->
					<SceneObject name="TabletBorderGameCamera" layerFlags="1">
						<Translation z="1" />
						<Panel filename="kingdom-views/tex/ui/tablets_border.png">
							<Pivot anchor="center"/>
							<Insets left="92" top="195" right="92" bottom="92"/>
							<Size width="650" height="880" />
							<RemoveQuads center="true" />
						</Panel>

					</SceneObject>

					<!--	This object is rendered using the Kingdom camera, put all
							objects that are INSIDE Kingdom in here. We have to add the
							border here again, to get the nice rounded effect on the
							insets.
					-->
					<SceneObject>
						<Translation z="101" /><!-- header Z + 1 -->
						<SceneObject name="TabletBorderKingdomCamera">
							<Panel filename="kingdom-views/tex/ui/tablets_border.png">
								<Pivot anchor="center"/>
								<Insets left="92" top="195" right="92" bottom="92"/>
								<Size width="650" height="880" />
								<RemoveQuads center="true" />
							</Panel>
						</SceneObject>
						<SceneObject name="TabletHeaderButtonsContainer">
							<Translation z="1" />
						</SceneObject>
					</SceneObject>
				</SceneObject>

				<SceneObject name="TopBarContainer">
					<Import filename="kingdom-views/scenes/header.xml"/>
				</SceneObject>

				<Import filename="kingdom-views/scenes/tab_bar.xml"/>

				<SceneObject name="ErrorDisplayContainer">
	        <Translation z="99"/>
					<Import filename="kingdom-views/scenes/error_display.xml"/>
				</SceneObject>

			</SceneObject>
		</SceneObject>
	</SceneObject>
</Scene>

