<!DOCTYPE Scene SYSTEM "../../../../../../../../core-platform/tools/dtd/scene.dtd">
<Scene>
	<SceneObject name="ScrollBarContainer">
		<Translation z="50" />
		<Panel filename="kingdom-views/tex/ui/scroller_bg.png">
			<Pivot anchor="center"/>
			<Insets left="0" top="7.5" right="0" bottom="7.5"/>
			<Size height="400" width="10"/>
		</Panel>

		<SceneObject name="ScrollBarDragger">
			<Panel filename="kingdom-views/tex/ui/scroller_drager.png">
				<Pivot anchor="top"/>
				<Insets left="0" top="7.5" right="0" bottom="7.5"/>
				<Size height="400" width="10"/>
			</Panel>
		</SceneObject>
	</SceneObject>		
</Scene>

