<!DOCTYPE Layout SYSTEM "../../../../../../../../core-platform/tools/dtd/layout.dtd">
<Layout>
	<Object sceneObject="ScrollBarDragger">
		<Default>
			<Translation>
				<Y percentage="-50"/>
			</Translation>
			<Size forceUniform="false">
				<Width percentage="100" />
				<Height percentage="100" />
			</Size>
		</Default>
	</Object>
	
	<Object sceneObject="ScrollBarContainer">
		<Default>
			<Translation>
				<X percentage="47"/>
			</Translation>
		</Default>
		<Portrait>
			<Translation>
				<Y percentage="1"/>
			</Translation>
			<Size forceUniform="false">
				<Width percentage="3"/>
				<Height percentage="74"/>
			</Size>
		</Portrait>
		<Landscape>
			<Translation>
				<Y percentage="1"/>
			</Translation>
			<Size forceUniform="false">
				<Width percentage="1.4"/>
				<Height percentage="73"/>
			</Size>
		</Landscape>
	</Object>
	
</Layout>

