<!DOCTYPE Layout SYSTEM "../../../../../../../../core-platform/tools/dtd/layout.dtd">
<Layout>
    <Object sceneObject="TabBarContainer">
        <Default>
            <Translation>
                <Y percentage="50"/>
            </Translation>
            <Size forceUniform="true">
                <Width percentage="100"/>
            </Size>
        </Default>
        <Portrait>
            <Size forceUniform="true">>
                <Height percentage="10"/>
            </Size>
        </Portrait>
        <Landscape>
            <Size forceUniform="true">>
                <Height percentage="14"/>
            </Size>
        </Landscape>
    </Object>

    <Object sceneObject="TabBarBackgroundImage">
        <Default visible="true">
            <Size forceUniform="false">
                <Width percentage="100"/>
                <Height percentage="100"/>
            </Size>
        </Default>
    </Object>

    <Object sceneObject="AccountSettingsButton">
        <Default>
            <Translation>
                <X percentage="16.66667"/>
            </Translation>
            <Size forceUniform="true">
                <Height percentage="60"/>
            </Size>
        </Default>
        <Portrait>
            <Translation>
                <Y percentage="-60"/>
            </Translation>
        </Portrait>
        <Landscape>
            <Translation>
                <Y percentage="-50"/>
            </Translation>
        </Landscape>
    </Object>

    <Object sceneObject="ProfileCardButton">
        <Default>
            <Translation>
                <X percentage="-16.66667"/>
            </Translation>
            <Size forceUniform="true">
                <Height percentage="60"/>
            </Size>
        </Default>
        <Portrait>
            <Translation>
                <Y percentage="-60"/>
            </Translation>
        </Portrait>
        <Landscape>
            <Translation>
                <Y percentage="-50"/>
            </Translation>
        </Landscape>
    </Object>
</Layout>
