<!DOCTYPE Scene SYSTEM "../../../../../../../../core-platform/tools/dtd/scene.dtd">
<Scene>
	<SceneObject name="TabBarContainer">
		<Translation z="100"/>
		<SceneObject name="TabBarBackgroundImage">
			<Sprite filename="kingdom-views/tex/ui/top_border.png">
				<Pivot anchor="bottom"/>
			</Sprite>
		</SceneObject>
		<SceneObject name="AccountSettingsButton" class="Button">
			<SceneObject name="Active" visibility="never">
				<Mesh>
					<Sprite filename="kingdom-views/tex/ui/active_settings_icon.png">
						<Pivot anchor="center" />
					</Sprite>
				</Mesh>
				<SceneObject name="ActiveSettingsText">
					<Text style="KingdomSmallSelected" key="kingdom_tabbar_settings" maxWidth="560">
						<Pivot y="52"/>
					</Text>
				</SceneObject>
			</SceneObject>
			<SceneObject name="Inactive">
				<Mesh>
					<Sprite filename="kingdom-views/tex/ui/settings_icon.png">
						<Pivot anchor="center" />
					</Sprite>
				</Mesh>
				<SceneObject name="InactiveSettingsText">
					<Text style="KingdomSmallUnselected" key="kingdom_tabbar_settings" maxWidth="560">
						<Pivot y="52"/>
					</Text>
				</SceneObject>
			</SceneObject>
		</SceneObject>
		<SceneObject name="ProfileCardButton" class="Button">
			<SceneObject name="Active" visibility="never">
				<Mesh>
					<Sprite filename="kingdom-views/tex/ui/active_home_icon.png">
						<Pivot anchor="center" />
					</Sprite>
				</Mesh>
				<SceneObject name="ActiveProfileText">
					<Text style="KingdomSmallSelected" key="kingdom_tabbar_profile" maxWidth="560">
						<Pivot y="52"/>
					</Text>
				</SceneObject>
			</SceneObject>
			<SceneObject name="Inactive">
				<Mesh>
					<Sprite filename="kingdom-views/tex/ui/home_icon.png">
						<Pivot anchor="center" />
					</Sprite>
				</Mesh>
				<SceneObject name="InactiveProfileText">
					<Text style="KingdomSmallUnselected" key="kingdom_tabbar_profile" maxWidth="560">
						<Pivot y="52"/>
					</Text>
				</SceneObject>
			</SceneObject>
		</SceneObject>
	</SceneObject>
</Scene>
