<!DOCTYPE Scene SYSTEM "../../../../../../../../core-platform/tools/dtd/scene.dtd">
<Scene>
	<SceneObject name="TextFieldPanel">
		<SceneObject name="InactivePanel">
			<SceneObject>
				<Panel filename="kingdom-views/tex/ui/kv_nonactive_input_field.png">
					<Pivot anchor="center"/>
					<Insets left="10" top="0" right="10" bottom="0"/>
					<Size width="530" height="88"/>
				</Panel>
			</SceneObject>
			<SceneObject name="Pen">
				<Translation z="1" x="242"/>
				<Sprite filename="kingdom-views/tex/ui/kv_pen_icon.png">
					<Pivot anchor="right"/>
				</Sprite>
			</SceneObject>
		</SceneObject>
		<SceneObject name="EditingPanel">
			<Panel filename="kingdom-views/tex/ui/kv_active_input_field.png">
				<Pivot anchor="center"/>
				<Insets left="10" top="0" right="10" bottom="0"/>
				<Size width="530" height="88"/>
			</Panel>
		</SceneObject>
		<SceneObject name="ErrorPanel">
			<Animation name="BlinkTwice" animationData="KingdomBlink" loopCount="1" speed="0.3"/>
			<Panel filename="kingdom-views/tex/ui/kv_negative_input_field.png">
				<Pivot anchor="center"/>
				<Insets left="10" top="0" right="10" bottom="0"/>
				<Size width="530" height="88"/>
			</Panel>
		</SceneObject>

		<SceneObject name="TextField">
			<!-- yes leave maxHeight to 1 (Marc) -->
			<Text alignment="left" maxWidth="470" maxHeight="88" allowWordWrapping="false" font="KingSuperGroteskOffcProRegularUnicode" overflowBehaviour="fit">
				<TextString></TextString>
				<Color r="0" g="0" b="0" />
				<Size x="40" y="40"/>
				<Pivot anchor="left"/>
			</Text>
			<Translation x="-240" y="10.0"/>
			<SceneObject name="Cursor">
				<Text alignment="center" maxWidth="380" maxHeight="45" font="KingSuperGroteskOffcProRegular">
					<TextString>|</TextString>
					<Color r="159" g="179" b="255" />
					<Size x="45" y="45"/>
					<Pivot anchor="left"/>
				</Text>
				<Translation y="0"/>
			</SceneObject>
						
			<SceneObject name="PlaceholderField">
				<Translation x="0" y="0" z="3.45"/>
				<Text alignment="left" maxWidth="470" maxHeight="40" font="KingSuperGroteskOffcProRegular" overflowBehaviour="fit">
					<TextString></TextString>
					<Color r="0" g="0" b="0" a="50"/>
					<Size x="40" y="40"/>
					<Pivot anchor="left"/>
				</Text>
			</SceneObject>
		</SceneObject>		
	</SceneObject>
</Scene>







