<!DOCTYPE Scene SYSTEM "../../../../tools/dtd/scene.dtd">
<Scene>
	<SceneObject name="ToastImage">
		<Mesh>
			<Sprite name="MessageImage" filename="kingdom-views/tex/ui/generic_achievement_icon.png">
				<Pivot anchor="bottom"/>
				<Insets left="0" top="0" right="0" bottom="0"/>
			</Sprite>
		</Mesh>
		<SceneObject name="ImageText"/>
		<SceneObject name="ImageShine"/>
	</SceneObject>

	<SceneObject name="ToastMessageIcon">
		<Mesh>
			<Sprite filename="kingdom-views/tex/ui/trophy_icon.png">
				<Pivot anchor="bottom"/>
				<Insets left="0" top="0" right="0" bottom="0"/>
			</Sprite>
		</Mesh>
	</SceneObject>
</Scene>
