<!DOCTYPE Scene SYSTEM "../../../../tools/dtd/scene.dtd">
<Scene>
	<SceneObject name="ToastContainer" layerFlags="4">
		<Animation name="KingdomShowToast" animationData="KingdomShowToast" loopCount="0"/>
		<Animation name="KingdomHideToast" animationData="KingdomHideToast" loopCount="0"/>
		<Translation z="21"/>
		<SceneObject name="ToastShadow">
			<Animation name="KingdomShowToastShadow" animationData="KingdomShowToastShadow" loopCount="0"/>
			<Animation name="KingdomHideToastShadow" animationData="KingdomHideToastShadow" loopCount="0"/>
			<Mesh>
				<Panel filename="kingdom-views/tex/ui/toaster_shadow_freeslice.png">
					<Pivot anchor="bottom"/>
					<Insets left="0" top="0" right="0" bottom="0"/>
				</Panel>
			</Mesh>
		</SceneObject>
		<SceneObject name="ToastBackground">
		<Mesh>
			<Panel filename="kingdom-views/tex/ui/toaster_orange.png">
				<Pivot anchor="bottom"/>
				<Insets left="15" top="15" right="15" bottom="15"/>
				<Size width="600" height="100"/>
			</Panel>
		</Mesh>
		</SceneObject>
		<SceneObject name="ToastIconContainer">
			<SceneObject name="ToastCrossIcon" class="Button">
				<Mesh>
					<Panel filename="kingdom-views/tex/ui/white_x.png">
						<Pivot anchor="bottom"/>
						<Insets left="0" top="0" right="0" bottom="0"/>
					</Panel>
				</Mesh>
			</SceneObject>
			<SceneObject name="ToastArrowIcon" class="Button">
				<Mesh>
					<Panel filename="kingdom-views/tex/ui/white_arrow_down.png">
						<Pivot anchor="bottom"/>
						<Insets left="0" top="0" right="0" bottom="0"/>
					</Panel>
				</Mesh>
			</SceneObject>
		</SceneObject>
		<SceneObject name="ToastMessageContainer" class="Button">
			<Animation name="KingdomOpenToastMessage" animationData="KingdomOpenToastMessage" loopCount="0"/>
			<Animation name="KingdomCloseToastMessage" animationData="KingdomCloseToastMessage" loopCount="0"/>
			<SceneObject name="ToastMessageBackground">
				<Mesh>
					<Panel filename="kingdom-views/tex/ui/toaster_white.png">
						<Pivot anchor="bottom"/>
						<Insets left="15" top="15" right="15" bottom="15"/>
						<Size width="600" height="100"/>
					</Panel>
				</Mesh>
			</SceneObject>
			<SceneObject name="ToastTitleText">
				<Text style="KingdomSmallHeader" maxWidth="500" overflowBehaviour="fit" allowWordWrapping="false">
					<Color a="255" r="73" g="73" b="73" />
					<TextString>New message:</TextString>
				</Text>
			</SceneObject>
			<SceneObject name="ToastDescriptionText">
				<Text style="KingdomSmallInfo" maxWidth="700" maxHeight="50" alignment="left" allowWordWrapping="true">
					<Color a="255" r="7" g="182" b="125" />
					<TextString>Nice... lets decide later, lorem ipsujjjjjjjj sit amet</TextString>
				</Text>
			</SceneObject>
			<SceneObject name="ToastCountText">
				<Text style="KingdomSmallHeader" alignment="right"/>
			</SceneObject>
			<SceneObject name="ToastImageContainer">
				<SceneObject name="ToastImageBevel">
					<Mesh>
						<Panel filename="kingdom-views/tex/ui/image_bevel_hd.png">
							<Pivot anchor="bottom"/>
							<Insets left="0" top="0" right="0" bottom="0"/>
						</Panel>
					</Mesh>
				</SceneObject>
			</SceneObject>
		</SceneObject>
	</SceneObject>
</Scene>
