<!DOCTYPE Layout SYSTEM "../../../../tools/dtd/layout.dtd">
<Layout>
	<Object sceneObject="ToastContainer">
		<Default visible="true">
			<Translation>
				<X percentage="50"/>
			</Translation>
		</Default>
		<Portrait>
			<Translation>
				<Y percentage="100"/>
			</Translation>
			<Size forceUniform="true">
				<Width percentage="100"/>
				<Height percentage="9"/>
			</Size>
		</Portrait>
		<Landscape>
			<Translation>
				<Y percentage="97"/>
			</Translation>
			<Size forceUniform="true">
				<Width percentage="60"/>
				<Height percentage="14"/>
			</Size>
		</Landscape>
		<PortraitTablet>
			<Translation>
				<Y percentage="98"/>
			</Translation>
			<Size forceUniform="true">
				<Width percentage="65"/>
				<Height percentage="7"/>
			</Size>
		</PortraitTablet>
		<LandscapeTablet>
			<Translation>
				<Y percentage="98"/>
			</Translation>
			<Size forceUniform="true">
				<Width percentage="50"/>
				<Height percentage="9"/>
			</Size>
		</LandscapeTablet>
	</Object>
	<Object sceneObject="ToastShadow">
		<Default visible="true">
			<Translation>
				<Y percentage="50"/>
			</Translation>
	 		<Size forceUniform="false">
	 			<Width percentage="180"/>
	 			<Height percentage="200"/>
			</Size>
		</Default>
	</Object>
	<Object sceneObject="ToastBackground">
		<Default>
			<Size forceUniform="false">
				<Width percentage="100"/>
				<Height percentage="100"/>
			</Size>
		</Default>
		<Portrait>
			<Size forceUniform="false">
				<Width percentage="110"/>
				<Height percentage="100"/>
			</Size>
		</Portrait>
	</Object>
	<Object sceneObject="ToastMessageContainer">
		<Default>
			<Size forceUniform="true">
				<Width percentage="90"/>
				<Height percentage="94"/>
			</Size>
			<Translation>
				<X percentage="-4.5"/>
				<Y percentage="-1"/>
			</Translation>
		</Default>
 	</Object>
 	<Object sceneObject="ToastMessageBackground">
 		<Default>
			<Size forceUniform="false">
				<Width percentage="100"/>
				<Height percentage="100"/>
			</Size>
		</Default>
 	</Object>
	<Object sceneObject="ToastMessageIcon">
		<Default visible="true">
			<Translation>
				<X percentage="46"/>
				<Y percentage="-63"/>
			</Translation>
			<Size forceUniform="true">
				<Height percentage="20"/>
			</Size>
		</Default>
	</Object>
 	<Object sceneObject="ToastIconContainer">
 		<Default>
			<Translation>
				<X percentage="45"/>
				<Y percentage="-37"/>
			</Translation>
			<Size forceUniform="true"/>
		</Default>
 	</Object>
	<Object sceneObject="ToastCrossIcon">
		<Default visible="false">
			<Size forceUniform="true">
				<Height percentage="27"/>
			</Size>
		</Default>
	</Object>
	<Object sceneObject="ToastArrowIcon">
		<Default visible="true">
			<Size forceUniform="true">
				<Height percentage="20"/>
			</Size>
		</Default>
	</Object>
	<Object sceneObject="ToastTitleText">
		<Default>
			<Size forceUniform="true">
				<Height percentage="20"/>
			</Size>
			<Translation>
				<X percentage="-35"/>
				<Y percentage="-66"/>
			</Translation>
		</Default>
		<Portrait>
			<Translation>
				<X percentage="-34"/>
			</Translation>
		</Portrait>
		<Landscape>
			<Translation>
				<X percentage="-35"/>
			</Translation>
		</Landscape>
	</Object>
	<Object sceneObject="ToastDescriptionText">
		<Default>
			<Size forceUniform="true">
				<Width percentage="80"/>
				<Height percentage="23"/>
			</Size>
			<Translation>
				<X percentage="-35"/>
				<Y percentage="-35"/>
			</Translation>
		</Default>
		<Portrait>
			<Translation>
				<X percentage="-34"/>
			</Translation>
		</Portrait>
		<Landscape>
			<Translation>
				<X percentage="-35"/>
			</Translation>
		</Landscape>
	</Object>
	<Object sceneObject="ToastCountText">
		<Default>
			<Translation>
				<X percentage="47"/>
				<Y percentage="-15"/>
			</Translation>
			<Size forceUniform="true">
				<Height percentage="20"/>
			</Size>
		</Default>
	</Object>
	<Object sceneObject="ToastImageContainer">
		<Default>
			<Translation>
				<X percentage="-42"/>
				<Y percentage="-22"/>
			</Translation>
			<Size forceUniform="true">
				<Height percentage="66"/>
			</Size>
		</Default>
	</Object>
	<Object sceneObject="ToastImageBevel">
		<Default>
			<Translation>
				<Y percentage="8"/>
			</Translation>
	 		<Size forceUniform="true">
				<Height percentage="117"/>
			</Size>
		</Default>
	</Object>
	<Object sceneObject="ToastImage">
		<Default>
			<Size forceUniform="true">
				<Height percentage="100"/>
			</Size>
		</Default>
	</Object>
	<Object sceneObject="ImageText">
		<Default visible="true">
			<Translation>
				<X percentage="1"/>
				<Y percentage="-50"/>
			</Translation>
			<Size forceUniform="true">
				<Width percentage="60"/>
				<Height percentage="60"/>
			</Size>
		</Default>
	</Object>
	<Object sceneObject="ImageShine">
		<Default>
			<Translation>
				<Y percentage="-2"/>
			</Translation>
	 		<Size forceUniform="true">
				<Height percentage="98"/>
			</Size>
		</Default>
	</Object>
</Layout>
