<!DOCTYPE Scene SYSTEM "../../../../tools/dtd/scene.dtd">
<Scene>
	<SceneObject name="ToastImage">
		<Mesh>
			<Sprite name="MessageImage" filename="kingdom-views/tex/ui/level_up_badge.png">
				<Pivot anchor="bottom"/>
				<Insets left="0" top="0" right="0" bottom="0"/>
			</Sprite>
		</Mesh>
		<SceneObject name="ImageText">
				<Text style="KingdomImageText" >
				</Text>
		</SceneObject>
		<SceneObject name="ImageShine"/>
	</SceneObject>

	<SceneObject name="ToastMessageIcon">
		<Mesh>
			<Sprite filename="kingdom-views/tex/ui/level_up_icon.png">
				<Pivot anchor="bottom"/>
				<Insets left="0" top="0" right="0" bottom="0"/>
			</Sprite>
		</Mesh>
	</SceneObject>
</Scene>
