<!DOCTYPE Scene SYSTEM "../../../../../../../../core-platform/tools/dtd/scene.dtd">
<Scene>
	<SceneObject name="UserInfoBox">
		<SceneObject name="UserInfoAvatarBorder">
			<Translation x="0" y="0" z="2.0" />
			<Panel filename="kingdom-views/tex/ui/avatar_white_border.png">
				<Pivot anchor="right"/>
				<Insets left="20" top="20" right="20" bottom="20"/>
				<Size width="177" height="177"/> <!-- this influences the scale that is being applied to the downloaded avatar from code -->
				<RemoveQuads center="true"/>
			</Panel>
			<SceneObject name="UserInfoGlowContainer">
				<SceneObject name="UserInfoAvatar">
					<Translation x="-11.5" y="0" z="-1" /> <!-- -11.5 = (177 - 154) / 2; where 154 is the base size in the C++ code for the generated avatar mesh -->
				</SceneObject>
			</SceneObject>
		</SceneObject>
		<SceneObject name="UserInfoUserName">
			<Text style="KingdomUserInfoUserName" maxWidth="400" maxHeight="40" overflowBehaviour="fit" allowWordWrapping="false">
				<TextString>UserName</TextString>
				<Pivot y="-7" />
			</Text>
		</SceneObject>
		<SceneObject name="UserInfoEmail">
			<Text style="KingdomUserInfoEmail" maxWidth="400" maxHeight="30" overflowBehaviour="fit" allowWordWrapping="false">
				<TextString>Email</TextString>
				<Pivot y="20" />
			</Text>
		</SceneObject>
	</SceneObject>
</Scene>

