<!DOCTYPE Layout SYSTEM "../../../../../../../../core-platform/tools/dtd/layout.dtd">
<Layout>
	<Object sceneObject="UserInfoBox">
		<Default>
			<Size forceUniform="false">
				<Width percentage="100"/>
				<Height percentage="100"/>
			</Size>
		</Default>
	</Object>
	
	<Object sceneObject="UserInfoAvatarBorder">
		<Default>
			<Size forceUniform="true">
				<Width percentage="25"/>
				<Height percentage="100"/>
			</Size>
			<Translation>
				<X percentage="-0.5" />
			</Translation>
		</Default>
	</Object>
	
	<SceneObject name="UserInfoAvatar">
	</SceneObject>
	
	<Object sceneObject="UserInfoAvatarContainer">
		<Default>
			<Size forceUniform="false">
				<Width percentage="100"/>
				<Height percentage="100"/>
			</Size>
		</Default>
	</Object>
	
	<Object sceneObject="UserInfoUserName">
		<Default>
			<Size>
				<OriginalSize width="600" height="113"/>
				<Width percentage="100"/>
				<Height percentage="100"/>
			</Size>
			<Translation>
				<X percentage="0.5" />
				<Y percentage="0" />
			</Translation>
		</Default>
	</Object>

	<Object sceneObject="UserInfoEmail">
		<Default>
			<Translation>
				<X percentage="0.5" />
				<Y percentage="10" />
			</Translation>
		</Default>
		<Portrait>
			<Size>
				<OriginalSize width="600" height="113"/>
				<Width percentage="100"/>
			</Size>
		</Portrait>
		<Landscape>
			<Size>
				<OriginalSize width="600" height="113"/>
				<Height percentage="100"/>
			</Size>
		</Landscape>
	</Object>
	
</Layout>

