<!DOCTYPE Layout SYSTEM "../../../../../../../../core-platform/tools/dtd/layout.dtd">
<Layout>
	<Object sceneObject="ViewRootInPosition">
		<Default>
			<Translation>
				<X percentage="0"/>
				<Y percentage="0"/>
			</Translation>
		</Default>
	</Object>
	<Object sceneObject="ViewRootOutBottomPosition">
		<Default>
			<Translation>
				<X percentage="0"/>
			</Translation>
		</Default>
		<Phone>
			<Translation>
				<Y percentage="100"/>
			</Translation>
		</Phone>
		<Tablet>
			<Translation>
				<Y percentage="133"/>
			</Translation>
		</Tablet>
	</Object>
</Layout>

