<?xml version="1.0" encoding="UTF-8"?>
<!-- Created with TexturePacker http://www.codeandweb.com/texturepacker-->
<!-- $TexturePacker:SmartUpdate:a3616e273d99e4a7c7b63ccb59ea0982:05b65f2255844d5959b72b9d110badbd:0dbeed7acf6c3264861a2e70e992bcae$ -->
<!--Format:
n  => name of the sprite
x  => sprite x pos in texture
y  => sprite y pos in texture
w  => sprite width (may be trimmed)
h  => sprite height (may be trimmed)
pX => x pos of the pivot point (relative to sprite width)
pY => y pos of the pivot point (relative to sprite height)
oX => sprite's x-corner offset (only available if trimmed)
oY => sprite's y-corner offset (only available if trimmed)
oW => sprite's original width (only available if trimmed)
oH => sprite's original height (only available if trimmed)
r => 'y' only set if sprite is rotated
with polygon mode enabled:
vertices   => points in sprite coordinate system (x0,y0,x1,y1,x2,y2, ...)
verticesUV => points in sheet coordinate system (x0,y0,x1,y1,x2,y2, ...)
triangles  => sprite triangulation, 3 vertex indices per triangle
-->
<TextureAtlas imagePath="ui.png" width="512" height="512">
    <sprite n="Kingdom_icon.png" x="159" y="203" w="64" h="64" pX="0.5" pY="0.5"/>
    <sprite n="bg_color.png" x="137" y="502" w="2" h="2" pX="0.5" pY="0.5"/>
    <sprite n="bg_light_grey.png" x="145" y="502" w="2" h="2" pX="0.5" pY="0.5"/>
    <sprite n="bg_menu.png" x="145" y="477" w="2" h="2" pX="0.5" pY="0.5"/>
    <sprite n="bg_transparent.png" x="137" y="493" w="3" h="3" pX="0.5" pY="0.5" oX="0" oY="0" oW="2" oH="2"/>
    <sprite n="bg_white.png" x="145" y="485" w="2" h="2" pX="0.5" pY="0.5"/>
    <sprite n="border_shadow.png" x="137" y="477" w="2" h="10" pX="0.5" pY="0.5"/>
    <sprite n="check.png" x="59" y="477" w="36" h="32" pX="0.5" pY="0.5"/>
    <sprite n="green_button.png" x="467" y="3" w="34" h="107" pX="0.5" pY="0.5"/>
    <sprite n="king_logo.png" x="227" y="3" w="192" h="130" pX="0.5" pY="0.5"/>
    <sprite n="multilink5_border.png" x="3" y="3" w="150" h="265" pX="0.5" pY="0.5"/>
    <sprite n="multilink_frame.png" x="431" y="124" w="60" h="60" pX="0.5" pY="0.5"/>
    <sprite n="orange_button.png" x="425" y="3" w="36" h="115" pX="0.5" pY="0.5" oX="0" oY="0" oW="37" oH="116"/>
    <sprite n="orange_field.png" x="3" y="477" w="50" h="32" pX="0.5" pY="0.5"/>
    <sprite n="orange_separator.png" x="146" y="493" w="2" h="2" pX="0.5" pY="0.5"/>
    <sprite n="tablets_border.png" x="159" y="3" w="62" h="194" pX="0.5" pY="0.5"/>
    <sprite n="video_overlay.png" x="3" y="274" w="197" h="197" pX="0.5" pY="0.5"/>
    <sprite n="white_x.png" x="101" y="477" w="30" h="30" pX="0.5" pY="0.5"/>
    <sprite n="whitelisted.png" x="227" y="139" w="198" h="44" pX="0.5" pY="0.5" oX="1" oY="1" oW="200" oH="45"/>
</TextureAtlas>

