<Fonts>
	<UnicodeFont notForLocales="ja,ko,zh_CN,zh-Hans,zh,zh-Hant,zh_TW,zh_HK,zh_MO,zh-TW,zh-HK,zh-TW_TW,zh-HK_HK,zh-TW-TW,zh-HK-HK" name="KingSuperGroteskOffcProMediumUnicode" filename="king-fonts/fonts/king_super_grotesk_offc_pro_medium.ttf" shader="KingFontsAlphaTextureColor" offsetX="0" offsetY="-0.9" lineHeight="1" fallbackCharacter="�">
		<Scale x="0.8" y="0.8"/>
	</UnicodeFont>
	<UnicodeFont notForLocales="ja,ko,zh_CN,zh-Hans,zh,zh-Hant,zh_TW,zh_HK,zh_MO,zh-TW,zh-HK,zh-TW_TW,zh-HK_HK,zh-TW-TW,zh-HK-HK" name="KingSuperGroteskOffcProRegularUnicode" filename="king-fonts/fonts/king_super_grotesk_offc_pro.ttf" shader="KingFontsAlphaTextureColor" offsetX="0" offsetY="-0.9" lineHeight="1" fallbackCharacter="�">
		<Scale x="0.8" y="0.8"/>
	</UnicodeFont>
	<BitmapFont notForLocales="ja,ko,zh_CN,zh-Hans,zh,zh-Hant,zh_TW,zh_HK,zh_MO,zh-TW,zh-HK,zh-TW_TW,zh-HK_HK,zh-TW-TW,zh-HK-HK" name="KingSuperGroteskOffcProMedium" texture="king-fonts/tex/font/super_grotesk_offc_pro_medium.png" shader="KingFontsSDF" useSdf="true" offsetX="0.0" offsetY="0.0" bmProperties="king-fonts/fonts/king_super_grotesk_offc_pro_medium.fnt">
	    <Scale x="0.0178" y="0.0178"/>
	</BitmapFont>
	<BitmapFont notForLocales="ja,ko,zh_CN,zh-Hans,zh,zh-Hant,zh_TW,zh_HK,zh_MO,zh-TW,zh-HK,zh-TW_TW,zh-HK_HK,zh-TW-TW,zh-HK-HK" name="KingSuperGroteskOffcProRegular" texture="king-fonts/tex/font/super_grotesk_offc_pro_regular.png" shader="KingFontsSDF" useSdf="true" offsetX="0.0" offsetY="0.0" bmProperties="king-fonts/fonts/king_super_grotesk_offc_pro_regular.fnt">
	    <Scale x="0.0178" y="0.0178"/>
	</BitmapFont>
	<BitmapFont name="KingDebug" texture="king-fonts/tex/font/super_grotesk_offc_pro_medium.png" shader="KingFontsSDF" useSdf="true" offsetX="0.0" offsetY="0.0" bmProperties="king-fonts/fonts/king_super_grotesk_offc_pro_medium.fnt">
	    <Scale x="0.0178" y="0.0178"/>
	</BitmapFont>	
</Fonts>

