<Shaders>
	<Shader name="KingFontsSDF" vertexShader="king-fonts/shaders/sdffont.vert" fragmentShader="king-fonts/shaders/sdffont.frag">
		<Attribute name="a_position" input="Positions"><DefaultValue size="3" x="1" y="1" z="1"/></Attribute>
		<Attribute name="a_texCoord" input="UVs"><DefaultValue size="2" x="1" y="1"/></Attribute>
		<Attribute name="a_color" input="Colors"><DefaultValue size="4" x="1" y="1" z="1" w="1"/></Attribute>
		<Attribute name="a_textScale" input="TextScale"><DefaultValue size="3" x="0.5" y="0.5" z="1"/></Attribute>
	</Shader>
	<Shader name="KingFontsAlphaTextureColor" vertexShader="king-fonts/shaders/alphatexturecolor.vert" fragmentShader="king-fonts/shaders/alphatexturecolor.frag">		<!-- Unicode font -->
		<Attribute name="a_position" input="Positions"><DefaultValue size="3" x="1" y="1" z="1"/></Attribute>
		<Attribute name="a_texCoord" input="UVs"><DefaultValue size="2" x="1" y="1"/></Attribute>
		<Attribute name="a_color" input="Colors"><DefaultValue size="4" x="1" y="1" z="1" w="1"/></Attribute>
	</Shader>
</Shaders>

