<Languages>
	<Language languageCode="en"		    localizationFileEnding="" />
    <Language languageCode="zh_CN"		localizationFileEnding="_zh_CN" />
    <Language languageCode="zh-Hans"    localizationFileEnding="_zh_CN" />
	<Language languageCode="zh-Hant"    localizationFileEnding="_zh_HANT" />
    <Language languageCode="zh"		    localizationFileEnding="_zh_CN" />
	<Language languageCode="ko"		    localizationFileEnding="_ko" />
	
	<Language languageCode="sv"			localizationFileEnding="_sv" />
	<Language languageCode="nl"			localizationFileEnding="_nl" />
	<Language languageCode="da"			localizationFileEnding="_da" />
	<Language languageCode="de"			localizationFileEnding="_de" />
	<Language languageCode="es"			localizationFileEnding="_es" />
	<Language languageCode="fi"			localizationFileEnding="_fi" />
	<Language languageCode="fr"			localizationFileEnding="_fr" />
	<Language languageCode="it"			localizationFileEnding="_it" />
	
	<!-- all three 'no', 'nb', 'nn' can stand for different kinds of norsk on different platforms -->
	<Language languageCode="no"			localizationFileEnding="_no" />
	<Language languageCode="nb"			localizationFileEnding="_no" />
	<Language languageCode="nn"			localizationFileEnding="_no" />

	<Language languageCode="pt-BR"		localizationFileEnding="_pt_BR" />
	<Language languageCode="pt"			localizationFileEnding="_pt_BR" />
	<Language languageCode="pt-PT"		localizationFileEnding="_pt_BR" />

	<Language languageCode="tr"			localizationFileEnding="_tr" />
	<Language languageCode="ja"			localizationFileEnding="_ja" />
	<Language languageCode="ru"			localizationFileEnding="_ru" />
</Languages>
