<!DOCTYPE TextStyles SYSTEM "../../../../../tools/dtd/textstyles.dtd">
<TextStyles>
    <TextStyle name="sl.skin.OrangeHeader" font="sl.skin.Title" alignment="center" verticalAlignment="center" maxWidth="570" overflowBehaviour="fit">
        <Size x="62" y="62" />
        <Color r="235" g="130" b="0" />
    </TextStyle>
    <TextStyle name="sl.skin.Button" font="sl.skin.ButtonText" alignment="center" verticalAlignment="center" maxWidth="450" overflowBehaviour="fit">
        <Color r="255" g="255" b="255" />
        <Size x="44" y="44"/>
    </TextStyle>
    <TextStyle name="sl.skin.Main" font="sl.Text" alignment="center" verticalAlignment="center" maxWidth="570" overflowBehaviour="fit">
        <Size x="36" y="36" />
        <Color r="73" g="73" b="73" />
    </TextStyle>
    <TextStyle name="sl.skin.GreenText" font="sl.Close" alignment="center" verticalAlignment="center" maxWidth="570" overflowBehaviour="fit">
        <Size x="44" y="44" />
        <Color r="7" g="182" b="125" />
    </TextStyle>
</TextStyles>

