<Languages>
	<Language languageCode="en"		    localizationFileEnding="" />
	
	<Language languageCode="sv"			localizationFileEnding="_sv" />
	<Language languageCode="es"			localizationFileEnding="_es" />
	<Language languageCode="nl"			localizationFileEnding="_nl" />
	<Language languageCode="fr"			localizationFileEnding="_fr" />
	<Language languageCode="da"			localizationFileEnding="_da" />
	<Language languageCode="de"			localizationFileEnding="_de" />
	<Language languageCode="fi"			localizationFileEnding="_fi" />
	<Language languageCode="it"			localizationFileEnding="_it" />
	<Language languageCode="tr"			localizationFileEnding="_tr" />
    <Language languageCode="ru"		    localizationFileEnding="_ru" />

	<Language languageCode="ja"			localizationFileEnding="_ja" />

    <Language languageCode="ko"		    localizationFileEnding="_ko" />

	<Language languageCode="no"			localizationFileEnding="_no" />
	<Language languageCode="nb"			localizationFileEnding="_no" />
	<Language languageCode="nn"			localizationFileEnding="_no" />

	<Language languageCode="pt-BR"		localizationFileEnding="_pt_BR" />
	<Language languageCode="pt"			localizationFileEnding="_pt_BR" />
	<Language languageCode="pt-PT"		localizationFileEnding="_pt_BR" />

    <Language languageCode="zh-Hans"    localizationFileEnding="_zh_CN" />
    <Language languageCode="zh-CN"		localizationFileEnding="_zh_CN" />
    <Language languageCode="zh_CN"		localizationFileEnding="_zh_CN" />

    <Language languageCode="zh-Hant"    localizationFileEnding="_zh" />
    <Language languageCode="zh_TW"		localizationFileEnding="_zh" />
    <Language languageCode="zh_HK"		localizationFileEnding="_zh" />
    <Language languageCode="zh_MO"		localizationFileEnding="_zh" />
    <Language languageCode="zh-MO"		localizationFileEnding="_zh" />
    <Language languageCode="zh-TW"		localizationFileEnding="_zh" />
    <Language languageCode="zh-HK"		localizationFileEnding="_zh" />
    <Language languageCode="zh"    		localizationFileEnding="_zh" />
</Languages>
