<!DOCTYPE TextStyles SYSTEM "../../../../../tools/dtd/textstyles.dtd">
<TextStyles>
    <TextStyle name="sl.DebugHeader" font="sl.Text" alignment="left" verticalAlignment="top" overflowBehaviour="fit">
        <Size x="25" y="25" />
        <Color r="235" g="130" b="0" />
    </TextStyle>
    <TextStyle name="sl.DebugRow" font="sl.MultiText" alignment="left" verticalAlignment="top" overflowBehaviour="cut">
        <Size x="35" y="35" />
        <Color r="73" g="73" b="73" />
    </TextStyle>
    <TextStyle name="sl.DebugInfoPopup" font="sl.MultiText" alignment="left" maxWidth="410" maxHeight="30" overflowBehaviour="fit">
        <Size x="32" y="32" />
        <Color r="73" g="73" b="73" />
    </TextStyle>
    <TextStyle name="sl.GreenText" font="sl.Close" alignment="center" verticalAlignment="center" maxWidth="570" overflowBehaviour="fit">
        <Size x="44" y="44" />
        <Color r="7" g="182" b="125" />
    </TextStyle>
    <TextStyle name="sl.StatusText" font="sl.Text" alignment="left" verticalAlignment="top" maxWidth="400" overflowBehaviour="cut">
        <Size x="25" y="25" />
        <Color r="73" g="73" b="73" />
    </TextStyle>
    <TextStyle name="sl.MultilinkButton" font="sl.MultilinkButtonText" alignment="center" verticalAlignment="center" maxWidth="180" maxHeight="30" overflowBehaviour="fit">
        <Color r="255" g="255" b="255" />
        <Size x="44" y="44"/>
    </TextStyle>
    <TextStyle name="sl.Multilink5Button" font="sl.MultilinkButtonText" alignment="center" verticalAlignment="center" maxWidth="180" maxHeight="35" overflowBehaviour="fit">
        <Color r="255" g="255" b="255" />
        <Size x="44" y="44"/>
    </TextStyle>
    <TextStyle name="sl.Multilink5ButtonBig" font="sl.MultilinkButtonText" alignment="center" verticalAlignment="center" maxWidth="180" maxHeight="40" overflowBehaviour="fit">
        <Color r="255" g="255" b="255" />
        <Size x="44" y="44"/>
    </TextStyle>    
    <TextStyle name="sl.OrangeHeader" font="sl.Title" alignment="center" verticalAlignment="center" maxWidth="570" overflowBehaviour="fit">
        <Size x="62" y="62" />
        <Color r="235" g="130" b="0" />
    </TextStyle>
    <TextStyle name="sl.MicroSurvey" font="sl.Text" alignment="left" maxWidth="450" maxHeight="56" verticalAlignment="center" overflowBehaviour="fit">
        <Size x="28" y="28" />
        <Color r="0" g="0" b="0" />
    </TextStyle>
    <TextStyle name="sl.Button" font="sl.ButtonText" alignment="center" verticalAlignment="center" maxWidth="450" overflowBehaviour="fit">
        <Color r="255" g="255" b="255" />
        <Size x="44" y="44"/>
    </TextStyle>

 	<TextStyle name="sl.RowHeader" font="sl.Text" alignment="left" maxWidth="135" maxHeight="30" overflowBehaviour="fit" >
        <Size x="32" y="32" />
         <Color r="255" g="108" b="0" />
	</TextStyle>
	<TextStyle name="sl.RowValue" font="sl.Text" alignment="left" maxWidth="410" maxHeight="30" overflowBehaviour="fit">
		<Color r="0" g="0" b="0" a="255"/>
		<Size x="32" y="32"/>
	</TextStyle>
	<TextStyle name="sl.BadgeLabel" font="sl.Icon" alignment="center" verticalAlignment="center" maxWidth="128" maxHeight="64" overflowBehaviour="fit">
		<Color r="171" g="30" b="28" a="255"/>
		<Size x="18" y="18"/>
		</TextStyle>
	<TextStyle name="sl.CountdownLabel" font="sl.Icon" alignment="center" verticalAlignment="center" maxWidth="256" maxHeight="64" overflowBehaviour="fit">
			<Color r="171" g="30" b="28" a="255"/>
			<Size x="15" y="15"/>
	</TextStyle>
</TextStyles>

