<!DOCTYPE ParticleEffect SYSTEM '../../../dtd/particle_effect.dtd'>
<ParticleEffect maxParticles="12" space="Local" timeToEmit="0.100" name="ColoringCandyYellowImpactSplatterPFX">
    <Dampening max="0.400" min="0.700"/>
    <DirectionalForce x="0" y="0"/>
    <Emitter emissionRate="0" spread="360" angle="0">
        <SpawnArea width="20" depth="0" height="20"/>
    </Emitter>
    <EndColor b="255" r="255" g="255" a="0"/>
    <Rotation max="0" min="0"/>
    <RotationSpeed max="0" min="0"/>
    <Size>
        <Max x="40" y="15"/>
        <Min x="15" y="15"/>
    </Size>
    <SizeChange>
        <Max x="-100" y="-100"/>
        <Min x="0" y="0"/>
    </SizeChange>
    <StartColor b="255" r="255" g="255" a="255"/>
    <Texture numFramesY="1" blend="Multiply" numFramesX="1" filename="shared/bootstrap/particles/tex/coloring_candy_impact_splatter_yellow.png"/>
    <TextureFrame numTextureAnimationFrames="1" textureAnimationSpeed="50" startFrame="0"/>
    <TimeToLive max="0.500" min="0.400"/>
    <Velocity max="1200" min="800"/>
</ParticleEffect>

