<!DOCTYPE ParticleEffect SYSTEM '../../../dtd/particle_effect.dtd'>
<ParticleEffect maxParticles="32" space="Local" timeToEmit="0.700" name="ColoringRainbowTrail">
    <Dampening max="0.500" min="0.500"/>
    <DirectionalForce x="0" y="0"/>
    <Emitter emissionRate="0.025" spread="0" angle="0">
        <SpawnArea width="0" depth="0" height="0"/>
    </Emitter>
    <EndColor b="255" r="255" g="255" a="0"/>
    <Rotation max="0" min="0"/>
    <RotationSpeed max="0" min="0"/>
    <Size>
        <Max x="180" y="180"/>
        <Min x="180" y="160"/>
    </Size>
    <SizeChange>
        <Max x="800" y="-155.680"/>
        <Min x="800" y="-155.680"/>
    </SizeChange>
    <StartColor b="255" r="255" g="255" a="180"/>
    <Texture numFramesY="1" blend="Add" numFramesX="1" filename="shared/bootstrap/particles/tex/rainbow_trail.png"/>
    <TextureFrame numTextureAnimationFrames="1" textureAnimationSpeed="60" startFrame="0"/>
    <TimeToLive max="0.400" min="0.300"/>
    <Velocity max="0" min="0"/>
</ParticleEffect>

