<ParticleEffect timeToEmit="60" name="Eve_SparksLvL1000_particle" space="Local" maxParticles="10">
<Dampening max="0.900" min="0.900" />
<DirectionalForce x="0" />
<Emitter emissionRate="0.010" angle="0" spread="360">
	<SpawnArea depth="0" width="0" height="0" />
	<EmissionRadius min="50" max="50" />
</Emitter>
<EndColor r="255" g="255" b="255" a="255" />
<Size>
	<Max x="0" y="0" />
	<Min x="40" y="40" />
</Size>
<SizeChange>
	<Max x="0" y="22" />
	<Min x="0" y="46" />
</SizeChange>
<StartColor b="255" r="255" g="255" a="255" />
<Texture numFramesY="1" numFramesX="1" filename="shared/bootstrap/particles/tex/nice_spark.png" />
<TextureFrame numTextureAnimationFrames="1" textureAnimationSpeed="50" startFrame="0" />
<TimeToLive max="0.400" min="2" />
<Velocity min="0" max="0" />
<Rotation min="0" max="0" />
<RotationSpeed min="0" max="0" />
</ParticleEffect>

