<!DOCTYPE ParticleEffect SYSTEM '../../../dtd/particle_effect.dtd'>
<ParticleEffect maxParticles="64" space="Local" timeToEmit="0.010" name="ColoringShockwave">
    <Dampening max="1.110" min="1.110"/>
    <DirectionalForce x="0" y="0"/>
    <Emitter emissionRate="0" spread="360" angle="0">
        <SpawnArea width="0" depth="0" height="0"/>
    </Emitter>
    <EndColor b="255" r="255" g="255" a="255"/>
    <Rotation max="0" min="0"/>
    <RotationSpeed max="0" min="0"/>
    <Size>
        <Max x="100" y="40"/>
        <Min x="100" y="40"/>
    </Size>
    <SizeChange>
        <Max x="20" y="200"/>
        <Min x="20" y="200"/>
    </SizeChange>
    <StartColor b="255" r="255" g="255" a="255"/>
    <Texture numFramesY="1" blend="Add" numFramesX="1" filename="shared/bootstrap/particles/tex/blue_shockwave.png"/>
    <TextureFrame numTextureAnimationFrames="1" textureAnimationSpeed="60" startFrame="0"/>
    <TimeToLive max="3" min="3"/>
    <Velocity max="200" min="200"/>
</ParticleEffect>

